other-search	Russia	other	75
other-internal	Article_0460	external	297
Article_0212	Article_0084	link	307
Article_2291	Article_0066	link	202
Article_2622	China	link	102
other-internal	Article_0122	external	382
Article_1236	Article_2707	link	134
other-internal	Article_1155	external	361
other-internal	Article_0421	external	151
Article_3257	Article_0024	link	229
Article_3247	Article_0176	link	440
other-internal	Article_0117	external	398
other-internal	Article_0079	external	330
other-search	Article_0018	other	19
other-internal	Article_0061	external	235
Article_0027	Article_0337	link	409
Article_2253	Article_0272	link	361
Article_0899	Article_0375	link	106
other-internal	Article_1855	external	366
other-internal	United_States	external	256
Article_0684	Article_0083	link	466
Article_3067	Canada	link	217
Article_3638	Article_0063	link	361
other-internal	Article_1456	external	208
other-internal	Article_0095	external	252
Article_0060	Article_2460	link	91
Article_0058	Article_0022	link	429
other-internal	Article_1189	external	257
other-internal	Article_0023	external	191
Article_0226	Article_3082	link	483
other-internal	Article_0473	external	160
Article_3171	France	link	477
Article_2822	YouTube	link	205
Article_2443	India	link	42
other-internal	China	external	362
other-search	Article_3175	other	289
other-internal	Article_3872	external	211
Article_0349	Article_1810	link	150
other-internal	India	external	145
other-internal	Canada	external	384
Article_1416	Article_0095	link	455
other-internal	Article_0026	external	22
Article_3675	Article_2583	link	260
Article_2031	China	link	123
Article_3672	United_States	link	378
Article_0487	Article_0011	link	365
Article_0744	Article_2437	link	295
Article_1409	Article_0022	link	54
Article_3144	Article_0252	link	68
Article_2134	Article_0038	link	253
other-internal	Article_0313	external	372
Article_1104	Article_1524	link	203
Article_0014	United_States	link	167
other-internal	YouTube	external	210
Article_3972	Article_2492	link	187
other-internal	Article_0058	external	36
Article_3461	Article_0556	link	444
other-internal	Article_0192	external	148
Article_0934	Article_1447	link	84
other-internal	Article_3866	external	377
other-internal	Article_0925	external	320
Article_2831	Article_0625	link	42
Article_1098	Article_3224	link	450
other-internal	United_States	external	153
Article_3551	Article_0503	link	205
other-internal	YouTube	external	283
other-internal	Article_0181	external	312
Article_1903	Article_0039	link	88
other-internal	Article_0030	external	93
Article_1199	Article_1327	link	97
other-internal	Article_0012	external	346
Article_3409	Article_0013	link	452
Article_2519	Article_2901	link	470
Article_2717	Article_1855	link	440
other-internal	Article_0070	external	130
other-internal	YouTube	external	213
other-internal	United_States	external	69
Article_0616	Article_0508	link	170
Article_1043	Article_0091	link	102
Article_3527	India	link	343
Article_2612	China	link	162
Article_0459	Article_1376	link	378
Article_2430	Article_0054	link	117
Article_0603	Article_1410	link	275
Article_3933	Article_0028	link	194
Article_0383	Canada	link	363
Article_0591	India	link	253
other-internal	Article_1179	external	130
Article_2531	Article_1529	link	460
Article_3843	Article_0048	link	43
Article_2693	Article_0928	link	440
Article_3713	Article_0074	link	423
other-internal	Article_0010	external	252
other-internal	Article_0030	external	365
Article_0872	Article_0541	link	374
other-search	Article_1181	other	85
Article_0922	Article_0170	link	111
Article_3084	Article_3943	link	88
Article_2563	United_States	link	193
other-internal	Article_0567	external	345
other-internal	Article_3454	external	391
Article_2492	Article_0119	link	246
Article_0213	France	link	316
Article_3318	World_War_II	link	491
Article_0102	Article_0023	link	484
Article_2153	Article_0616	link	135
Article_3641	Article_1356	link	420
Article_3052	Article_2704	link	38
Article_3739	India	link	223
Article_2304	Article_3166	link	435
Article_2165	Article_3422	link	103
Article_2360	Article_1102	link	90
Article_3430	India	link	367
Article_3840	Article_3379	link	190
other-internal	Article_0192	external	259
Article_2152	Russia	link	371
Article_0135	Russia	link	449
other-internal	Article_1100	external	236
Article_0241	Article_2192	link	36
Article_1100	Article_0757	link	498
Article_1347	Article_0088	link	153
Article_0940	Germany	link	307
Article_3083	World_War_II	link	184
other-internal	YouTube	external	264
Article_2382	YouTube	link	283
Article_2580	Article_0120	link	92
Article_1712	Article_0553	link	228
other-internal	Article_0267	external	260
other-internal	Article_0354	external	252
other-internal	India	external	299
other-search	Article_0015	other	169
Article_3291	Article_0167	link	273
other-internal	Article_0539	external	283
other-internal	World_War_II	external	57
Article_3334	United_States	link	442
other-internal	Article_0208	external	149
other-internal	United_States	external	113
Article_2854	Article_0015	link	323
Article_3775	United_Kingdom	link	132
other-internal	Article_0472	external	366
Article_3250	YouTube	link	273
other-internal	Article_2991	external	170
other-internal	World_War_II	external	230
other-internal	United_States	external	214
Russia	Article_0130	link	275
other-internal	Germany	external	103
Article_0439	Article_0636	link	32
Article_0206	Article_1124	link	221
Article_3402	United_States	link	408
Article_2936	Article_2448	link	17
Article_3778	YouTube	link	227
Article_1539	World_War_II	link	308
other-internal	Article_0502	external	172
Article_0246	Article_0715	link	55
Article_2626	China	link	25
other-internal	Article_0599	external	367
Article_0849	Article_1687	link	349
other-internal	Article_0299	external	281
Article_3809	Article_3729	link	49
other-internal	Article_1467	external	28
Article_0546	Article_0017	link	260
other-internal	India	external	208
China	Article_0340	link	15
Article_2182	Article_0132	link	331
Article_3185	Article_0419	link	407
Article_3872	Article_2602	link	472
other-internal	Article_0033	external	201
Article_3204	China	link	125
other-search	United_States	other	10
Article_3796	United_States	link	330
Article_1692	Article_0010	link	226
Article_0225	Article_0915	link	79
Article_3380	Article_0441	link	264
Article_2335	Article_0430	link	361
Article_0762	Article_0017	link	60
other-internal	Article_1240	external	358
other-internal	India	external	247
Article_2438	Article_0202	link	273
Article_3752	Article_0010	link	202
other-internal	YouTube	external	102
Article_1559	Article_0095	link	485
Article_2655	Article_2616	link	21
other-internal	Article_1328	external	97
Article_2414	Article_0545	link	219
Article_3698	Article_0047	link	44
Article_3972	Article_0037	link	214
other-internal	Article_0052	external	40
other-internal	Article_0131	external	395
other-search	Article_0163	other	184
Article_2958	Germany	link	368
Article_0349	Article_1601	link	127
Article_1972	United_States	link	108
other-internal	Article_2883	external	174
Article_0067	Article_0053	link	374
Article_0589	Russia	link	15
Article_0783	Article_0033	link	491
Article_3967	Article_0415	link	320
Article_2635	Article_0199	link	193
Article_2598	Article_3178	link	431
Article_0158	Article_0277	link	289
Article_3626	Article_0468	link	80
Article_3566	Germany	link	389
Article_1559	Article_2143	link	469
other-internal	Article_0235	external	327
Article_3107	Article_0450	link	223
Article_1258	Article_1574	link	40
other-search	Article_1445	other	200
Article_2866	Article_0845	link	296
Article_1017	Article_0798	link	261
Article_3210	United_States	link	142
other-internal	World_War_II	external	90
Article_2964	Article_2229	link	37
other-internal	India	external	188
Article_1153	Article_2901	link	335
other-search	Article_0167	other	336
Article_2297	Article_1297	link	446
other-internal	Article_0066	external	113
Article_2323	United_States	link	88
Article_1882	Article_0649	link	307
other-internal	Article_0148	external	387
other-internal	Article_0070	external	133
Article_0560	Article_2293	link	105
other-internal	Article_0937	external	344
Article_2813	Article_1514	link	39
other-internal	Article_0071	external	71
Article_2823	Article_0301	link	258
other-internal	Article_3193	external	337
Article_3425	Article_0559	link	27
Article_2481	United_States	link	326
Article_2681	United_States	link	102
Article_0139	United_States	link	386
other-internal	United_States	external	150
Article_0060	Article_0137	link	197
other-internal	United_States	external	134
other-internal	Article_0014	external	122
other-internal	Article_0440	external	281
other-internal	Article_1482	external	298
Article_2229	Article_0308	link	176
Article_3442	India	link	281
Article_2697	Article_0065	link	385
other-internal	Article_2187	external	26
Article_3545	Article_1519	link	312
Article_1068	Article_0076	link	289
other-internal	Article_0039	external	237
Article_1621	Article_0119	link	300
Article_3882	Article_3185	link	18
other-internal	Article_0782	external	103
Article_0257	Article_1119	link	74
Article_3860	Article_2232	link	88
Article_0762	Article_0372	link	96
Article_3651	Article_0010	link	16
Article_2299	Article_0088	link	185
Article_3913	YouTube	link	194
Article_1180	United_States	link	469
Article_0209	Article_0073	link	495
Article_2571	World_War_II	link	403
other-internal	India	external	215
Article_1084	Article_0846	link	26
Article_2612	Article_0025	link	150
other-internal	Article_2406	external	167
Article_1721	Article_1602	link	205
Article_3390	Article_0013	link	230
other-internal	Article_1630	external	52
Article_0515	World_War_II	link	227
other-internal	United_States	external	226
other-internal	France	external	260
Article_1383	Article_0602	link	322
Article_3612	Article_0094	link	161
Article_1304	Article_0010	link	259
Article_0887	Article_2352	link	330
other-internal	United_States	external	192
Article_0919	Article_0908	link	111
Article_2634	Article_0014	link	144
other-internal	Article_0040	external	66
other-internal	Article_0012	external	163
other-internal	Article_0245	external	64
other-internal	Article_1496	external	228
Article_2028	Article_0018	link	57
other-search	Article_1431	other	341
other-internal	France	external	51
Article_1045	Article_1240	link	293
other-internal	United_Kingdom	external	135
other-internal	Article_0446	external	171
Article_0444	Article_0592	link	123
other-internal	Article_3665	external	379
Article_0480	Article_0482	link	446
other-internal	World_War_II	external	322
other-internal	Article_0053	external	306
Article_3273	Article_0608	link	472
Article_0223	Canada	link	327
Article_0613	China	link	130
Article_3666	Article_1880	link	252
other-internal	India	external	385
Article_3643	Article_0018	link	344
Article_3291	Article_3107	link	146
other-internal	United_States	external	133
Article_2972	Article_1117	link	243
other-internal	Article_1140	external	127
Article_0918	United_States	link	56
other-internal	Article_0016	external	143
Article_0718	Canada	link	90
Article_1153	Article_1047	link	286
Article_2649	Article_1220	link	323
other-internal	Article_0965	external	200
Article_1933	Article_1481	link	65
Article_2458	Article_0670	link	344
Article_2498	Article_1768	link	82
Article_2619	United_States	link	307
Article_0069	Article_1696	link	195
other-internal	Article_0052	external	360
Article_3443	Article_0830	link	167
other-internal	Article_1397	external	243
Article_1144	Article_0160	link	344
Article_2509	Article_0134	link	498
Article_1539	Article_0351	link	333
other-internal	World_War_II	external	383
Article_3815	Germany	link	425
Article_0462	India	link	268
Article_2095	Article_0399	link	228
Article_0289	Article_0075	link	303
other-internal	Article_0182	external	356
Article_3192	Russia	link	388
Article_1371	World_War_II	link	254
other-internal	Article_1832	external	155
other-internal	Article_0045	external	243
other-internal	Article_0021	external	135
other-internal	Russia	external	308
Article_1940	Article_0705	link	367
Article_1608	Article_0024	link	419
Article_3216	France	link	272
Article_1486	Article_0090	link	170
Article_0092	Article_1623	link	47
other-internal	China	external	37
Article_1892	Article_0207	link	396
Article_2891	Article_2295	link	327
other-internal	Article_0970	external	278
Article_1994	United_States	link	338
Article_1323	Article_0975	link	262
other-search	India	other	367
other-search	Article_1013	other	13
Article_2791	Article_0586	link	150
other-internal	Article_1936	external	130
Article_2619	Article_3622	link	154
other-internal	Article_0057	external	65
Article_0245	Article_0396	link	106
Article_1922	Article_0405	link	290
other-internal	United_States	external	119
Article_1899	United_Kingdom	link	68
other-internal	Article_0037	external	140
Article_0033	Article_0221	link	138
other-internal	Article_0227	external	158
other-internal	United_States	external	44
Article_0212	Article_0481	link	400
Article_1077	Germany	link	43
Article_3627	China	link	282
other-internal	Article_0040	external	290
other-internal	Article_0022	external	223
Article_3722	Article_0109	link	33
other-internal	Article_0018	external	73
Article_1817	India	link	394
Article_2019	Article_2503	link	289
Article_2849	India	link	419
Article_2129	Canada	link	97
other-internal	Article_0039	external	264
other-internal	Article_1250	external	381
Article_2694	Article_0995	link	278
Article_0882	Article_1711	link	173
other-search	Article_1466	other	82
Article_2509	Article_0039	link	96
Article_0876	Article_0093	link	256
other-internal	Article_0022	external	298
Article_3314	Article_0039	link	22
Article_0077	Article_0149	link	123
Article_3344	Article_2901	link	272
Article_3690	Article_0114	link	129
Article_0991	Article_0633	link	136
other-internal	Canada	external	114
Article_2308	Article_0333	link	270
Article_1890	Article_0120	link	187
Article_3960	Article_0294	link	403
Article_1647	Article_0019	link	434
Article_0237	Article_0088	link	40
Article_1598	Article_1356	link	430
Article_1332	Article_0352	link	351
Article_3149	Article_0041	link	79
Article_1085	Article_0107	link	49
other-internal	Article_0035	external	59
other-internal	United_Kingdom	external	315
Article_3326	Article_0714	link	387
Article_1139	Article_0157	link	127
Article_2302	Article_0224	link	127
Article_2245	India	link	303
Article_0294	China	link	75
other-internal	India	external	347
other-internal	Article_0017	external	171
other-internal	Article_0045	external	348
Article_3600	China	link	259
Article_1965	Article_3930	link	97
Article_0105	Article_0039	link	346
Article_0199	Article_0786	link	74
Article_3899	Article_0128	link	411
Article_0685	Article_2898	link	204
other-internal	Article_0432	external	104
other-search	World_War_II	other	21
other-search	World_War_II	other	164
other-search	Article_0045	other	90
Article_0423	United_States	link	206
other-internal	Article_2057	external	230
Article_1444	India	link	85
other-internal	Article_0013	external	174
Article_0687	Article_1508	link	484
Article_1813	Article_2367	link	344
other-internal	United_States	external	287
Article_3486	Article_2111	link	427
Article_2435	Article_0711	link	115
Article_1378	Article_0028	link	94
Article_3031	Article_0441	link	35
other-internal	Article_2740	external	336
other-internal	Article_0112	external	328
other-internal	Article_0605	external	249
other-internal	Article_0958	external	230
other-internal	Article_0096	external	279
other-search	Article_0024	other	180
Article_3361	Article_0854	link	332
Article_2576	Article_0812	link	303
Article_2002	United_States	link	459
Article_2029	Article_0536	link	199
other-internal	Article_1750	external	84
other-internal	Article_0385	external	297
other-search	Article_0355	other	327
Article_2752	World_War_II	link	429
other-internal	United_States	external	372
Article_3112	Article_1003	link	408
Article_1815	Article_0033	link	15
Article_0220	Article_0647	link	125
Article_2034	Article_0152	link	470
other-internal	Article_0045	external	231
Article_3804	Article_1433	link	321
Article_2427	Article_3383	link	369
Article_2426	Article_0288	link	141
Article_1304	Article_0093	link	410
Article_3081	Article_2344	link	237
Article_3261	Article_1893	link	91
other-search	Article_1144	other	153
Article_2689	Article_0061	link	171
Article_1819	Article_0016	link	119
Article_3231	France	link	497
Article_1780	Article_0055	link	105
Article_0416	Article_1953	link	333
other-search	India	other	257
Article_2747	Article_0167	link	12
other-search	Article_1851	other	74
other-search	United_States	other	354
other-internal	Article_1396	external	33
Article_2023	Article_2640	link	324
Article_2076	Article_0014	link	218
Article_0505	India	link	376
Article_0680	YouTube	link	313
other-internal	India	external	237
Article_3980	Article_0045	link	483
Article_0018	United_States	link	52
other-search	United_Kingdom	other	13
Article_1013	Article_1275	link	263
Article_2365	Article_0771	link	289
other-internal	Article_1591	external	34
other-internal	China	external	246
Article_1842	Article_0286	link	98
Article_2565	Article_0400	link	94
other-search	India	other	141
Article_1650	Article_0905	link	186
other-search	United_States	other	156
Article_0917	Article_1007	link	440
other-internal	Article_0029	external	232
Article_0400	Article_0284	link	360
other-internal	Article_2673	external	77
Article_1980	India	link	332
Article_1040	Article_0935	link	175
Article_1665	Article_1106	link	46
other-internal	YouTube	external	240
Article_0276	Article_0143	link	141
Article_0721	United_States	link	191
other-internal	Article_1572	external	239
Article_3333	Article_0080	link	301
other-internal	Article_0012	external	151
other-internal	Article_1097	external	98
Article_2786	United_States	link	343
other-internal	Article_1287	external	288
Article_3750	Article_1150	link	222
other-internal	Article_0851	external	379
other-internal	Article_1136	external	119
other-internal	Article_0314	external	311
other-internal	Article_1402	external	285
Article_3513	Article_2081	link	390
Article_2570	Article_0247	link	410
Article_1968	Article_1384	link	242
Article_1675	United_States	link	431
other-internal	China	external	244
Article_1777	Article_0223	link	464
Article_2491	Article_2894	link	210
other-internal	YouTube	external	20
Article_0044	United_Kingdom	link	113
Article_2724	Article_0072	link	241
other-internal	United_States	external	363
other-internal	Article_3378	external	91
other-internal	Article_0856	external	396
Article_0995	Article_0054	link	241
Article_2492	YouTube	link	173
Article_3331	Article_0120	link	481
Article_1417	Article_0433	link	443
other-internal	Article_1033	external	181
Article_0193	Article_0157	link	165
other-internal	India	external	197
other-search	Article_0054	other	385
Article_0246	Russia	link	113
Article_3488	Article_0040	link	433
Article_3601	YouTube	link	170
other-internal	Article_0286	external	393
other-internal	Article_0016	external	120
Article_1899	Germany	link	231
other-internal	Article_0891	external	245
Article_1011	Article_0364	link	333
Article_0936	Article_0237	link	431
other-internal	Article_0583	external	94
Article_0188	Article_0075	link	133
other-internal	Article_0019	external	291
Article_0395	Article_0766	link	373
other-internal	United_States	external	165
other-internal	Article_0012	external	123
Article_1425	France	link	351
Article_2852	Article_1060	link	355
Article_1654	Article_1455	link	296
Article_3810	Article_0538	link	175
Article_0194	Article_0288	link	117
Article_1161	Article_1504	link	147
Article_3054	India	link	443
Article_0128	Russia	link	25
other-internal	Article_0157	external	270
Article_3183	Article_0023	link	184
Article_1469	Article_2140	link	285
other-internal	World_War_II	external	339
Article_0260	Article_3389	link	13
other-search	Article_3527	other	195
other-internal	YouTube	external	205
Article_0496	France	link	329
Article_1547	Article_0389	link	177
other-internal	Article_0349	external	95
other-internal	Article_0934	external	106
other-internal	Article_0216	external	397
Article_2949	Article_0361	link	83
Article_1768	Article_0194	link	427
Article_1375	Article_2108	link	252
other-internal	United_States	external	32
Article_3170	World_War_II	link	263
other-internal	Article_2026	external	223
other-internal	India	external	13
Article_0525	Article_0013	link	123
other-search	United_Kingdom	other	312
Article_0759	Article_0040	link	189
Article_1605	Article_0389	link	386
Article_2006	Article_0220	link	375
Article_2271	Article_0687	link	111
Article_2393	Article_0104	link	319
other-search	Article_0022	other	399
other-internal	Article_0010	external	291
Article_1590	Article_0012	link	364
Article_3535	Article_0061	link	59
Article_0338	United_States	link	213
other-internal	Article_1234	external	215
Article_2853	Article_1098	link	425
Article_0320	India	link	305
Article_3489	Russia	link	213
Article_1392	Article_0907	link	159
Article_0206	Article_0032	link	85
Article_3095	Article_0433	link	475
Article_1371	Article_3343	link	94
Article_2634	Article_3030	link	127
other-internal	China	external	22
Article_3183	Article_0912	link	322
other-internal	Article_2305	external	309
other-internal	United_States	external	380
Article_2923	China	link	453
other-internal	United_Kingdom	external	65
Article_0699	Article_0071	link	247
other-internal	Article_0038	external	184
Article_1970	Article_3500	link	355
Article_3017	Article_0132	link	91
Article_0153	Article_0172	link	239
other-search	Article_1272	other	372
Article_0333	Article_0042	link	155
other-search	Article_0012	other	94
Article_1022	World_War_II	link	48
Article_2385	Article_0366	link	428
Article_1382	Article_0903	link	194
Article_1268	India	link	198
Article_1561	United_States	link	380
other-internal	Article_2029	external	169
Article_1339	Article_1167	link	364
other-search	Article_0268	other	192
Article_0785	France	link	313
Article_1247	Article_0405	link	407
Article_2435	India	link	233
Article_0588	France	link	247
other-internal	Article_0016	external	329
Article_1725	United_States	link	469
other-internal	Article_0309	external	159
Article_1531	Article_1466	link	255
Article_3185	Article_2277	link	186
Article_3975	Article_0455	link	267
Article_1610	United_States	link	202
Article_2917	Article_1488	link	210
other-internal	Article_3407	external	110
Article_1656	Article_0020	link	485
other-internal	Article_0014	external	70
Article_1424	Article_0267	link	198
other-internal	Article_0548	external	57
Article_3345	Article_0042	link	35
Article_2264	United_States	link	210
other-search	Article_1799	other	268
Article_3796	Article_0596	link	323
Article_0697	Article_0020	link	318
other-search	India	other	340
other-internal	Article_2158	external	351
Article_3851	Article_0063	link	375
Article_3510	Article_0611	link	409
Article_3327	United_States	link	291
other-internal	Article_0088	external	298
other-search	China	other	278
other-internal	India	external	37
Article_1809	China	link	130
other-internal	YouTube	external	136
other-internal	Article_1757	external	353
Article_1671	India	link	244
Article_3932	Article_0712	link	216
Article_2784	United_States	link	398
Article_2334	Article_0032	link	417
other-internal	Article_0020	external	269
Article_2882	World_War_II	link	283
Article_2748	World_War_II	link	205
Article_2300	Article_0012	link	95
Article_2866	Article_1161	link	281
Article_0769	Article_0802	link	42
other-search	Article_0024	other	191
other-internal	World_War_II	external	24
Article_1211	Article_0115	link	235
Article_1195	Article_0449	link	125
Article_3996	World_War_II	link	455
other-internal	Article_0030	external	138
Article_2023	United_States	link	303
other-internal	Article_1369	external	340
other-internal	Article_3637	external	273
Article_0163	Article_0256	link	38
other-internal	World_War_II	external	189
Article_3368	World_War_II	link	341
Article_2724	Article_0014	link	139
Article_2631	Article_1744	link	339
Article_0259	Article_0210	link	117
other-internal	Article_0376	external	177
Article_2230	Article_0128	link	354
Article_1050	Article_0522	link	313
Article_1892	Article_0600	link	126
other-internal	Article_0029	external	96
Article_3051	Article_0019	link	178
Article_3409	India	link	312
Article_0691	Article_2189	link	143
Article_1175	Article_0149	link	404
other-search	Article_0146	other	225
Article_3635	World_War_II	link	144
Article_3421	United_States	link	136
Article_3206	Article_0031	link	269
other-internal	India	external	142
Article_1620	United_Kingdom	link	203
other-internal	Article_0016	external	305
Article_2360	India	link	111
other-internal	Article_0275	external	247
Article_0487	Article_0045	link	412
other-internal	Article_0784	external	125
Article_2421	Article_0014	link	492
Article_1153	Article_0178	link	45
other-internal	Article_0172	external	387
other-internal	Article_0577	external	57
Article_3376	Article_0087	link	270
other-internal	Article_1084	external	269
Article_0081	Russia	link	472
other-internal	Article_0518	external	257
other-internal	Article_0021	external	351
Article_0796	Article_1416	link	21
Article_2284	Article_0044	link	98
Article_0641	Article_0502	link	131
other-internal	China	external	313
Article_3453	YouTube	link	92
Article_0195	Article_0318	link	62
other-search	Article_1249	other	342
other-internal	Article_0313	external	270
Article_1842	Article_0763	link	23
Article_1705	Article_0198	link	419
other-internal	YouTube	external	200
Article_1998	Article_0010	link	377
Article_3291	Article_0044	link	405
Article_1738	Article_0176	link	99
Article_0511	Article_2125	link	438
Article_0357	United_States	link	228
other-internal	Article_1383	external	358
Article_0323	Canada	link	351
other-internal	Article_0046	external	393
Article_0503	Article_0040	link	266
other-internal	Article_0023	external	278
Article_2616	Article_3560	link	255
Article_1679	Article_0162	link	301
Article_3097	Article_0178	link	333
Article_0136	Article_2777	link	147
other-internal	Article_0023	external	150
Article_3758	United_Kingdom	link	293
Article_3124	World_War_II	link	418
other-internal	Article_3269	external	55
other-internal	Article_0025	external	61
Article_2697	Article_1145	link	336
Article_1585	Article_0898	link	271
Article_0431	Article_0049	link	161
Article_2087	United_States	link	310
Article_3473	Article_0118	link	232
other-internal	World_War_II	external	93
other-internal	Article_0613	external	35
other-internal	United_States	external	95
other-internal	Article_1618	external	281
Article_3415	Article_0089	link	337
Article_3113	Article_0049	link	381
other-internal	Article_0027	external	141
Article_2984	Article_0333	link	425
Article_1748	Article_0481	link	307
other-internal	Article_0024	external	103
other-internal	Article_0094	external	56
Article_3080	United_States	link	19
other-internal	United_States	external	325
other-internal	Article_0130	external	291
Article_1752	Article_2225	link	454
Article_2999	Article_0046	link	105
Article_2404	China	link	313
Article_2834	Article_2657	link	498
United_States	Article_0970	link	74
Article_2529	France	link	10
other-internal	France	external	157
other-internal	Article_0019	external	256
Article_0112	Article_0015	link	380
Article_2217	Article_0706	link	371
Article_3659	Article_0012	link	439
Article_0401	Article_2348	link	44
other-search	United_Kingdom	other	314
other-internal	Article_0648	external	145
other-search	Article_0105	other	232
Article_2248	Article_3069	link	83
other-internal	Article_1616	external	309
other-internal	Article_3926	external	370
Article_3302	Article_1051	link	210
other-internal	Article_0709	external	344
Article_3837	Article_2616	link	175
Article_1012	Canada	link	224
other-internal	Article_0385	external	397
Article_0115	World_War_II	link	490
Article_1782	Article_0015	link	462
Article_1859	Article_0011	link	42
Article_1176	Article_0522	link	407
Article_3795	Article_0173	link	146
Article_3159	United_States	link	255
Article_3725	Germany	link	463
Article_3993	Article_1688	link	46
Article_2755	Article_0053	link	156
other-internal	Article_0037	external	11
Article_0640	YouTube	link	370
Article_2055	Article_1239	link	59
other-internal	Article_0102	external	255
other-internal	World_War_II	external	64
Article_0812	Article_0212	link	199
Article_2425	World_War_II	link	158
Article_1716	Article_0024	link	199
Article_2200	YouTube	link	172
Article_1913	Article_0462	link	455
Article_2334	Article_0045	link	182
Article_3788	Article_0895	link	281
other-internal	Article_0016	external	275
Article_0765	Article_0475	link	114
Article_0878	Article_0063	link	371
Article_0630	Article_0016	link	477
Article_1381	Article_0035	link	475
other-internal	United_States	external	66
Article_0503	Article_0140	link	136
Article_2613	Article_1899	link	416
Article_1983	Article_0034	link	393
other-internal	Germany	external	17
Article_2942	Article_0076	link	126
other-internal	Article_3966	external	267
other-internal	Article_3276	external	259
Article_2776	Article_0055	link	255
Article_2959	Article_0028	link	373
other-internal	Article_2325	external	398
other-internal	Article_3118	external	290
Article_1701	India	link	244
Article_0352	Article_0204	link	210
Article_0163	Article_3631	link	152
Article_3558	Article_0016	link	72
Article_3068	Article_0886	link	346
Article_2990	Article_2838	link	348
other-internal	Article_0059	external	75
Article_3539	Article_0053	link	24
other-internal	Article_0211	external	160
Article_1802	Article_1772	link	242
Article_1898	Article_0653	link	291
Article_1190	United_States	link	384
Article_2221	China	link	256
Article_3736	Article_0016	link	48
Article_3846	Article_3612	link	479
Article_1972	World_War_II	link	278
other-internal	YouTube	external	85
other-internal	India	external	284
Article_2672	Article_0018	link	303
Article_1426	Article_0142	link	40
Article_2434	World_War_II	link	271
Article_1981	Article_3689	link	297
Article_1968	United_States	link	498
Article_1853	Article_0116	link	115
Article_3627	Article_0861	link	354
Article_1092	Article_0491	link	305
Article_0090	Article_0061	link	214
Article_0377	Article_0186	link	195
Article_1897	World_War_II	link	448
Article_3536	World_War_II	link	10
Article_3340	Article_0815	link	390
Article_2333	Article_0375	link	95
other-internal	Article_0775	external	80
Article_3997	Article_3622	link	414
other-internal	Article_0596	external	64
other-internal	Article_1273	external	122
Article_1119	YouTube	link	452
Article_3840	Article_3716	link	302
Article_1461	Article_1206	link	361
Article_2268	YouTube	link	179
Article_2931	France	link	268
Article_3062	Russia	link	413
other-internal	Article_2525	external	240
Article_1333	YouTube	link	34
Article_3553	World_War_II	link	228
other-internal	Article_0011	external	126
Article_0822	Article_0028	link	281
other-internal	Article_2993	external	394
Article_1388	Article_0205	link	413
Article_1330	Article_0278	link	386
Article_0171	Article_0016	link	59
Article_3492	Article_0468	link	244
other-internal	China	external	382
Article_3263	Article_0041	link	186
other-internal	United_States	external	307
Article_3946	United_States	link	231
Article_2505	Article_0162	link	33
Article_2595	World_War_II	link	184
other-internal	World_War_II	external	271
Article_0787	Article_0699	link	56
Article_2016	Article_0221	link	243
Article_1050	Article_3043	link	336
Article_0425	Article_0011	link	284
Article_2885	Article_0081	link	135
Article_3824	Article_0948	link	89
other-internal	France	external	299
Article_1722	India	link	288
other-internal	Article_0636	external	242
other-internal	YouTube	external	246
other-internal	Article_0267	external	387
other-internal	Article_0093	external	56
other-internal	Article_1954	external	37
other-internal	Article_1229	external	152
other-internal	India	external	172
Article_2485	Article_0172	link	72
Article_0411	India	link	226
Article_3171	Article_0082	link	122
Article_1414	Russia	link	392
other-internal	Article_0350	external	243
Article_1923	Article_0153	link	97
Article_3109	Article_0015	link	257
other-internal	Russia	external	313
Article_1574	Article_0128	link	318
Article_3677	Canada	link	86
Article_0780	Article_1523	link	302
Article_1393	Article_0170	link	195
Article_1311	Article_0012	link	361
other-internal	United_States	external	81
Article_2416	Article_3373	link	205
Article_3999	Article_1155	link	374
Article_0997	Article_0073	link	334
Article_0385	Article_3190	link	389
Article_2592	Article_0430	link	449
Article_3386	Article_0182	link	92
Article_0345	Article_0601	link	44
Article_1995	Article_0159	link	399
Article_1114	Article_0091	link	446
Article_2334	Article_0448	link	244
Article_2379	Article_3730	link	418
other-internal	Article_0236	external	183
other-internal	Article_2990	external	150
Article_3672	Article_0830	link	389
Article_1393	Article_0070	link	160
other-internal	Article_0192	external	252
Article_3153	Article_2041	link	159
Article_2854	Article_2761	link	37
other-internal	China	external	191
Article_2795	Article_0024	link	327
Article_1270	Article_1684	link	128
other-internal	Article_0121	external	295
Article_0053	Article_0816	link	458
Article_3031	China	link	233
other-internal	Article_0049	external	363
other-internal	Article_0631	external	358
Article_0129	Article_3166	link	165
Article_3244	China	link	224
Article_1015	Article_0844	link	313
Article_0264	Article_0230	link	406
Article_3114	China	link	496
Article_1888	China	link	188
other-search	Article_0504	other	199
other-search	United_States	other	375
other-internal	Article_1038	external	316
Article_2902	Article_2056	link	351
Article_0615	Article_0053	link	450
Article_0342	Article_0045	link	110
Article_1143	Article_0127	link	355
Article_3911	United_Kingdom	link	143
Article_2675	Article_0023	link	398
other-internal	Article_0445	external	324
other-internal	France	external	118
Article_3869	Article_0462	link	494
other-internal	Article_1666	external	196
Article_1040	Article_0124	link	207
other-internal	Article_0080	external	20
Article_3596	Article_0479	link	113
other-internal	Article_0162	external	155
Article_3296	Article_0202	link	274
Article_2958	Article_2691	link	366
other-internal	Article_1603	external	72
Article_3169	India	link	399
Article_0310	Article_0090	link	83
other-internal	Article_2613	external	116
Article_1087	Article_0482	link	149
Article_1131	India	link	472
Article_3899	Article_3838	link	302
other-internal	United_States	external	61
other-internal	Article_0591	external	367
Article_0502	Article_0342	link	237
Article_0232	Article_0040	link	172
other-search	World_War_II	other	329
other-internal	Article_0285	external	343
Article_2533	Article_0269	link	106
Article_3604	Article_2990	link	395
other-internal	Article_1937	external	124
Article_0615	Article_0178	link	354
other-internal	India	external	354
Article_3562	Article_1218	link	177
Article_2941	Article_1240	link	289
other-internal	Article_0038	external	242
Article_1755	Canada	link	369
Article_1048	Article_0502	link	336
Article_3917	Article_0732	link	443
other-internal	Article_0148	external	242
other-search	Article_2316	other	169
other-internal	Article_3981	external	306
Article_1139	Article_2935	link	118
Article_2016	United_Kingdom	link	324
Article_2011	Article_0293	link	295
Article_2022	Article_0013	link	318
Article_2309	Article_0205	link	37
Article_0783	Article_0019	link	418
other-internal	Article_0328	external	19
other-internal	Article_3116	external	233
other-internal	India	external	163
other-internal	Article_0083	external	271
Article_2591	Article_0221	link	78
other-internal	United_States	external	12
Article_3084	Article_0067	link	29
Article_3052	Article_0212	link	33
Article_1848	Article_0061	link	254
Article_0784	Article_0617	link	464
Article_2803	Article_2516	link	474
other-internal	Article_0027	external	240
Article_0657	World_War_II	link	54
Article_1887	Article_0616	link	386
Article_3028	Article_0019	link	125
Article_1948	United_States	link	183
Article_3864	World_War_II	link	464
Article_3143	Article_0086	link	266
Article_1279	United_States	link	497
other-search	India	other	135
Article_0613	World_War_II	link	397
Article_2734	Article_0284	link	461
Article_1544	Article_1532	link	226
Article_1671	YouTube	link	169
Article_1074	China	link	178
Article_1307	Russia	link	283
other-internal	Article_2151	external	33
other-internal	Article_0579	external	146
other-internal	United_States	external	36
Article_1654	YouTube	link	455
Article_0510	Article_0047	link	405
Article_3369	Article_0020	link	252
Article_0406	Article_2327	link	273
Article_2167	Article_0210	link	142
other-internal	Article_0380	external	325
Article_2845	Russia	link	232
Article_3737	Article_0079	link	455
Article_2616	Article_2364	link	438
Article_0143	Article_3195	link	92
other-internal	United_States	external	226
Article_0774	United_States	link	49
Article_3314	Canada	link	250
Article_2027	Article_0317	link	17
Article_0992	Article_3258	link	453
Article_3686	YouTube	link	257
other-internal	Article_0533	external	269
Article_3139	Article_1911	link	328
Article_2196	Article_0026	link	26
other-internal	Article_0108	external	93
Article_1508	Article_0374	link	71
Article_3005	Article_0122	link	406
other-internal	Article_0076	external	183
Article_2582	World_War_II	link	55
Article_1214	Article_3488	link	333
other-internal	Article_0033	external	244
Article_1936	Article_0308	link	331
other-internal	Article_1803	external	256
Article_3020	Article_2562	link	261
other-internal	Article_1594	external	243
other-internal	Article_1339	external	25
other-internal	Article_2273	external	34
Article_3327	Article_0110	link	211
other-internal	Article_1752	external	394
other-internal	Article_0343	external	89
other-internal	Article_1128	external	65
other-internal	Article_0304	external	38
Article_3930	Article_0231	link	473
Article_1517	Article_0013	link	182
Article_3807	Article_0036	link	147
Article_2341	Article_0951	link	335
Article_3169	Article_0227	link	436
Article_3783	China	link	449
Article_0581	Article_1207	link	450
Article_3780	Article_0134	link	147
Article_1536	United_States	link	450
Article_1435	United_States	link	408
Article_2368	Article_0243	link	362
Article_1791	Article_0010	link	178
other-internal	Article_0016	external	274
other-internal	India	external	140
other-internal	United_States	external	149
other-internal	Article_0037	external	31
Article_3244	Article_1605	link	101
Article_1450	Article_1184	link	292
other-search	Article_1551	other	267
other-internal	Article_0172	external	191
Article_1155	Article_0245	link	302
other-internal	United_States	external	83
Article_3457	Germany	link	152
Article_2095	Article_0412	link	83
other-search	Article_1670	other	263
Article_1671	Article_2616	link	285
other-internal	Article_1641	external	198
Article_1282	Canada	link	280
Article_2218	Article_0366	link	335
other-internal	Article_0517	external	55
Article_0022	Article_2511	link	395
other-search	Article_0243	other	142
other-internal	YouTube	external	378
Article_0282	Article_0972	link	449
other-internal	YouTube	external	289
other-internal	Article_0091	external	77
Article_0524	Germany	link	367
Article_0058	United_States	link	237
other-internal	Article_0448	external	30
Article_1466	Article_0126	link	41
Article_1668	Article_0018	link	441
other-internal	Article_0348	external	231
other-internal	Article_2373	external	51
other-internal	Article_0068	external	363
other-internal	India	external	336
Article_3042	India	link	381
Article_1528	United_States	link	331
Article_2060	Article_1438	link	201
Article_0110	Article_0021	link	246
Article_3990	United_States	link	206
Article_2408	Article_2004	link	152
Article_1629	Article_0088	link	271
other-internal	Article_0016	external	219
other-internal	United_Kingdom	external	254
other-internal	Article_1411	external	97
Article_0676	Article_0627	link	427
Article_1787	Article_2004	link	386
Article_2991	Article_0085	link	493
Article_0763	India	link	231
Article_0614	United_States	link	212
other-internal	Article_2868	external	168
Article_1491	Article_0596	link	477
other-internal	Article_1285	external	391
Article_1738	United_Kingdom	link	49
Article_0127	United_States	link	362
Article_3787	Article_0251	link	190
Article_1641	Article_0029	link	445
Article_2497	United_States	link	454
Article_2932	India	link	95
Article_2330	Article_0507	link	287
Article_0198	Article_0048	link	400
Article_3110	Article_2013	link	42
other-internal	Article_0136	external	243
Article_1825	Article_2138	link	342
other-internal	Article_0054	external	64
Article_3128	Article_0010	link	105
Article_1829	Article_0556	link	60
other-internal	Article_2616	external	34
Article_1667	Article_0101	link	480
Article_2691	Article_0019	link	472
Article_3893	Article_1306	link	263
other-internal	Article_0426	external	126
Article_2093	Article_2564	link	171
Article_2065	Article_1907	link	471
Article_3705	Article_1325	link	305
Article_2907	Article_2445	link	279
Article_0944	World_War_II	link	178
other-internal	Article_1426	external	359
other-internal	Article_0826	external	118
other-internal	France	external	11
other-internal	Article_0070	external	229
other-search	United_States	other	165
Article_1147	Article_0177	link	356
Article_3489	Article_0062	link	77
Article_1918	Article_0012	link	407
Article_0556	China	link	310
other-internal	France	external	11
other-internal	Article_0643	external	374
Article_3865	Article_3899	link	142
Article_0283	Article_2410	link	244
other-internal	Article_0032	external	204
Article_1536	Article_0394	link	313
Article_1253	Article_0061	link	373
Article_3506	Article_0060	link	237
Article_0702	Article_0305	link	265
Article_0384	Article_0023	link	344
Article_3556	Article_0467	link	265
other-internal	China	external	341
Article_1871	Article_1629	link	171
other-internal	United_Kingdom	external	185
other-internal	World_War_II	external	63
Article_0736	Article_0465	link	439
Article_1215	Article_1721	link	438
Article_1469	Article_0074	link	294
other-internal	YouTube	external	318
Article_0577	Article_0012	link	426
Article_3304	Article_2038	link	414
other-internal	Article_0029	external	11
other-internal	Article_0026	external	181
other-internal	Article_0010	external	166
Article_0555	Article_0100	link	205
Article_1717	Article_0103	link	467
Article_0792	Article_0013	link	149
Article_3658	Article_0858	link	355
Article_3249	Article_0183	link	246
Article_3814	Article_0649	link	217
other-internal	Article_0244	external	157
other-internal	Article_0374	external	375
other-internal	Article_0026	external	92
Article_3360	Article_0027	link	436
Article_2644	United_Kingdom	link	32
other-internal	Article_0245	external	330
other-internal	Article_0078	external	228
Article_3570	Article_0039	link	92
Article_2431	Article_0021	link	83
Article_0968	India	link	97
other-internal	Article_0019	external	195
Article_3571	Article_0541	link	465
Article_1409	Article_0205	link	455
Article_0381	Article_0011	link	332
Article_3853	Article_1692	link	74
Article_0688	Article_1590	link	474
Article_0659	Article_0014	link	467
Article_3194	Article_0010	link	407
Article_1451	India	link	22
Article_2765	YouTube	link	376
Article_3079	World_War_II	link	304
Article_3902	Article_0214	link	355
Article_0849	Article_3206	link	495
Article_0618	United_States	link	481
other-search	Article_0156	other	334
Article_1647	Article_2317	link	299
Article_0516	Article_0314	link	178
other-search	Article_2481	other	201
other-internal	Article_0161	external	123
Article_1613	Article_1115	link	166
other-internal	Article_1011	external	186
Article_0059	Article_0737	link	380
Article_3654	Article_0057	link	185
other-internal	World_War_II	external	384
Article_3302	Article_0641	link	392
Article_0199	Article_0471	link	389
Article_2395	Article_0258	link	425
Article_0144	Article_0017	link	461
Article_2946	Article_2217	link	490
other-internal	Article_0399	external	115
Article_1575	Article_0027	link	208
other-internal	China	external	108
Article_3781	Article_0244	link	270
other-internal	YouTube	external	392
Article_0865	Article_1471	link	317
other-internal	Article_0031	external	72
Article_0521	Article_0024	link	91
Article_2762	Article_2578	link	391
other-internal	YouTube	external	179
Article_2925	Article_0631	link	451
Article_3113	Article_0948	link	159
other-internal	France	external	132
Article_3665	Article_0340	link	237
Article_2432	India	link	490
Article_1593	Article_0439	link	397
Article_2618	Article_2751	link	126
other-internal	Article_0136	external	296
Article_3901	China	link	201
Article_1252	Article_0593	link	417
Article_3108	United_Kingdom	link	496
Article_1680	Article_0024	link	478
Article_2609	World_War_II	link	40
Article_3146	Article_0411	link	368
other-internal	Article_0231	external	118
other-internal	Article_0098	external	221
other-internal	Article_0013	external	110
Article_1861	Article_1179	link	235
Article_2244	Article_0042	link	226
Article_2281	Article_0597	link	496
other-internal	India	external	42
Article_3811	Article_0011	link	266
Article_0972	Article_0195	link	26
other-internal	Article_0391	external	133
Article_3651	Article_2001	link	298
Article_0617	Article_0023	link	191
other-internal	Article_0028	external	311
Article_2366	Article_0500	link	380
Article_0669	Article_2666	link	164
Article_3858	Article_2886	link	63
Article_1444	Article_0120	link	489
other-search	Article_0401	other	341
Article_3593	Article_0911	link	44
Article_1294	Article_0048	link	104
other-internal	Article_0010	external	95
other-internal	Article_0106	external	236
other-internal	Article_0118	external	332
Article_1087	United_States	link	425
other-internal	Article_3619	external	356
Article_0439	Article_0039	link	178
Article_1503	Article_1681	link	413
Article_0206	Article_1752	link	377
Article_0217	Article_1166	link	184
other-search	Article_0778	other	291
other-internal	Article_0325	external	197
Article_1790	Article_0590	link	11
Article_1577	Article_0049	link	314
Article_3677	Article_0655	link	271
Article_1001	Article_0160	link	221
other-internal	Article_0029	external	280
other-internal	Article_0287	external	143
other-internal	France	external	258
Article_3504	Article_0144	link	459
other-internal	Article_2188	external	261
Article_2331	Article_0016	link	385
Article_1131	Article_0401	link	139
Article_2063	Article_0028	link	370
Article_0179	Article_1725	link	190
other-search	Article_0219	other	385
Article_3348	Article_1807	link	301
Article_3057	Article_3365	link	173
other-internal	Article_1290	external	349
Article_3763	Article_0021	link	157
Article_1109	India	link	445
Article_2030	World_War_II	link	246
Article_2225	Canada	link	256
other-search	Article_0017	other	274
Article_3289	Article_0045	link	250
other-internal	Article_0016	external	352
Article_2553	Article_0211	link	346
Article_0078	Russia	link	147
other-internal	Article_0218	external	263
Article_1552	United_States	link	51
other-internal	India	external	62
other-internal	Article_0046	external	171
other-internal	Article_0019	external	343
Article_0058	Article_0272	link	441
other-internal	YouTube	external	319
Article_0688	Article_0037	link	373
Article_3948	United_States	link	67
Article_0880	United_States	link	293
Article_2855	Article_1080	link	85
other-internal	Article_0086	external	283
Article_3234	Article_0109	link	279
Article_2608	Russia	link	358
Article_3723	Article_0580	link	190
Article_0875	France	link	225
Article_0981	Article_0040	link	344
Article_2789	India	link	243
other-internal	India	external	207
other-search	Article_0070	other	313
Article_3748	Article_0845	link	430
Article_3526	United_Kingdom	link	457
other-internal	Article_2956	external	341
Article_0359	Article_0379	link	344
other-internal	Article_0509	external	191
other-internal	Article_0948	external	346
Article_2881	Article_0270	link	54
other-internal	Article_0933	external	240
other-internal	Article_1651	external	21
Article_1181	Article_0099	link	186
other-internal	United_States	external	27
Article_0149	Article_0470	link	157
Article_2969	Article_0361	link	238
Article_2274	World_War_II	link	372
Article_0143	Article_1194	link	109
Article_1998	Article_0022	link	338
Article_0485	Article_0019	link	454
Article_0550	United_States	link	174
Article_3806	Article_3317	link	97
Article_1140	Article_0138	link	137
Article_2425	Article_0373	link	350
Article_1746	Article_0283	link	405
other-search	United_Kingdom	other	290
other-internal	Article_1075	external	76
other-internal	United_States	external	296
other-search	World_War_II	other	16
Article_0901	Article_2146	link	403
other-internal	Article_0063	external	47
Article_2252	Article_0280	link	241
Article_3762	Article_0511	link	27
Article_3970	Article_0025	link	305
Article_0738	Article_3051	link	398
other-internal	Article_0036	external	20
Article_0322	Article_2513	link	439
Article_2318	Article_0712	link	413
other-internal	Article_2011	external	52
Article_0504	Article_1613	link	99
Article_0476	Article_1328	link	450
other-internal	India	external	354
other-internal	Article_0655	external	348
Article_0305	World_War_II	link	256
other-internal	Article_0386	external	330
Article_2647	Article_0696	link	40
Article_1583	Article_0638	link	333
Article_3244	Article_0030	link	301
Article_3806	Article_0859	link	238
Article_1113	Article_0027	link	397
other-internal	Article_0155	external	136
Article_2511	Germany	link	274
Article_2192	Article_0042	link	72
Article_1297	Article_0368	link	229
other-internal	Article_0019	external	229
Article_0570	Article_0425	link	25
Article_3794	Article_0520	link	30
Article_3894	Article_2908	link	392
Article_3545	Article_0108	link	296
Article_2768	Article_0129	link	66
other-internal	Article_2682	external	200
Article_2262	Canada	link	344
Article_3335	Article_0035	link	26
other-internal	Article_0035	external	184
other-internal	Article_3113	external	168
Article_0348	Article_0096	link	233
Article_2583	Article_1830	link	497
Article_2860	United_States	link	171
Article_1516	Article_0038	link	237
other-internal	Article_3783	external	225
Article_0891	Article_1520	link	281
Article_2301	Article_0932	link	438
other-internal	Article_0092	external	278
Article_0881	United_States	link	235
other-internal	Article_3457	external	256
Article_3626	Article_0033	link	458
Article_1851	Article_0137	link	225
Article_0345	Article_0659	link	446
other-internal	World_War_II	external	150
other-internal	Article_0212	external	109
Article_3414	Article_2637	link	311
Article_0090	Article_1602	link	74
Article_3865	Article_0040	link	173
Article_3429	Article_0051	link	16
Article_3456	Article_0443	link	487
Article_2940	Article_0109	link	233
other-internal	United_States	external	270
Article_2796	Article_0080	link	379
Article_3952	Article_1241	link	457
other-internal	Article_0839	external	257
Article_0191	Article_0788	link	75
Article_3134	United_States	link	40
other-internal	Russia	external	354
Article_3945	Article_2350	link	99
Article_3879	Article_0076	link	26
Article_1430	Canada	link	230
other-search	Germany	other	369
Article_1154	Article_0024	link	359
other-internal	Article_3994	external	298
other-internal	Article_1344	external	21
other-internal	Article_3969	external	247
Article_3011	Article_0550	link	264
Article_3336	Article_0522	link	373
other-internal	Article_0442	external	355
other-internal	Article_0254	external	216
Article_3899	Article_1850	link	430
Article_0857	France	link	230
Article_2376	United_States	link	57
Article_3640	United_States	link	183
Article_1613	Article_0016	link	461
Article_2407	Article_0406	link	474
other-internal	Article_0174	external	210
other-internal	Article_0043	external	156
Article_1977	Article_0021	link	317
Article_0489	India	link	94
other-internal	Article_0680	external	98
other-search	Article_1569	other	207
Article_3468	Article_2659	link	178
other-internal	Article_0152	external	10
other-internal	Article_1764	external	198
Article_3781	Article_2792	link	82
other-internal	Article_0020	external	61
other-internal	Article_0031	external	233
Article_3201	Article_0327	link	51
other-internal	Canada	external	313
Article_2880	Article_0492	link	397
Article_0106	Article_2528	link	305
Article_2226	Article_0708	link	253
China	Article_0138	link	195
Article_3721	United_Kingdom	link	464
Article_3036	Article_0031	link	301
Article_3230	Article_0551	link	415
Article_1125	United_States	link	317
other-search	Article_0372	other	11
Article_2504	Article_0070	link	169
Article_1323	United_States	link	128
other-internal	Article_3728	external	31
Article_1247	Article_0059	link	348
Article_2718	World_War_II	link	39
Article_1355	Germany	link	290
other-internal	Article_0069	external	113
Article_1888	Article_0042	link	61
other-search	United_States	other	67
Article_3093	United_States	link	135
other-internal	Article_0252	external	324
Article_0664	Article_0103	link	32
other-internal	China	external	242
other-internal	Article_1285	external	209
Article_1914	United_States	link	177
Article_0826	YouTube	link	396
other-internal	Article_2562	external	80
Article_3370	Article_0190	link	193
Article_1353	Article_1164	link	460
Article_3350	Article_0326	link	344
Article_0537	Article_0043	link	442
Article_0335	Canada	link	240
other-search	Article_0193	other	311
Article_3935	Article_0016	link	320
other-search	Article_0065	other	194
other-internal	United_States	external	316
other-internal	Article_0603	external	274
Article_1474	Article_2046	link	350
Article_0552	Article_0021	link	198
Article_2816	Article_2217	link	42
Article_3919	United_States	link	342
Article_0140	Article_2273	link	372
Article_0571	Article_0175	link	224
Article_3570	United_Kingdom	link	298
other-search	Article_0012	other	361
Article_1345	Article_1302	link	482
other-internal	Germany	external	19
other-internal	Article_0120	external	362
Article_0913	United_States	link	130
Article_1374	Article_0026	link	454
other-search	Article_0026	other	153
Article_0764	Article_0055	link	89
Article_0701	Article_1686	link	478
Article_3924	Article_0081	link	476
Article_3229	Article_1137	link	100
Article_0656	United_Kingdom	link	177
Article_0673	United_States	link	132
Article_3589	Article_0178	link	475
other-internal	Article_3360	external	384
Article_3338	Article_0157	link	12
other-search	Article_0016	other	359
Article_0527	World_War_II	link	48
other-search	Article_0034	other	13
Article_0626	Article_1094	link	54
Article_1153	Article_0974	link	459
other-internal	United_States	external	282
Article_0915	Article_0091	link	97
Article_3056	United_States	link	28
Article_1230	United_States	link	154
Article_3589	Article_0054	link	403
Article_0218	United_States	link	77
Article_0169	Article_2991	link	227
Article_2510	India	link	61
Article_1941	Article_1561	link	228
other-internal	Article_0170	external	130
other-internal	Article_0062	external	126
Article_3755	Article_0395	link	29
Article_2123	Russia	link	322
Article_0097	Article_0078	link	418
other-internal	Article_2739	external	134
Article_2673	Article_0187	link	468
other-internal	Article_1218	external	152
Article_2060	Article_0124	link	419
Article_1280	Article_0034	link	237
Article_2161	Article_1880	link	265
Article_2691	Article_0243	link	353
other-search	Article_1445	other	17
Article_3754	Article_1807	link	300
Article_3506	United_Kingdom	link	100
Article_0990	United_States	link	419
Article_2789	Article_0043	link	30
other-internal	Article_0847	external	216
Article_2326	Article_0920	link	123
Article_3021	Article_0544	link	269
Article_2990	Article_0015	link	379
Article_3555	Russia	link	265
Article_2633	China	link	185
other-internal	YouTube	external	225
Article_3457	Article_0058	link	237
Article_0947	Article_3007	link	300
Article_3342	YouTube	link	404
Article_0619	Article_0667	link	191
Article_0199	United_Kingdom	link	293
Article_1226	Article_3877	link	73
Article_0632	Article_1373	link	208
other-internal	Article_2196	external	287
other-internal	Article_0019	external	225
Article_2335	Article_0138	link	446
other-internal	Article_0140	external	289
Article_2145	Article_0320	link	126
other-search	Article_2095	other	287
Article_2826	Article_0581	link	91
Article_3749	Article_3893	link	49
other-search	United_Kingdom	other	205
other-internal	Article_0165	external	318
Article_3761	Article_0265	link	146
other-internal	Article_0710	external	150
Article_1018	Article_0403	link	386
Article_3770	Article_0018	link	200
Article_3629	United_Kingdom	link	314
other-internal	Article_0171	external	109
Article_1244	Article_1295	link	301
Article_2596	Article_0015	link	38
other-internal	Article_3295	external	14
other-internal	Article_3220	external	314
other-search	Article_1949	other	274
other-internal	Article_3926	external	382
Article_0542	Article_0019	link	292
Article_2401	Article_0373	link	106
other-internal	Article_1235	external	144
Article_3274	Article_0092	link	131
Article_0836	China	link	103
Article_2138	United_States	link	395
Article_3746	Article_0125	link	474
Article_3172	Article_0019	link	451
Article_3434	Article_1104	link	385
Article_3045	India	link	86
Article_0261	Article_0192	link	198
Article_1254	Article_2321	link	207
other-internal	Article_0979	external	233
Article_3645	Article_0384	link	70
Article_2978	Article_0183	link	92
Article_0022	Article_0066	link	343
Article_3944	United_States	link	178
other-internal	Article_0101	external	118
other-internal	Article_0022	external	123
other-internal	Article_0158	external	353
other-internal	Article_0036	external	14
other-internal	Article_0067	external	92
other-internal	Article_0161	external	272
other-internal	United_States	external	374
Article_2751	Russia	link	137
Article_2521	India	link	284
other-internal	United_States	external	359
Article_0564	Article_0184	link	367
Article_2926	YouTube	link	21
Article_0656	United_States	link	459
other-internal	Article_0018	external	63
Article_0658	Article_1324	link	18
Article_2357	Article_0626	link	265
Article_0548	Article_0918	link	67
Article_0112	United_States	link	388
other-internal	India	external	147
other-internal	Article_1613	external	186
Article_0840	Article_0163	link	135
other-search	Article_0024	other	90
other-internal	Article_0570	external	254
Article_0904	Article_0878	link	266
Article_1643	Article_0085	link	467
other-internal	Article_0105	external	162
Article_0119	Article_0095	link	199
Article_2129	Article_0041	link	441
Article_2816	United_States	link	317
Article_0178	Article_0012	link	445
other-internal	Article_1803	external	233
Article_0197	Article_0762	link	191
other-internal	Russia	external	141
Article_0947	Article_0370	link	432
other-internal	Article_0094	external	135
Article_0760	Article_1687	link	15
Article_1959	Article_0415	link	208
Article_0542	World_War_II	link	252
Article_1504	Article_1499	link	212
Article_0374	Article_3933	link	475
Article_3396	United_States	link	298
Article_1806	Article_0011	link	460
Article_1944	Article_0968	link	282
Article_0137	World_War_II	link	209
other-internal	Article_3672	external	95
Article_1625	China	link	202
Article_1668	Article_1160	link	361
Article_3178	Article_0787	link	125
Article_3616	Article_0031	link	153
other-internal	World_War_II	external	207
Article_3106	China	link	204
Article_3103	Article_0511	link	285
other-search	Article_0084	other	167
other-internal	YouTube	external	283
other-internal	Article_3471	external	202
Article_1861	Article_3744	link	455
other-internal	France	external	47
Article_2772	Article_1539	link	123
other-internal	Article_0303	external	280
Article_0144	Russia	link	402
Article_0724	Article_1678	link	62
other-internal	Article_0022	external	161
Article_0769	Article_0354	link	169
other-internal	Article_0830	external	256
Article_2393	United_States	link	113
other-internal	Article_1915	external	98
other-internal	Article_0081	external	298
other-internal	Article_0025	external	339
Article_1688	Article_2371	link	437
other-internal	Article_3878	external	312
Article_3184	Article_0225	link	288
Article_2410	Article_1177	link	275
other-internal	Article_0131	external	252
Article_1382	Article_0214	link	205
Article_0267	United_States	link	112
Article_2062	United_Kingdom	link	185
Article_1924	Article_3108	link	340
Article_0422	Article_0080	link	435
other-internal	United_Kingdom	external	103
other-search	Article_0339	other	115
other-search	Article_0453	other	24
Article_1147	Article_0774	link	116
other-search	France	other	58
other-internal	Article_0467	external	249
Article_0311	Article_0030	link	247
Article_2238	Article_0347	link	86
Article_3962	India	link	318
other-internal	Article_0233	external	240
Article_2363	Article_0032	link	100
Article_3114	Article_0097	link	335
Article_3554	Article_0222	link	442
Article_0825	Article_0092	link	375
Article_1146	China	link	64
Article_0614	Article_0122	link	151
Article_1683	Article_0064	link	372
Article_3408	Article_2142	link	53
other-search	Article_0935	other	36
Article_3845	Article_1592	link	284
Article_1999	Article_0359	link	33
Article_0401	Article_0028	link	85
other-internal	Article_0316	external	44
Article_1168	Article_0083	link	268
Article_3524	Article_0029	link	147
Article_3054	Article_0921	link	311
Article_3307	Article_1312	link	223
Article_3706	Article_0015	link	12
Article_3431	United_Kingdom	link	103
Article_3654	India	link	376
other-search	Article_0966	other	157
other-internal	Article_0216	external	328
Article_1116	YouTube	link	355
other-internal	Article_0276	external	268
Article_1574	Article_3653	link	296
other-internal	United_Kingdom	external	286
Article_2402	China	link	326
Article_2740	India	link	328
Article_0047	United_Kingdom	link	324
other-internal	Article_1726	external	269
Article_1717	Article_0011	link	75
Article_0031	Article_1628	link	65
Article_1042	Article_0017	link	469
Article_0045	World_War_II	link	498
other-internal	Article_1080	external	63
other-internal	Article_0391	external	103
Article_1227	Article_0657	link	352
Article_0178	Article_0017	link	333
Article_3239	Article_2968	link	387
Article_1936	Article_2814	link	34
Article_1884	Russia	link	78
Article_0909	Article_0019	link	432
other-internal	Article_0363	external	108
Article_3943	Article_0033	link	397
other-internal	Article_1991	external	399
Article_1187	Article_0752	link	374
Article_0914	Article_0052	link	223
Article_0039	India	link	156
other-internal	Article_0051	external	333
Article_0176	Article_2384	link	260
Article_1805	United_States	link	322
other-internal	Article_3437	external	92
other-internal	Article_1504	external	194
Article_1839	Article_0059	link	63
Article_3913	Article_0010	link	340
Article_0568	Germany	link	274
other-internal	Article_0478	external	329
Article_0203	Article_0037	link	216
Article_0951	Article_0267	link	413
Article_1149	Article_0433	link	17
Article_3292	Article_0205	link	394
other-internal	Article_0560	external	282
other-internal	United_States	external	317
other-internal	Article_0132	external	19
other-search	India	other	369
other-internal	Article_1237	external	333
Article_1073	Article_3100	link	216
other-internal	United_States	external	233
Article_1620	Article_1025	link	33
other-internal	Article_0365	external	264
Article_3178	Article_2395	link	67
Article_1568	World_War_II	link	27
other-internal	Article_1986	external	29
Article_3902	Article_0010	link	331
other-internal	Article_0015	external	61
Article_0480	Article_3176	link	339
Article_2338	Germany	link	26
Article_1361	China	link	348
other-search	Article_3595	other	185
Article_0911	Article_0110	link	422
Article_0099	Article_0129	link	429
Article_2923	United_Kingdom	link	94
Article_3484	India	link	231
other-internal	Article_0252	external	303
Article_1548	Article_0415	link	318
Article_2372	United_States	link	403
other-internal	United_States	external	182
Article_2195	Article_0863	link	106
Article_0606	Article_2693	link	454
Article_3131	Article_0018	link	309
other-internal	Article_3726	external	48
Article_3157	China	link	92
Article_1007	Article_0066	link	240
Article_0739	Article_0054	link	331
Article_0077	Article_0017	link	324
other-internal	Article_1562	external	396
Article_1206	United_States	link	151
Article_0135	Article_0127	link	304
other-internal	Article_0140	external	28
Article_0802	World_War_II	link	441
other-internal	Article_0012	external	114
Article_3809	Article_0101	link	48
other-internal	Article_2552	external	338
other-internal	Article_0179	external	329
Article_1658	United_States	link	61
Article_2570	Article_0016	link	455
Article_2891	Germany	link	10
Article_2368	Article_3184	link	429
Article_1886	Article_0044	link	459
Article_0066	Canada	link	467
Article_3888	Article_0011	link	166
Article_3786	Article_0959	link	451
Article_1556	Article_3592	link	442
Article_2876	Article_0029	link	274
Article_3766	Article_1425	link	249
other-internal	China	external	227
Article_1280	Article_0029	link	217
Article_2730	United_States	link	463
Article_1991	United_Kingdom	link	58
Article_1308	Article_3539	link	402
Article_1248	Article_0534	link	460
Article_3865	Article_2526	link	377
other-search	Article_0085	other	218
Article_1022	Article_0256	link	383
other-internal	India	external	372
other-internal	Article_0681	external	201
Article_1603	United_Kingdom	link	329
Article_3421	Germany	link	244
other-search	Article_0036	other	215
Article_1161	Article_2074	link	435
other-internal	Article_0014	external	94
Article_2408	Article_0195	link	296
Article_3073	Article_0823	link	226
other-internal	Article_0280	external	180
Article_0755	Article_0378	link	178
other-internal	Article_0016	external	276
Article_0595	Russia	link	231
Article_2537	Article_0024	link	264
Article_0839	Article_0032	link	83
Article_0062	Article_0541	link	232
other-internal	Article_0696	external	347
Article_1407	Article_0954	link	406
other-search	Article_0081	other	13
Article_3686	Article_2548	link	467
Article_3713	Article_0202	link	453
Article_1461	Article_1826	link	453
Article_1308	Article_3942	link	156
Article_1646	Article_0306	link	302
other-internal	Article_0081	external	259
other-internal	Article_0314	external	87
Article_3861	Article_0096	link	448
other-internal	Article_0484	external	21
Article_3484	United_States	link	118
other-internal	Article_2981	external	24
other-internal	Article_2275	external	349
Article_1159	Article_0301	link	420
Article_2617	Article_0011	link	362
Article_0565	Article_0094	link	182
other-internal	Article_3032	external	219
Article_2070	Article_0772	link	381
Article_2852	Article_0010	link	242
Article_2344	Article_1799	link	231
other-internal	Article_0355	external	380
Article_0722	Article_1240	link	481
Article_2674	World_War_II	link	424
other-internal	Article_3029	external	92
Article_0372	Article_1698	link	313
Article_3292	Article_0015	link	49
Article_3175	Canada	link	420
Article_0289	Article_0016	link	258
Article_1659	Article_3718	link	47
other-internal	Article_0010	external	48
Article_3632	Article_0315	link	130
Article_1051	Article_0027	link	487
Article_2704	Article_1528	link	303
Article_0786	Article_0849	link	344
other-internal	Article_1060	external	109
Article_1858	India	link	382
Article_1649	Article_0115	link	423
other-internal	Article_2641	external	347
Article_3464	Article_3968	link	26
Article_3986	Article_0486	link	481
Article_3053	France	link	178
Article_2505	Article_0033	link	250
other-internal	Article_0598	external	198
other-internal	Article_0070	external	84
Article_3290	Article_0015	link	50
Article_2235	Article_2719	link	161
Article_2283	Article_0314	link	112
Article_2634	Article_2656	link	411
other-internal	Article_0428	external	156
other-search	India	other	108
Article_3234	United_States	link	381
other-internal	China	external	89
Article_3549	Article_0064	link	141
other-internal	Article_1883	external	314
Article_0899	Article_0218	link	360
other-internal	Article_0163	external	346
Article_1581	Article_0049	link	89
Article_2918	Article_0070	link	12
other-internal	United_Kingdom	external	96
Article_0819	Article_0601	link	447
Article_2385	Article_0578	link	253
Article_0637	Article_0110	link	252
Article_2015	YouTube	link	335
Article_2298	United_States	link	240
Article_3028	Article_0846	link	159
Article_0065	United_States	link	43
other-search	Article_1868	other	28
Article_2951	Article_0682	link	35
Article_1373	Article_2444	link	415
other-internal	Article_0039	external	128
other-internal	Article_0221	external	276
other-search	Article_0970	other	379
other-search	Article_3678	other	210
Article_2437	Article_0013	link	50
other-internal	Article_0035	external	18
other-internal	Article_0015	external	192
Article_1574	Article_1267	link	156
Article_0175	Article_3759	link	485
Article_0928	China	link	455
Article_1512	Article_0034	link	420
Article_1396	Article_0040	link	353
other-internal	Article_0216	external	274
Article_3793	Article_0302	link	295
other-internal	Article_0171	external	98
Article_0520	Article_0501	link	450
Article_2709	Article_0846	link	148
Article_3988	Article_0133	link	31
Article_0550	Article_2919	link	478
Article_3487	Article_0059	link	336
Article_2466	United_States	link	147
Article_3609	Article_0503	link	445
other-internal	United_States	external	105
other-internal	World_War_II	external	381
Article_3721	Article_0023	link	61
Article_0990	Article_0854	link	144
Article_0201	Article_0796	link	416
Article_1033	Article_0205	link	143
Article_2639	Article_0028	link	146
Article_2357	Article_2817	link	124
other-internal	Article_0992	external	242
Article_1600	Article_1609	link	325
Article_1665	Article_0988	link	308
Article_2389	Article_0030	link	475
Article_2235	Article_0903	link	168
other-internal	Article_3186	external	97
other-internal	Article_1540	external	21
Article_3888	Article_0183	link	276
other-internal	Article_0077	external	270
other-internal	Russia	external	168
Article_1996	Article_0012	link	67
Article_3307	Article_0028	link	94
Article_2583	Article_0406	link	266
Article_1991	Article_2302	link	324
Article_0502	United_States	link	398
Article_3733	Article_1833	link	344
Article_1971	United_States	link	254
Article_1356	Article_0264	link	24
Article_3003	Article_0233	link	176
Article_3240	Article_0083	link	303
Article_0188	World_War_II	link	321
other-internal	Article_0553	external	28
Article_1283	Article_0152	link	372
Article_3870	Article_3901	link	303
Article_1342	Article_0113	link	150
Article_2906	Article_0865	link	64
Article_3019	Article_1076	link	252
Article_1809	Article_0105	link	250
Article_2781	Article_3485	link	25
other-internal	Article_0721	external	59
other-internal	Article_0031	external	287
Article_0858	Article_0666	link	334
Article_1364	Article_0271	link	13
Article_0515	Article_0169	link	433
Article_0509	United_States	link	378
Article_0990	Article_3931	link	438
Article_0018	Article_1264	link	261
Article_3298	Article_0037	link	74
other-search	Article_0389	other	109
other-internal	Article_2095	external	240
other-internal	Article_3602	external	148
other-internal	Article_0020	external	346
Article_1096	Russia	link	370
Article_3839	Article_0145	link	257
Article_1378	Article_0323	link	300
other-search	France	other	62
Article_3381	Article_0135	link	70
other-internal	Article_0918	external	84
Article_1946	Article_0165	link	242
Article_3188	United_States	link	328
other-internal	Article_0668	external	173
other-search	World_War_II	other	226
other-internal	Russia	external	280
Article_2457	Article_0755	link	410
Article_1770	YouTube	link	227
Article_3105	Article_0291	link	119
Article_3540	World_War_II	link	340
Article_3727	India	link	60
Article_0780	Article_0018	link	449
Article_1438	Article_0032	link	102
other-internal	Germany	external	354
Article_1561	India	link	45
Article_2917	Article_0093	link	103
Article_0117	China	link	446
Article_0461	Article_0720	link	166
Article_2960	Article_0027	link	218
Article_1040	Article_1371	link	466
YouTube	Article_1393	link	470
Article_1693	United_Kingdom	link	318
Article_1872	Article_0049	link	195
Article_3807	Article_1037	link	107
other-internal	Article_1850	external	237
other-internal	Article_0400	external	348
Article_3981	Article_0111	link	398
other-internal	Article_3097	external	280
other-internal	Article_0026	external	91
Article_3738	United_States	link	278
Article_2227	Article_0658	link	237
Article_1499	Article_1754	link	30
Article_3212	Article_0013	link	179
Article_2698	Article_1884	link	87
Article_0668	Article_0062	link	96
Article_3549	Article_0024	link	423
Article_1936	Article_2924	link	400
Article_1981	YouTube	link	187
other-internal	Article_0035	external	276
Article_1202	Article_0022	link	399
other-internal	Article_0397	external	354
Article_1744	Article_1033	link	37
Article_3667	United_States	link	62
Article_2567	Article_3080	link	45
Article_0510	United_States	link	144
other-internal	Article_0067	external	23
Article_3788	Article_0171	link	373
Article_2532	Article_1854	link	170
Article_3566	Article_0020	link	273
other-internal	Article_0077	external	239
Article_3925	Article_0027	link	140
Article_1225	YouTube	link	232
other-internal	Article_0043	external	180
Article_3407	Article_0035	link	411
Article_3691	Russia	link	352
Article_3685	Article_0013	link	179
other-internal	Article_0700	external	67
Article_3958	Article_0015	link	441
Article_2195	United_Kingdom	link	199
Article_3145	Article_0033	link	312
Article_3471	Article_1744	link	428
Article_3911	Article_2601	link	100
Article_3787	Article_2763	link	248
Article_1964	United_Kingdom	link	358
Article_2344	YouTube	link	337
other-internal	Article_3102	external	259
Article_0398	Article_0014	link	228
other-internal	Article_2579	external	255
Article_3486	Article_0023	link	374
Article_0995	Article_1684	link	327
Article_2432	Article_0509	link	469
other-internal	Article_0053	external	195
other-internal	India	external	292
other-internal	Article_0034	external	386
Article_3514	Article_0039	link	285
Article_3389	Article_1325	link	108
Article_3770	Article_0136	link	433
Article_3675	Article_0168	link	240
Article_2331	France	link	289
Article_2788	World_War_II	link	237
other-internal	Article_2993	external	68
Article_3843	Article_0033	link	228
Article_0463	Article_0031	link	74
Article_1000	India	link	253
Article_0614	Article_0961	link	277
other-internal	United_States	external	86
other-internal	United_States	external	264
Article_3553	Article_1683	link	38
other-internal	Article_0457	external	52
Article_2991	United_States	link	455
other-internal	United_States	external	305
other-internal	United_States	external	75
other-internal	Article_0022	external	263
other-search	Article_0020	other	272
other-internal	Article_0257	external	131
other-internal	Article_0935	external	209
Article_0240	Article_0018	link	185
Article_3194	YouTube	link	299
other-internal	Article_2690	external	44
Article_2362	Article_0354	link	480
Article_2016	Article_0804	link	415
Article_0043	Article_0069	link	101
Article_0249	Article_0010	link	349
Article_0772	Article_2554	link	418
Article_0267	Article_0988	link	362
other-internal	Article_0176	external	53
Article_3705	Article_0047	link	466
other-internal	Article_2207	external	323
other-internal	Article_0121	external	248
other-internal	Article_0028	external	254
other-internal	Article_0290	external	265
Article_3155	Article_0094	link	146
Article_1464	Article_0736	link	200
Article_3978	Article_0350	link	233
Article_3357	Article_2781	link	120
Article_3555	Article_0224	link	411
Article_3339	Article_1737	link	420
other-internal	United_States	external	223
Article_0836	United_States	link	59
Article_1134	Article_0415	link	370
other-internal	Article_1214	external	152
other-internal	Article_0261	external	343
other-internal	World_War_II	external	143
other-search	Article_0221	other	326
Article_0778	Article_0357	link	299
other-search	Article_3609	other	227
Article_2646	Article_0016	link	329
Article_3947	Article_0109	link	208
Article_3815	Article_3636	link	40
other-internal	Article_0720	external	360
Article_0395	Article_0660	link	130
Article_0498	Article_0071	link	437
Article_2311	Article_0389	link	386
other-internal	Article_0038	external	96
Article_2793	Article_2154	link	69
other-internal	Article_1736	external	92
Article_1163	United_States	link	396
Article_1644	Article_1963	link	203
other-internal	Article_0468	external	202
Article_3809	Article_0913	link	365
other-internal	Russia	external	278
Article_1038	Article_0045	link	440
Article_1544	United_States	link	124
other-internal	Article_0301	external	154
Article_3261	Article_0013	link	139
other-internal	United_States	external	331
Article_1975	Article_3007	link	252
other-internal	Article_0117	external	226
Article_2467	Article_2176	link	211
Article_0507	Article_0925	link	352
other-internal	Germany	external	362
Article_2882	Article_0017	link	149
Article_3445	Article_2098	link	52
other-internal	Article_0685	external	73
other-internal	Article_0407	external	331
Article_1311	Russia	link	255
other-internal	United_States	external	32
other-internal	Article_0077	external	136
other-internal	Article_0039	external	353
Article_2614	Article_0027	link	121
Article_1748	Article_0179	link	284
Article_2731	Article_0527	link	475
other-internal	Article_0202	external	101
Article_3624	Article_1836	link	271
Article_3448	Article_1140	link	382
other-internal	YouTube	external	213
Article_1301	Article_2901	link	162
other-search	Article_0081	other	205
other-internal	Article_0343	external	245
other-internal	Article_0062	external	49
Article_1209	Article_0799	link	46
Article_3223	Article_0882	link	48
Article_2188	Article_1627	link	362
other-internal	Article_0058	external	387
Article_0428	Article_0556	link	153
Article_0016	Article_3290	link	344
other-internal	Article_0076	external	71
Article_1356	China	link	187
Article_2399	France	link	442
Article_2038	Article_2354	link	469
other-internal	Article_0061	external	121
other-internal	Article_0027	external	349
Article_3971	Article_2811	link	245
other-search	Article_3959	other	106
Article_3612	Article_0038	link	473
other-internal	Article_0034	external	311
other-internal	India	external	262
Article_3604	Article_0010	link	455
Article_3167	Article_1210	link	284
Article_1467	Article_0223	link	403
other-search	Article_0179	other	156
other-internal	Article_2453	external	141
Article_1816	Article_0017	link	367
Article_2021	Germany	link	390
Article_1658	Article_0151	link	93
Article_2076	Article_2310	link	337
Article_1755	Article_0745	link	478
Article_1289	Article_2144	link	416
Article_3822	Article_0981	link	485
Article_2603	Article_3620	link	492
Article_1013	Article_1308	link	66
Article_0411	Article_0105	link	136
other-internal	Article_0058	external	315
Article_3193	Article_0075	link	487
Article_0621	Article_0011	link	339
other-internal	Article_0013	external	247
Article_1139	Article_0303	link	251
Article_3369	Article_0852	link	309
Article_1485	Article_3441	link	186
other-internal	Article_2268	external	55
Article_2670	Article_0017	link	234
Article_3678	Article_1933	link	427
Article_1663	Article_1692	link	154
Article_1780	Article_0035	link	392
other-internal	Article_0239	external	49
other-internal	Germany	external	312
other-internal	Article_0211	external	261
Article_2495	Article_3173	link	397
Article_1497	Article_0075	link	281
other-internal	United_States	external	297
other-internal	China	external	368
Article_3436	Article_0328	link	56
Article_0869	Article_0134	link	381
Article_3399	United_Kingdom	link	343
other-internal	Article_0154	external	321
Article_1221	Article_1606	link	222
other-internal	Article_0211	external	195
Article_3126	Article_1938	link	114
other-internal	Article_0017	external	180
Article_1443	Article_0031	link	365
Article_0669	Article_0239	link	26
Article_3923	Article_3295	link	431
other-internal	Article_0045	external	177
Article_1609	Article_0013	link	387
other-internal	Article_0479	external	343
Article_2590	United_States	link	219
Article_2633	Article_0037	link	188
other-internal	Article_0068	external	136
Article_3655	Russia	link	132
Article_0504	Article_3111	link	325
Article_0829	Russia	link	428
other-search	China	other	304
Article_0089	Article_0679	link	137
Article_3989	Article_0411	link	333
Article_0794	Article_0036	link	74
Article_0390	Article_3292	link	491
Article_3359	Article_0155	link	373
Article_0488	Article_1202	link	160
Article_1788	Article_3305	link	135
Article_3300	Article_1278	link	271
Article_0909	United_States	link	471
Article_2092	United_States	link	361
other-internal	Article_0029	external	78
Article_2788	United_Kingdom	link	71
other-internal	Germany	external	165
Article_2076	Article_0442	link	338
Article_3375	Article_0239	link	184
other-internal	Article_0114	external	362
Article_3008	Article_0020	link	25
Article_0985	Article_0578	link	155
Article_2060	Article_0022	link	440
Article_2263	Article_1584	link	303
Article_2728	Article_0281	link	164
other-search	Article_0261	other	378
Article_2154	Article_0010	link	400
Article_3041	Article_2947	link	57
other-internal	Russia	external	164
Article_1088	Article_0021	link	48
Article_0795	Article_1535	link	386
Article_1788	Article_0962	link	153
Article_1782	Article_1192	link	61
Article_2979	YouTube	link	478
other-internal	Article_0089	external	63
Article_2492	Article_0092	link	159
Article_2105	United_States	link	115
other-internal	Article_3652	external	32
Article_0617	Article_0220	link	305
other-internal	Article_1677	external	397
Article_0288	Article_0042	link	89
Article_3044	Article_3217	link	154
Article_1445	India	link	477
other-internal	Article_0058	external	181
other-internal	World_War_II	external	354
Article_3498	United_Kingdom	link	154
other-internal	Russia	external	14
other-internal	Article_0993	external	110
Article_1201	India	link	260
Article_3140	Article_0084	link	420
other-search	India	other	295
other-internal	Article_1033	external	239
other-internal	Article_0091	external	353
Article_2407	Article_0615	link	470
other-internal	Germany	external	137
Article_1416	Article_0032	link	345
other-internal	Article_0249	external	365
Article_1696	Article_0105	link	50
Article_3667	Article_3528	link	215
Article_1919	Article_0587	link	30
Article_3577	Article_0188	link	26
Article_1061	Article_1245	link	211
Article_1874	Article_0296	link	102
other-internal	Article_0898	external	246
other-internal	Article_0467	external	127
Article_2940	Article_1554	link	302
Article_0670	Article_3118	link	348
other-search	Article_0521	other	94
other-internal	Article_0039	external	231
Article_2024	Article_0750	link	99
Article_0202	Article_0140	link	170
Article_0258	Article_2841	link	52
other-internal	France	external	134
Article_1361	Article_0050	link	45
Article_0049	Article_1529	link	222
other-search	Article_0216	other	354
Article_1058	Article_0023	link	376
Article_3151	Article_2644	link	251
other-internal	Article_0011	external	278
other-internal	Article_1671	external	249
other-internal	Article_0790	external	358
other-search	United_Kingdom	other	318
Article_0239	Article_0011	link	224
other-internal	Article_0049	external	13
Article_3197	Article_1436	link	340
other-search	Article_0019	other	85
Article_3664	United_Kingdom	link	388
other-internal	Article_0046	external	242
other-internal	Article_0091	external	204
Article_1179	Article_1010	link	437
Article_2919	Article_0060	link	206
Article_0552	Article_0108	link	272
other-internal	Article_0425	external	293
Article_3607	Article_0100	link	433
Article_3555	Article_3474	link	490
Article_0278	Article_0218	link	495
other-internal	Article_0024	external	256
Article_2640	India	link	488
Article_2809	Article_0056	link	487
other-internal	Article_0050	external	169
other-internal	Article_1985	external	263
Article_1848	Article_1041	link	431
Article_1873	Article_0032	link	476
other-internal	Article_0015	external	20
Article_3967	United_States	link	358
Article_0719	Article_0381	link	125
Article_2702	World_War_II	link	186
Article_2193	Article_1237	link	41
Article_1317	Article_0025	link	472
Article_1125	Article_0041	link	353
Article_2980	India	link	353
Article_0085	Article_1278	link	308
other-internal	Article_0152	external	174
other-internal	United_States	external	196
Article_2638	Article_2151	link	356
other-search	Article_1524	other	206
Article_0189	Article_0131	link	406
Article_0916	Article_0021	link	379
Article_2246	Article_0028	link	465
Article_2169	Article_1879	link	400
Article_3331	Article_0020	link	338
Article_2402	Article_1211	link	448
Article_0268	Article_1184	link	449
Article_1160	Article_0043	link	301
other-search	Article_2245	other	373
other-search	Article_0034	other	327
other-search	Article_0332	other	215
Article_1701	YouTube	link	312
other-internal	Article_3698	external	216
other-internal	Article_0062	external	62
Article_2319	Article_0013	link	151
Article_1183	World_War_II	link	74
other-internal	Article_0575	external	93
Article_3700	Article_1469	link	460
other-search	Article_2163	other	322
Article_0770	Article_0254	link	82
other-internal	Article_0227	external	41
Article_2338	Article_2529	link	115
Article_1771	Article_0481	link	22
Article_1604	Article_0025	link	466
other-internal	Article_3924	external	316
Article_0958	Article_0204	link	210
other-internal	Article_0641	external	339
Article_2216	Article_0075	link	309
Article_3785	United_States	link	81
Article_2656	China	link	461
Article_3436	Article_1437	link	300
Article_3608	Russia	link	133
Article_3359	Article_0349	link	451
Article_0941	Article_0396	link	458
other-internal	Article_0158	external	173
Article_1802	Article_1192	link	265
Article_0022	Article_0011	link	361
Article_0319	China	link	374
Article_0301	Article_0404	link	129
Article_1336	Article_1792	link	122
Article_2283	United_States	link	190
Article_3175	Article_2607	link	490
Article_3239	YouTube	link	241
Article_2033	Article_0209	link	22
Article_0270	Article_3279	link	270
other-internal	Article_0254	external	27
Article_1211	Article_2256	link	146
Article_0313	Article_0044	link	417
Article_0756	Article_3198	link	400
Article_3908	Article_1970	link	112
Article_1386	United_States	link	208
Article_0982	Article_0207	link	257
other-internal	Russia	external	107
other-internal	Article_0373	external	277
Article_2236	Article_0033	link	239
Article_2445	Article_0159	link	72
other-internal	United_States	external	237
Article_0617	Article_0103	link	147
Article_0348	Russia	link	435
other-internal	Article_0283	external	190
Article_2598	India	link	65
Article_3365	Article_0177	link	497
Article_2489	Article_0585	link	173
Article_3943	Article_2344	link	392
Article_1452	Article_0043	link	198
Article_0377	India	link	304
other-search	United_States	other	124
Article_3659	Article_0024	link	144
Article_3297	Article_0109	link	291
Article_3949	Article_0160	link	114
other-internal	Article_0124	external	319
Article_2703	Article_1465	link	127
other-internal	Article_0028	external	348
Article_1919	Article_0975	link	41
other-internal	Article_0018	external	127
Article_2514	Article_0066	link	274
Article_0347	Article_0088	link	351
Article_1500	Article_2729	link	364
Article_2141	United_States	link	338
Article_0259	Article_2456	link	172
Article_3312	Article_0766	link	429
other-search	Article_0144	other	86
other-internal	Russia	external	331
Article_1762	United_States	link	252
Article_0293	Article_0354	link	241
Article_2826	Article_0380	link	493
other-internal	United_Kingdom	external	208
Article_1689	Article_2479	link	419
other-internal	Germany	external	370
Article_0975	Article_2189	link	103
Article_1325	Article_2416	link	301
other-internal	Article_0067	external	19
Article_0698	Article_0020	link	144
Article_2334	United_States	link	130
Article_1141	Article_0625	link	375
Article_0743	Article_0175	link	106
other-internal	Article_1765	external	298
other-search	Article_0956	other	131
Article_0968	Article_0288	link	357
Article_1495	Article_0029	link	429
Article_1428	Article_2865	link	215
other-internal	Article_0090	external	203
other-internal	Article_3162	external	101
Article_3178	Article_0197	link	84
other-internal	Article_1856	external	211
other-internal	Article_1921	external	98
Article_3475	China	link	285
Article_0703	Article_0611	link	476
Article_0696	United_States	link	410
Article_2995	Article_1402	link	117
Article_0206	Article_0131	link	105
Article_1221	Article_0027	link	18
Article_1863	United_Kingdom	link	179
other-internal	Article_0029	external	363
Article_2423	United_States	link	168
Article_3867	France	link	16
Article_0114	World_War_II	link	214
other-internal	Article_0152	external	343
Article_2584	United_Kingdom	link	51
Article_2155	Russia	link	332
other-internal	Article_1383	external	399
Article_3919	Article_0328	link	270
Article_1369	Article_0914	link	182
Article_0259	Russia	link	101
Article_0694	India	link	305
Article_0061	Article_0015	link	475
Article_0028	Article_0148	link	129
other-internal	Article_2748	external	340
Article_3141	Article_0652	link	360
Article_1083	Article_3985	link	355
Article_2623	Article_0239	link	114
Article_3951	Article_1819	link	325
Article_2280	Article_0352	link	95
Article_0320	Article_0015	link	290
other-internal	Article_0016	external	357
Article_2520	Article_0037	link	108
other-internal	World_War_II	external	367
other-internal	Article_0081	external	61
other-internal	United_States	external	77
other-internal	Article_3063	external	395
Article_3419	Article_0066	link	197
Article_1221	Article_0041	link	187
other-search	Article_0021	other	337
other-internal	United_States	external	27
other-internal	Article_0052	external	122
Article_1623	Article_2472	link	475
Article_3792	Article_0875	link	247
other-internal	Article_1683	external	119
Article_1287	Article_0037	link	119
Article_2521	Article_0080	link	334
Article_0441	India	link	141
Article_1331	Article_0800	link	210
Article_2206	Article_2212	link	343
other-internal	Article_0626	external	32
other-internal	Article_0102	external	154
YouTube	Article_0038	link	101
Article_0073	Article_0920	link	157
Article_0046	Article_0048	link	390
Article_3431	World_War_II	link	247
Article_0477	YouTube	link	30
other-internal	Article_0056	external	111
Article_0224	Article_1719	link	26
Article_2360	Article_3569	link	448
Article_3016	Article_0053	link	121
other-internal	Article_0482	external	61
other-internal	Article_3286	external	67
other-internal	China	external	398
other-internal	Article_0020	external	103
other-internal	Article_1511	external	56
other-search	Article_2849	other	139
Article_3713	Article_3867	link	474
Article_0010	India	link	476
Article_1419	Article_1714	link	109
other-internal	Article_0235	external	137
other-internal	India	external	113
other-search	Article_0156	other	27
Article_2052	Article_0011	link	148
Article_2868	Article_1200	link	313
other-internal	YouTube	external	215
Article_2310	Article_0186	link	289
other-search	Canada	other	139
other-internal	Article_0019	external	107
Article_3097	Article_0246	link	94
Article_0436	United_States	link	206
other-internal	Article_0018	external	66
Article_3872	Article_0075	link	133
Article_1131	Article_0023	link	464
Article_2186	Article_0169	link	412
Article_3282	Article_2928	link	335
other-internal	Article_0085	external	183
other-search	Article_0596	other	383
other-internal	United_States	external	379
other-internal	United_Kingdom	external	50
Article_3571	Article_3694	link	492
other-internal	World_War_II	external	140
Article_1575	Article_2983	link	314
Article_2473	France	link	299
other-search	United_States	other	17
Article_0280	Article_0110	link	439
Article_0941	World_War_II	link	83
other-internal	Article_3737	external	87
Article_3049	Russia	link	165
Article_2602	Article_2781	link	246
other-search	Article_2170	other	99
Article_3197	Article_0437	link	194
Article_0997	Article_0180	link	460
Article_0849	Article_0462	link	241
Article_1877	United_States	link	157
Article_2917	YouTube	link	58
Article_0792	Article_0709	link	229
Article_3433	Article_1811	link	389
Article_0846	Article_0657	link	390
Article_1920	Article_0089	link	466
Article_2590	Article_0038	link	375
other-internal	World_War_II	external	376
other-internal	Article_0030	external	351
other-search	Article_0436	other	276
Article_3640	Article_0103	link	265
other-internal	Article_0017	external	94
other-internal	Article_2166	external	123
other-internal	United_States	external	86
other-internal	Article_0183	external	122
Article_2989	Article_3921	link	64
other-internal	Article_0013	external	185
other-internal	Article_0205	external	350
Article_3463	Article_1096	link	479
other-internal	World_War_II	external	383
Article_1642	China	link	65
Article_3522	Article_1024	link	221
Article_2743	Article_0103	link	110
other-internal	Article_1262	external	253
Article_0763	Article_0136	link	434
Article_3172	Article_0027	link	392
Article_3307	Article_0062	link	138
other-internal	United_States	external	332
other-internal	Article_0644	external	373
Article_1879	Article_0020	link	385
Article_1765	China	link	23
other-internal	Article_0706	external	179
Article_1990	Article_1571	link	235
Article_0183	Article_0309	link	271
Article_2318	Article_2732	link	456
Article_3475	Germany	link	126
other-search	Article_0197	other	52
Article_0487	United_States	link	142
other-internal	Article_0071	external	57
Article_0316	Article_1016	link	167
Article_0693	Article_0035	link	59
Article_3999	Article_2496	link	338
other-internal	Article_0081	external	322
Article_0622	Canada	link	11
other-search	Article_0880	other	242
other-search	Article_0036	other	327
Article_1852	United_States	link	335
other-internal	Article_0094	external	221
other-internal	Article_0032	external	173
Article_2340	Article_0041	link	107
Article_1453	India	link	103
Article_2877	Article_0445	link	206
Article_2460	Article_2276	link	179
Article_3876	United_Kingdom	link	91
other-internal	Article_0031	external	33
Article_1539	Article_0236	link	93
Article_1683	YouTube	link	209
Article_3362	Article_0027	link	111
Article_3293	Article_0019	link	432
Article_2405	Article_0327	link	106
Article_0321	Article_3868	link	454
Article_3064	Article_1937	link	270
other-internal	United_States	external	359
Article_1408	Article_0115	link	297
Article_3071	Article_0016	link	455
Article_2843	United_States	link	460
Article_1310	Article_0029	link	410
Article_1445	Article_0076	link	77
other-internal	Article_0018	external	137
Article_1148	Germany	link	123
other-internal	Article_0114	external	349
other-search	Article_0342	other	59
Article_1471	Article_0080	link	269
Article_2669	Article_0010	link	498
other-internal	Article_1119	external	276
Article_1850	Article_1239	link	333
Article_3332	World_War_II	link	485
Article_2897	Article_0709	link	237
Article_0230	China	link	261
Article_0261	Article_1435	link	184
other-internal	Article_0970	external	74
other-internal	Article_0061	external	267
Article_2459	Article_3211	link	353
Article_1520	Article_0149	link	367
Article_2514	Article_0059	link	363
other-internal	Article_0047	external	77
Article_1849	Article_2100	link	14
other-internal	Article_0798	external	268
Article_3629	Article_0119	link	382
Article_0910	Article_0016	link	180
other-internal	Article_0759	external	268
Article_1087	Article_0254	link	277
Article_0542	Article_0452	link	31
Article_2851	India	link	95
Article_2226	Article_0116	link	291
other-search	Article_0688	other	112
Article_1231	United_States	link	472
other-internal	France	external	139
other-internal	Article_2627	external	362
other-internal	China	external	371
Article_1368	Article_0327	link	186
Article_0671	United_Kingdom	link	308
other-internal	Germany	external	17
other-internal	Article_3630	external	181
other-internal	China	external	321
Article_3291	United_States	link	288
Article_1537	United_States	link	347
other-internal	Article_0013	external	139
Article_1293	Article_0275	link	494
Article_2097	Article_0173	link	173
Article_1265	Article_0477	link	91
Article_2971	Article_0652	link	310
Article_1898	Article_0192	link	336
other-internal	Article_0993	external	372
other-internal	Article_3553	external	26
Article_2292	Article_1788	link	349
Article_3961	Article_0991	link	107
other-search	Article_0018	other	314
Canada	Article_0041	link	489
other-internal	Article_0265	external	86
Article_2719	Article_3964	link	448
Article_2362	Article_1426	link	489
Article_1170	United_States	link	211
Article_1690	Canada	link	10
Article_0211	United_States	link	154
other-internal	Article_0227	external	325
Article_2686	Article_0078	link	180
other-internal	Article_0300	external	87
other-internal	Article_0010	external	270
other-internal	United_States	external	375
Article_1819	Article_1807	link	444
Article_1083	Article_2016	link	151
Article_1777	United_Kingdom	link	329
other-internal	Article_2113	external	301
Article_3059	Article_1585	link	233
other-internal	India	external	110
Article_2288	Article_0075	link	83
Article_0218	United_Kingdom	link	14
Article_3447	India	link	490
Article_0149	Article_0048	link	146
Article_2442	Article_2170	link	344
Article_2715	Article_0046	link	149
Article_3780	United_States	link	435
Article_3581	Article_0056	link	267
Article_2527	Article_0206	link	135
other-internal	Article_0018	external	286
Article_1496	Article_2846	link	50
other-internal	China	external	292
Article_0511	Article_0104	link	12
Article_3439	Article_3213	link	364
other-internal	United_States	external	196
Article_1155	Article_0144	link	301
Article_2555	United_States	link	425
Article_3917	Article_0896	link	360
Article_1494	Article_0987	link	249
other-internal	Article_0180	external	319
Article_3460	United_States	link	417
other-internal	Article_0370	external	246
Article_3966	Article_2237	link	399
Article_2042	Article_3426	link	213
other-internal	Article_0019	external	52
other-internal	Article_1507	external	154
other-search	Article_1258	other	177
Article_2643	Article_0027	link	86
other-internal	Article_2544	external	62
other-internal	Canada	external	58
Article_0106	Article_0015	link	426
Article_3134	Article_0119	link	228
other-internal	Article_2209	external	211
Article_3922	Article_0282	link	457
Article_1593	Article_0546	link	283
Article_1621	Article_3706	link	338
Article_3935	Article_0029	link	391
Article_0896	YouTube	link	251
Article_1635	Article_1399	link	155
Article_2575	Article_1331	link	275
Article_1858	Article_0125	link	259
Article_3202	Article_0935	link	276
Article_0122	Article_0020	link	168
other-search	Article_0066	other	313
other-search	Article_0163	other	179
Article_2733	Article_0024	link	284
Article_1021	Article_0025	link	490
Article_2080	Article_1422	link	376
other-internal	India	external	245
other-internal	Article_1710	external	293
other-internal	Article_1385	external	287
Article_3812	India	link	192
other-internal	Canada	external	82
other-internal	France	external	209
other-internal	Article_0616	external	238
Article_1915	Article_1840	link	297
Article_0113	Article_0054	link	115
Article_2636	Article_0032	link	341
other-internal	Article_0011	external	66
Article_1547	Article_0035	link	335
Article_1698	Article_0050	link	160
Article_2801	Article_0207	link	196
other-internal	China	external	190
Article_3989	Article_1090	link	348
Article_2364	Article_0142	link	350
Article_0655	India	link	22
Article_3099	Article_0070	link	277
other-internal	Article_0139	external	365
other-internal	Article_0209	external	218
Article_3650	United_States	link	263
Article_0083	United_States	link	89
other-search	Article_0270	other	262
other-internal	Article_0184	external	347
Article_2100	Article_0282	link	92
Article_1095	Article_0013	link	355
Article_0571	Russia	link	310
Article_1072	Article_3565	link	293
Article_0687	Article_0077	link	484
Article_0310	Article_1725	link	83
other-internal	Article_0070	external	76
other-internal	Article_2599	external	374
other-search	Article_3380	other	112
Article_1406	Article_0162	link	348
Article_2724	United_States	link	305
other-internal	United_Kingdom	external	186
other-internal	Article_0573	external	162
Article_1474	Article_0154	link	118
Article_3648	Article_0014	link	85
Article_3940	Article_0017	link	210
other-search	Article_0152	other	63
Article_1791	YouTube	link	437
Article_3112	India	link	194
other-internal	France	external	250
other-internal	Article_0714	external	21
other-internal	Article_2414	external	19
Article_3174	Article_0072	link	116
other-internal	Article_0076	external	164
other-internal	Article_0463	external	206
Article_3664	Article_1717	link	415
other-internal	World_War_II	external	254
Article_0068	Article_1533	link	359
Article_0728	Article_2350	link	350
Article_0556	Article_0062	link	342
Article_3504	Article_0022	link	497
other-internal	Article_0098	external	32
Article_3275	Article_0025	link	397
Article_1567	Article_0040	link	220
Article_0607	Article_0078	link	423
Article_0727	Article_0078	link	14
other-internal	Article_1001	external	268
other-internal	Article_0578	external	302
Article_2763	Article_1227	link	113
Article_3759	Article_0026	link	271
other-internal	France	external	46
Article_1883	Article_0036	link	201
Article_3777	Article_0531	link	287
Article_3736	Article_0035	link	296
Article_0220	Article_0362	link	206
other-internal	Article_0045	external	75
other-internal	Canada	external	147
other-internal	Article_0049	external	251
Article_3183	Article_0290	link	245
other-search	Article_0110	other	298
Article_3898	Article_0594	link	173
Article_2324	Article_0017	link	260
other-internal	Article_3348	external	242
Article_1903	Germany	link	170
other-search	Article_0049	other	249
Article_1122	Article_2226	link	341
other-internal	Article_0336	external	338
Article_0717	Article_0758	link	492
other-internal	Article_0035	external	42
other-search	Article_0054	other	361
Article_3948	India	link	138
other-internal	India	external	99
other-internal	India	external	58
Article_2979	United_States	link	247
Article_0500	Article_0038	link	398
Article_0452	Article_0470	link	495
other-internal	India	external	357
other-internal	Article_0015	external	66
Article_0485	United_States	link	453
Article_1401	United_States	link	213
other-internal	Article_0016	external	344
Article_1383	Article_1553	link	331
Article_2475	Article_0528	link	460
Article_3404	Article_0582	link	252
Article_3124	Article_1391	link	493
other-internal	Article_1703	external	111
Article_0946	Article_0555	link	111
Article_3384	Article_0076	link	137
Article_0412	Article_3292	link	478
Article_1807	Article_3007	link	323
Article_1290	Article_2145	link	397
other-internal	Article_0575	external	123
other-internal	United_States	external	108
Article_3029	France	link	77
Article_1659	United_States	link	485
Article_0231	Article_0043	link	150
Article_2505	United_States	link	400
other-internal	Article_1945	external	266
Article_1248	Article_0062	link	25
Article_3071	Article_0053	link	377
Article_1056	Article_0019	link	435
other-search	Article_1337	other	383
other-internal	Article_0195	external	190
other-internal	Article_1846	external	318
other-search	Article_0342	other	345
Article_1456	Article_2201	link	175
Article_2609	Article_3716	link	162
Article_1322	Article_0963	link	298
other-internal	Article_0322	external	150
other-internal	Article_0044	external	287
Article_0635	Article_0097	link	224
Article_3609	Article_0094	link	444
Article_3008	France	link	183
other-internal	Article_2612	external	117
Article_0892	Germany	link	356
Article_0112	Article_0033	link	237
Article_2276	Article_0128	link	45
Article_3614	Article_0050	link	382
Article_2874	Article_1203	link	32
other-internal	Article_0041	external	160
Article_1797	Article_0999	link	320
other-internal	Article_3400	external	145
Article_3718	China	link	119
Article_1509	Article_0623	link	167
Article_1383	Article_1863	link	459
other-internal	Article_0067	external	297
Article_0720	Article_0892	link	118
Article_3832	Article_1509	link	40
other-search	Article_0132	other	241
other-internal	Article_0022	external	25
Article_2763	China	link	201
Article_0303	Article_0324	link	95
Article_3894	Article_0449	link	422
Article_1980	Article_0500	link	322
other-internal	United_Kingdom	external	226
other-internal	China	external	161
Article_0319	Article_0947	link	106
other-internal	Article_2492	external	146
Article_3674	Article_0312	link	363
Article_3565	World_War_II	link	479
other-internal	Article_0074	external	36
Article_2979	Article_0710	link	337
Article_3345	Article_0347	link	280
Article_3897	World_War_II	link	463
Article_3104	Article_3907	link	420
other-internal	Article_0012	external	143
other-internal	Article_0642	external	324
Article_1512	Article_0046	link	284
other-internal	Article_0061	external	29
Article_0570	World_War_II	link	280
other-search	Article_0013	other	132
other-internal	Article_0310	external	16
Article_3816	Canada	link	279
other-internal	United_States	external	188
other-internal	Article_1134	external	259
Article_0439	United_States	link	137
other-internal	Article_1348	external	373
Article_3139	Article_0022	link	46
Article_1935	Article_0152	link	417
Article_2965	India	link	319
other-internal	Article_2073	external	285
Article_1010	Article_1666	link	357
other-internal	Article_0366	external	152
Article_0194	Article_0120	link	46
Article_1559	Article_0453	link	45
Article_0641	Article_2127	link	131
Article_0103	Article_0250	link	107
other-internal	China	external	382
Article_0776	Article_0320	link	449
Article_1272	Article_1427	link	59
other-internal	Article_1166	external	350
Article_3552	Article_1559	link	429
Article_1468	Article_0092	link	244
Article_0135	Article_0625	link	496
Article_1613	Article_0035	link	303
other-internal	Article_0156	external	391
other-internal	Article_1825	external	62
other-internal	Article_0299	external	78
other-internal	Article_0122	external	376
Article_0025	India	link	455
other-internal	Article_0476	external	322
Article_1180	Article_0235	link	31
Article_2397	Article_0018	link	237
other-search	Article_0016	other	252
other-internal	Article_0136	external	166
Article_1700	United_States	link	311
Article_3862	YouTube	link	72
Article_3057	Article_3259	link	39
other-internal	China	external	82
Article_3128	Article_0729	link	34
other-internal	India	external	44
Article_2056	United_States	link	457
Article_1023	Article_2018	link	393
Article_3906	Article_0040	link	485
Article_3815	Article_0342	link	412
other-internal	Article_2984	external	164
other-internal	Article_0097	external	97
Article_1464	Germany	link	62
Article_1359	Article_1638	link	212
Article_0933	United_States	link	451
Article_2757	YouTube	link	331
other-internal	Article_0130	external	398
Article_2409	Article_3245	link	248
Article_0014	Article_0056	link	278
Article_3625	Article_1524	link	70
other-internal	Article_2901	external	360
Article_1197	Article_0432	link	257
Article_3204	Article_0960	link	285
other-internal	Article_1529	external	373
Article_2041	Article_0078	link	299
other-search	Article_1438	other	279
Article_0962	Article_0396	link	435
other-internal	Article_1441	external	199
other-search	Article_3357	other	78
Article_0366	Article_2845	link	246
other-internal	Article_1366	external	147
other-internal	Article_0070	external	164
other-internal	Article_0063	external	312
Article_1838	Article_0015	link	244
Article_2971	Article_1664	link	340
Article_2232	Article_1686	link	217
Article_2911	Article_0050	link	283
Article_1347	Article_0011	link	165
Article_3160	YouTube	link	492
other-internal	Germany	external	214
other-internal	Article_0350	external	291
Article_0864	Article_0335	link	298
other-search	India	other	173
Article_0328	Article_3603	link	42
Article_2109	Article_3201	link	143
other-internal	Article_1126	external	368
Article_3039	Article_1143	link	478
other-internal	Article_1785	external	361
Article_1587	Article_0013	link	51
other-internal	United_States	external	190
Article_3528	Article_0619	link	447
Article_0153	World_War_II	link	433
other-internal	Article_0088	external	151
Article_0802	Germany	link	167
Article_3117	Germany	link	479
other-internal	Article_0055	external	343
other-internal	Article_1029	external	221
Article_1513	Article_0462	link	77
other-search	United_States	other	237
Article_0474	Article_0449	link	172
other-internal	India	external	242
Article_1511	Article_0150	link	98
other-internal	France	external	207
Article_0362	Article_1528	link	149
Article_2603	Article_0120	link	248
other-internal	Article_0123	external	275
Article_2019	Article_0039	link	362
other-internal	China	external	322
Article_0896	Article_2810	link	24
other-internal	Article_0125	external	74
Article_1707	United_States	link	386
other-search	Article_0047	other	141
Article_1931	Article_0028	link	284
Article_0192	Article_0324	link	39
Article_2837	United_States	link	433
Article_0165	Article_0024	link	210
other-internal	Article_0010	external	272
other-internal	Russia	external	250
other-internal	Article_1717	external	177
Article_0959	Article_3743	link	416
other-search	Article_0659	other	367
Article_0488	Article_2873	link	400
other-internal	India	external	327
Article_2795	Article_0016	link	304
Article_3753	Article_0084	link	259
Article_3641	Article_0691	link	250
Article_0056	Article_0016	link	203
Article_3033	Article_3314	link	446
other-internal	Article_0937	external	332
other-search	Article_1404	other	361
Article_1471	Article_1773	link	234
other-internal	Article_3915	external	369
Article_2714	Article_3954	link	376
Article_1272	Russia	link	336
other-internal	Article_0140	external	325
other-search	Article_0011	other	341
Article_1793	Article_0450	link	385
Article_0420	Article_0484	link	464
Article_0464	Article_0126	link	120
Article_0546	Article_0044	link	211
Article_0777	Article_2509	link	377
other-internal	Article_0085	external	49
Article_0204	Article_3639	link	258
Article_1208	Article_3079	link	312
other-internal	Article_1486	external	309
other-internal	Article_0365	external	358
Article_2950	Article_0129	link	210
Article_1506	India	link	74
other-internal	Article_0091	external	398
other-internal	Article_0632	external	255
Article_3367	India	link	278
Article_3381	World_War_II	link	258
Article_3247	China	link	88
other-internal	Article_2257	external	52
Article_2130	United_States	link	378
Article_2664	Article_0135	link	494
other-internal	Article_3233	external	12
other-internal	Article_0032	external	152
Article_2776	India	link	310
Article_0803	Article_0304	link	284
Article_2150	World_War_II	link	252
other-internal	Article_0042	external	191
other-internal	China	external	289
Article_3325	Article_0020	link	54
other-internal	Article_1369	external	228
Article_0507	Article_2356	link	274
other-internal	United_States	external	188
Article_3239	Article_1221	link	239
Article_1985	Article_1613	link	276
Article_2472	India	link	319
Article_2299	Article_0923	link	330
other-internal	Article_0042	external	25
other-internal	Article_0066	external	21
other-internal	Article_0622	external	393
Article_3891	Article_0019	link	443
Article_3142	Article_2202	link	18
Article_0093	Article_0582	link	67
Article_2779	World_War_II	link	390
Article_3857	United_Kingdom	link	18
Article_3758	Article_0118	link	152
Article_2255	India	link	219
other-internal	Article_0107	external	235
Article_1177	Article_0632	link	262
Article_1116	Article_0125	link	37
Article_2292	Article_3855	link	289
Article_0750	Article_0191	link	459
Article_2204	Article_0992	link	99
Article_0794	Article_2232	link	449
Article_1763	Article_0059	link	331
other-internal	YouTube	external	190
Article_0523	Article_0061	link	124
Article_0830	Article_0483	link	223
other-internal	Article_0057	external	182
other-internal	Article_0933	external	206
other-search	India	other	109
other-internal	Article_0218	external	152
Article_2902	Article_1271	link	100
Article_3163	United_States	link	199
other-internal	China	external	91
Article_0593	United_Kingdom	link	253
Article_3757	Article_2023	link	422
Article_1953	Article_0686	link	371
other-internal	Canada	external	382
Article_0190	India	link	292
Article_3192	Article_0095	link	499
Article_2395	Article_0023	link	425
Article_0973	Article_0031	link	362
Article_0013	Article_2592	link	194
other-internal	Article_3563	external	221
Article_0245	Article_3833	link	152
Article_2072	Article_0045	link	82
other-internal	Article_1186	external	278
other-internal	Article_1454	external	332
Article_0259	Article_0443	link	329
Article_1806	World_War_II	link	178
Article_0357	Article_0013	link	261
Article_0992	World_War_II	link	429
other-internal	World_War_II	external	121
other-search	Article_2518	other	280
Article_2472	Article_1381	link	488
Article_3843	Article_0819	link	182
Article_0762	Article_3904	link	413
Article_3375	Article_0678	link	418
Article_0818	Article_0313	link	309
Article_3429	Article_0456	link	63
Article_0351	Article_0075	link	77
Article_0793	Article_1346	link	381
other-internal	India	external	233
Article_2250	Article_0086	link	216
Article_0901	Article_0873	link	16
Article_0523	Article_0012	link	183
Article_2387	Article_0034	link	13
other-internal	United_States	external	122
Article_0631	Article_0046	link	467
Article_3946	Article_2584	link	274
other-internal	Article_0937	external	335
Article_1565	Article_3011	link	284
Article_0028	Article_1158	link	486
Article_3904	Article_0049	link	211
other-internal	Article_1981	external	249
Article_3647	Article_0866	link	277
other-search	Article_0016	other	139
Article_2824	Article_0039	link	211
Article_2399	Article_0559	link	162
Article_0238	Article_0413	link	178
Article_0347	Article_0018	link	19
other-search	Article_0999	other	119
other-internal	Article_1602	external	330
Article_3929	Article_0016	link	380
Article_2746	Article_0355	link	310
other-internal	Article_0923	external	369
other-internal	World_War_II	external	128
Article_1873	World_War_II	link	77
Article_0293	Article_1017	link	451
other-internal	United_States	external	124
Article_2746	Article_0628	link	133
Article_3844	Article_1844	link	69
other-internal	Article_1827	external	303
Article_3105	United_States	link	155
other-internal	Article_3603	external	260
Article_3842	United_Kingdom	link	142
Article_0054	Article_0097	link	232
Article_1789	Article_2397	link	271
Article_0272	Article_0167	link	416
other-internal	Article_0266	external	382
Article_3900	Article_0026	link	331
other-internal	Article_1340	external	301
other-internal	United_States	external	390
Article_1531	Article_0020	link	463
Article_1830	Article_0867	link	165
Article_1826	China	link	21
other-internal	Article_0084	external	316
other-internal	Article_0537	external	218
Article_1176	India	link	153
Article_0328	Article_0156	link	197
Article_3659	Article_0123	link	25
Article_0612	Article_0010	link	261
Article_1693	Article_0389	link	184
Article_2416	Article_0046	link	280
Article_1595	Article_0144	link	50
Article_3346	Article_0222	link	326
Article_2829	Article_2450	link	47
other-search	United_States	other	333
Article_2087	Article_0459	link	368
other-internal	Article_0334	external	343
other-internal	Article_0175	external	51
Article_1049	YouTube	link	208
other-internal	Article_0168	external	40
Article_0810	Article_0489	link	103
Article_3167	Article_3933	link	28
other-internal	Article_0261	external	81
Article_2708	Article_0043	link	178
Article_2135	China	link	138
Article_3952	Article_0146	link	107
Article_0769	Article_1163	link	372
other-internal	Article_0011	external	181
Article_1139	Article_1643	link	216
Article_2314	Article_1396	link	291
Article_0299	Article_0910	link	369
Article_2326	World_War_II	link	52
Article_3529	Article_1092	link	334
Article_3752	Article_0055	link	350
Article_1768	Article_0038	link	198
Article_0319	Article_1750	link	136
other-search	Article_2064	other	377
Article_1012	Article_1219	link	419
other-internal	Article_0089	external	191
other-internal	Article_0295	external	332
Article_3818	Article_0709	link	471
Article_1068	Article_0318	link	332
other-internal	Article_0045	external	121
Article_0312	Article_0040	link	163
Article_1703	Article_0714	link	364
Article_2264	Article_0835	link	161
Article_3828	Article_0064	link	406
Article_0133	Article_0142	link	404
Article_1544	India	link	315
other-internal	United_States	external	159
Article_2602	Germany	link	438
Article_3926	Article_3042	link	80
Article_3617	Article_0197	link	159
Article_1451	Article_1543	link	386
other-search	Article_0585	other	353
Article_1084	Article_2929	link	140
other-search	Article_0030	other	350
Article_1103	Article_0071	link	49
Article_0244	Article_0013	link	21
other-internal	Article_0361	external	66
other-internal	Article_1003	external	109
Article_0321	Article_1590	link	215
Article_1192	Article_0092	link	210
Article_2830	United_States	link	466
other-internal	Article_0844	external	312
Article_0789	India	link	407
Article_0918	Article_0191	link	455
Article_0408	Article_0498	link	346
Article_1890	Article_0607	link	85
Article_3455	Article_0438	link	301
Article_1376	Article_0582	link	132
other-internal	Article_0148	external	335
other-search	Article_0083	other	362
other-internal	Article_0032	external	139
Article_2297	Article_0061	link	343
Article_0446	Article_3019	link	295
Article_0547	Article_2735	link	77
other-internal	Article_0608	external	245
Article_2996	Article_0131	link	263
Article_1602	China	link	198
Article_1646	Article_3072	link	496
Article_3072	Article_2794	link	252
other-internal	Article_1367	external	339
Article_3992	Article_0991	link	120
other-internal	Article_0875	external	148
other-search	Germany	other	370
Article_0080	Article_0073	link	79
Article_2602	Article_0059	link	385
other-internal	Article_0202	external	345
other-internal	Article_0022	external	336
other-internal	Article_0059	external	390
Article_2635	Article_0334	link	368
other-internal	Article_0291	external	141
Article_0199	Article_0052	link	54
Article_3059	Article_0125	link	120
other-internal	Article_3359	external	187
Article_2690	World_War_II	link	229
other-internal	Article_0039	external	259
Article_3750	Article_0027	link	152
Article_0125	Article_3341	link	108
Article_1002	Article_1307	link	381
Article_1129	Article_0118	link	82
other-internal	Article_3339	external	170
other-internal	Article_0667	external	300
Article_3874	Article_1049	link	102
Article_1530	Article_0147	link	371
Article_0627	Canada	link	187
Article_2542	Article_0053	link	295
other-internal	Article_0024	external	86
Article_3911	Article_0410	link	283
Article_1365	Article_3821	link	470
Article_2921	United_States	link	67
Article_3119	United_States	link	400
Article_1829	India	link	377
Article_0935	Article_0071	link	207
Article_1419	Article_0015	link	30
other-search	Article_1173	other	377
other-internal	Article_0494	external	71
Article_1585	Article_0045	link	68
other-internal	Article_0070	external	47
Article_3023	Article_0010	link	260
Article_3395	Article_2919	link	370
Article_1041	Article_0031	link	282
Article_1887	Article_0782	link	157
other-internal	India	external	169
other-internal	YouTube	external	63
Article_2642	Article_0516	link	242
Article_3288	Article_0864	link	74
Article_2875	Article_2059	link	325
Article_2145	Article_0491	link	396
Article_0977	Article_2509	link	485
Article_0292	Article_0702	link	349
Article_1790	Article_0102	link	484
other-internal	Article_0045	external	203
Article_3702	Article_0329	link	464
Article_3874	Article_0022	link	451
Article_3982	Article_0011	link	286
Article_0353	Article_1123	link	352
other-internal	China	external	138
Article_1467	India	link	259
Article_2635	Article_0198	link	70
other-internal	Article_0077	external	363
other-internal	Article_0875	external	12
Article_3164	China	link	97
Article_0547	Article_0049	link	195
other-internal	Article_0945	external	156
Article_1757	France	link	36
Article_1075	Article_1089	link	175
Article_2766	Article_0239	link	63
Article_3750	Article_2045	link	323
Article_1236	Article_0105	link	35
other-internal	Article_0023	external	173
Article_2627	Article_0570	link	300
Article_1078	China	link	130
Article_1782	Article_0020	link	299
other-internal	Article_0015	external	38
Article_1083	Article_1214	link	197
other-search	United_Kingdom	other	280
Article_2820	Article_0077	link	318
other-internal	Article_0786	external	213
Article_0577	Article_0026	link	137
Article_0332	Article_0160	link	121
Article_2222	Article_0307	link	136
Article_2073	India	link	490
Article_0055	World_War_II	link	96
Article_1131	World_War_II	link	169
Article_3427	India	link	381
Article_3518	Russia	link	289
other-internal	Article_1893	external	211
other-internal	Article_0034	external	342
Article_2756	Article_1224	link	226
Article_0350	Article_0042	link	140
Article_0551	United_States	link	105
Article_1869	Russia	link	403
Article_2628	Article_0643	link	251
Article_3792	Article_1854	link	395
Article_3087	Article_1532	link	66
Article_3626	Article_1972	link	114
Article_0778	Article_0581	link	368
other-internal	Article_0440	external	199
Article_0228	Article_2132	link	283
Article_3944	Article_0024	link	393
Article_3714	Article_0013	link	308
other-internal	Article_0021	external	238
Article_2788	Article_0974	link	138
other-internal	India	external	367
Article_2412	Article_0017	link	352
other-internal	Article_0165	external	392
Article_3930	Article_0015	link	499
Article_2507	Article_0716	link	379
Article_1258	Article_0180	link	138
other-internal	World_War_II	external	360
Article_1441	Article_1423	link	20
Article_3824	Article_0979	link	193
Article_0082	Article_3184	link	16
Article_1568	Article_3543	link	33
Article_2096	Article_0026	link	101
Article_2833	Article_0209	link	177
Article_2416	Article_0015	link	177
other-search	Canada	other	264
Article_2131	Article_0502	link	234
Article_1232	Article_3061	link	39
Article_1679	Article_1043	link	222
Article_3886	Article_0050	link	171
Article_0508	Article_0048	link	31
Article_1996	United_States	link	270
Article_0245	Canada	link	328
Article_0303	Article_0687	link	429
other-internal	United_States	external	270
Article_3695	Article_0186	link	31
Article_0238	Article_0519	link	43
Article_2051	Article_0029	link	88
other-internal	Article_0301	external	39
Article_0119	Article_0851	link	114
Article_2350	Article_0189	link	284
Article_3456	Article_0062	link	411
other-internal	Article_0026	external	266
Article_3404	Article_1574	link	477
other-search	Article_0546	other	273
Article_3738	Article_1261	link	126
other-internal	India	external	398
Article_1821	Article_0040	link	282
other-internal	Article_2766	external	263
Article_1801	Article_1457	link	445
Article_0388	China	link	483
other-internal	World_War_II	external	171
Article_3897	Article_0603	link	156
Article_1273	Article_2293	link	226
other-internal	YouTube	external	158
Article_2103	Article_0705	link	491
other-internal	Article_0052	external	133
Article_2690	Article_0336	link	178
Article_0266	Article_3494	link	50
Article_0315	Article_0888	link	464
Article_2844	Article_2729	link	27
Article_1190	Article_0629	link	363
other-search	Canada	other	118
other-internal	Article_3637	external	348
Article_3498	Article_0015	link	175
Article_3836	Article_0699	link	193
Article_1018	Article_3404	link	452
Article_1702	Article_0034	link	264
other-internal	Article_0120	external	113
Article_1355	Article_2786	link	323
Article_2169	World_War_II	link	193
other-internal	Article_0015	external	77
Article_2151	Article_0169	link	312
other-internal	Article_0499	external	72
other-internal	Article_0767	external	324
other-internal	Article_2628	external	325
Article_1676	United_States	link	330
Article_3765	Article_0058	link	62
Article_1192	Article_0585	link	342
Article_2442	Article_2241	link	71
Article_2989	United_States	link	32
Article_3667	Article_0017	link	221
other-internal	Article_2916	external	199
other-internal	Article_0010	external	390
other-internal	Article_3078	external	200
other-internal	United_States	external	347
Article_2317	United_States	link	362
Article_2456	Article_0011	link	218
other-internal	Article_2600	external	34
other-search	Article_0115	other	104
other-internal	Article_0503	external	98
Article_0531	Article_0282	link	434
other-internal	Article_0725	external	19
Article_1670	Article_0021	link	239
Article_2223	World_War_II	link	341
other-search	Article_0658	other	262
Article_3989	Article_0319	link	483
Article_1018	Article_0394	link	317
other-internal	United_States	external	389
Article_1269	Canada	link	382
Article_3795	Article_0875	link	392
Article_0588	Article_0305	link	327
other-search	Article_0198	other	33
Article_2677	Article_0498	link	275
Article_1917	Article_0016	link	47
Article_2416	World_War_II	link	32
other-internal	Article_1114	external	273
Article_3698	United_Kingdom	link	370
Article_2550	Article_0040	link	80
other-internal	Article_0312	external	73
Article_2169	Germany	link	171
other-internal	Article_1734	external	314
Article_0259	France	link	31
other-internal	Article_1645	external	389
Article_1052	Article_0200	link	471
Article_2214	Article_0348	link	106
Article_3272	Article_1015	link	153
Article_3962	World_War_II	link	488
Article_1877	Article_0059	link	352
Article_0043	Article_0695	link	426
Article_1134	Article_3953	link	88
Article_2243	Article_0050	link	206
other-internal	Article_2810	external	213
other-internal	Article_0113	external	210
Article_3103	Article_3422	link	73
Article_2192	Article_0027	link	396
Article_3683	Russia	link	420
Article_3901	Article_1847	link	414
Article_3429	Article_0203	link	108
Article_3552	Article_0131	link	193
Article_1595	Article_0089	link	454
other-internal	Article_3466	external	215
other-internal	World_War_II	external	68
Article_2937	Article_0218	link	260
Article_2869	Article_0079	link	99
other-internal	Article_1615	external	141
other-internal	Article_0172	external	184
Article_3529	United_Kingdom	link	271
Article_1375	YouTube	link	395
Article_0143	Article_3569	link	485
Article_1758	Article_3488	link	455
Article_1805	Article_3476	link	86
Article_1608	World_War_II	link	66
Article_3424	Article_0201	link	17
other-internal	Article_1305	external	267
Article_3595	Article_0120	link	235
other-internal	Article_0738	external	293
other-internal	Article_0090	external	118
Article_2264	Article_0753	link	114
Article_0114	Article_0011	link	81
other-internal	United_Kingdom	external	329
Article_2942	India	link	456
Article_0468	Article_0784	link	199
Article_0491	Article_0035	link	481
Article_3073	United_Kingdom	link	144
other-internal	Article_1935	external	370
Article_0974	Article_0635	link	186
other-internal	Article_2356	external	286
Article_0064	Article_0148	link	476
Article_3940	Article_0050	link	208
other-search	Article_3394	other	300
other-internal	Article_0344	external	47
other-internal	Article_0039	external	39
Article_0526	Article_0429	link	351
other-internal	Article_1457	external	98
other-internal	Article_0026	external	340
other-internal	Article_1566	external	160
Article_0187	Article_0029	link	93
Article_0495	Article_3229	link	303
other-search	Article_1825	other	353
Article_1982	Article_0164	link	357
Article_3908	Article_0318	link	128
Article_2045	United_States	link	285
Article_2982	Article_0658	link	334
Article_0937	Article_1460	link	459
Article_2063	Article_0131	link	349
Article_3302	Article_1062	link	44
other-internal	Article_0405	external	101
other-search	Article_0169	other	211
Article_3415	China	link	391
other-internal	India	external	232
Article_0197	Article_1300	link	472
other-internal	World_War_II	external	323
other-internal	Article_0075	external	156
Article_3577	Article_0288	link	474
Article_0079	Article_0029	link	377
other-internal	Article_2912	external	187
other-internal	Article_0021	external	372
Article_0368	Article_0339	link	104
Article_1569	Article_1868	link	327
Article_0014	Article_0215	link	324
other-internal	Article_0015	external	318
other-internal	United_States	external	228
Article_0358	Article_1194	link	41
other-internal	Article_0031	external	116
other-internal	Article_2537	external	199
other-search	United_Kingdom	other	160
other-internal	World_War_II	external	128
other-internal	Article_0015	external	311
other-internal	Article_3455	external	152
other-search	Article_0051	other	377
Article_3182	Article_2258	link	226
other-internal	Article_0116	external	252
Article_0990	China	link	106
Article_3916	Article_0632	link	266
other-internal	United_States	external	121
Article_2496	Article_0582	link	458
Article_1956	YouTube	link	483
Article_2541	Article_0519	link	192
other-internal	Article_0356	external	25
other-internal	Article_0100	external	347
Article_1196	Article_2147	link	476
Article_1519	Russia	link	196
Article_3694	Article_3897	link	327
Article_2199	Article_0733	link	296
Article_3380	Article_0179	link	271
other-internal	Article_0183	external	177
other-internal	Article_0293	external	296
other-internal	Article_2451	external	195
Article_1732	World_War_II	link	210
Article_2537	Article_2753	link	455
Article_3731	United_Kingdom	link	71
Article_1549	Article_2372	link	382
Article_0346	Article_2170	link	105
Article_0457	India	link	224
Article_0708	United_States	link	371
other-search	United_States	other	222
Article_0491	India	link	223
other-internal	Article_0073	external	56
Article_1547	Article_0059	link	314
other-internal	Article_0473	external	275
Article_2392	Article_0054	link	161
other-internal	Article_0306	external	218
Article_3845	Article_1154	link	187
Article_2949	Article_0285	link	437
Article_2694	Article_3140	link	482
other-internal	YouTube	external	371
Article_0440	Article_2085	link	433
Article_1716	India	link	89
Article_3602	Article_0969	link	34
other-internal	Article_0010	external	109
Article_3850	Article_0753	link	32
Article_2460	Article_3296	link	484
other-search	Article_0249	other	144
other-internal	Article_0479	external	330
Article_1187	Article_1907	link	112
Article_0129	Article_0358	link	23
Article_2858	Article_0070	link	208
Article_0408	Article_0113	link	203
other-search	Article_0010	other	205
Article_1142	Article_0038	link	350
Article_1338	Article_1189	link	315
Article_1357	Article_0363	link	418
other-internal	Article_0087	external	173
other-internal	Article_2766	external	332
other-internal	Article_0015	external	205
Article_1224	Article_0327	link	428
Article_3763	Article_1867	link	94
other-internal	Article_1934	external	13
Article_3634	Article_0574	link	241
Article_1955	Article_0319	link	302
Article_0216	Article_0021	link	148
Article_0794	Article_2498	link	487
Article_1352	Russia	link	103
Article_1719	Article_0214	link	439
Article_2320	India	link	67
other-internal	Article_1587	external	277
Article_0193	Article_0110	link	322
Article_1015	Article_0077	link	362
Article_1225	United_States	link	327
other-internal	Article_0023	external	371
Article_2651	Article_0060	link	315
Article_0830	Article_0054	link	406
Article_3758	United_States	link	144
Article_0751	Article_0823	link	359
Article_1313	Article_0605	link	332
Article_0039	Article_0026	link	131
Article_0568	Article_0288	link	276
Article_3089	Article_0127	link	199
other-internal	Article_0134	external	253
Article_3424	United_States	link	264
other-internal	Article_0061	external	200
Article_3832	World_War_II	link	178
other-search	France	other	116
Article_1434	Article_0905	link	350
Article_2578	Article_0024	link	451
other-internal	United_States	external	245
Article_3224	Article_3922	link	329
Article_3929	Article_0832	link	62
Article_0723	Article_0295	link	222
Article_0635	Article_3329	link	294
Article_0874	Article_0050	link	329
other-internal	Article_0898	external	113
Article_1508	Article_0426	link	432
Article_2105	Article_1263	link	20
other-internal	Article_2388	external	175
Article_3606	Article_0050	link	229
Article_2738	Article_0011	link	170
Article_1283	Article_2183	link	405
Article_1540	Article_0753	link	217
other-internal	Article_2401	external	47
Article_1528	YouTube	link	42
other-internal	Article_0040	external	78
other-internal	YouTube	external	10
Article_3655	Germany	link	83
other-internal	Article_0152	external	387
other-internal	Article_0036	external	79
Article_3039	Article_0016	link	257
Article_1035	Article_0019	link	187
Article_1690	Article_0167	link	319
Article_3811	Article_0211	link	289
Article_0746	Article_0300	link	393
other-internal	Article_0030	external	304
Article_1593	Article_0121	link	446
Article_0429	Article_0128	link	41
Article_0116	Article_0298	link	221
Article_2703	Article_0039	link	185
other-internal	Article_0074	external	177
Article_3744	Article_1080	link	449
other-internal	Article_0575	external	19
Article_1636	India	link	254
Article_2794	Article_0506	link	124
Article_0430	Article_0918	link	42
Article_3250	Article_0989	link	461
other-internal	Article_2556	external	122
other-internal	Article_3854	external	118
Article_1424	Article_0014	link	138
Article_0566	Article_0029	link	394
Article_1735	Article_0345	link	59
Article_2056	Article_1677	link	89
Article_3681	Article_0034	link	118
Article_3821	Article_0343	link	48
other-internal	Article_0516	external	192
other-internal	Article_0791	external	32
other-internal	Article_1446	external	44
other-internal	Article_0799	external	107
Article_1585	Article_2852	link	460
Article_3819	India	link	92
Article_0895	Article_0641	link	21
other-internal	Article_0064	external	371
Article_1764	India	link	307
Article_2032	World_War_II	link	450
other-internal	Article_3013	external	368
other-internal	India	external	25
Article_0578	Article_0471	link	127
Article_3648	United_Kingdom	link	153
Article_2534	Article_0057	link	10
Article_2063	Article_0157	link	401
Article_3698	Article_0068	link	139
Article_2658	YouTube	link	281
Article_3230	Article_0133	link	455
other-internal	Article_0996	external	284
Article_2195	Article_0249	link	461
Article_2743	France	link	294
Article_2470	Article_3017	link	21
other-internal	Article_0014	external	83
Article_3205	Article_0040	link	274
Article_1002	United_States	link	82
Article_0206	Article_0073	link	160
other-search	Article_0044	other	256
other-search	Article_0212	other	94
other-internal	Article_1011	external	154
Article_2416	United_States	link	30
Article_2865	Article_1945	link	124
Article_2467	United_States	link	313
Article_2593	Article_0564	link	468
Article_2226	China	link	302
other-internal	Article_0773	external	81
Article_1039	World_War_II	link	349
other-internal	World_War_II	external	134
other-internal	India	external	67
Article_3299	Article_1250	link	46
Article_2903	Article_0015	link	174
Article_1613	Article_0071	link	116
Article_3990	Article_0217	link	274
Article_1128	Article_0612	link	270
Article_1954	YouTube	link	415
other-internal	Article_0166	external	204
other-internal	Russia	external	386
other-internal	India	external	299
Article_1596	Article_0398	link	444
Article_0805	Article_0138	link	476
other-search	Article_0025	other	253
Article_3714	YouTube	link	378
Article_0211	Article_0404	link	360
Article_0425	Russia	link	170
Article_1717	Article_2114	link	361
other-internal	World_War_II	external	366
other-internal	Article_0718	external	231
Article_1434	China	link	216
Article_3672	Article_0068	link	287
Article_2958	India	link	32
other-internal	China	external	223
Article_2322	Article_0664	link	447
Article_2100	India	link	177
Article_1239	Article_1745	link	249
other-search	Article_2649	other	145
Article_1769	Article_0016	link	42
other-search	Article_0109	other	312
other-internal	Germany	external	111
Article_1523	Article_3724	link	81
Article_3791	Article_0060	link	442
Article_2708	United_Kingdom	link	325
other-internal	Article_0059	external	382
Article_0747	Article_0321	link	76
Article_0430	Article_0498	link	497
Article_1393	Article_0142	link	433
Article_0412	Article_0993	link	171
other-internal	Russia	external	71
Article_0717	France	link	85
Article_2207	Article_3856	link	137
Article_1267	Article_0061	link	296
other-internal	Article_0010	external	359
Article_0128	India	link	258
other-internal	Article_0517	external	80
other-internal	China	external	318
Article_1836	World_War_II	link	481
Article_1552	Article_0140	link	473
Article_1370	India	link	397
Article_2469	Article_0016	link	396
Article_0444	Article_0020	link	240
Article_2177	Article_0113	link	33
Article_2882	Article_0577	link	15
Article_2833	Article_3221	link	160
Article_1547	Canada	link	285
Article_1426	Article_3929	link	50
Article_0797	Article_0131	link	388
Article_3748	YouTube	link	128
Article_2105	Article_0319	link	397
other-internal	Article_0081	external	120
other-search	India	other	12
other-internal	Article_0102	external	289
other-search	Article_0103	other	98
Article_3553	Article_0157	link	313
other-internal	Article_0015	external	106
Article_0192	Article_2496	link	388
other-internal	Article_2964	external	241
other-search	India	other	192
Article_1159	Article_0273	link	134
other-search	Article_0574	other	318
Article_2724	Article_2913	link	327
Article_3876	Article_0764	link	243
other-internal	United_States	external	372
Article_1773	Article_1187	link	87
Article_3233	United_States	link	343
Article_2712	United_States	link	145
other-internal	Article_0216	external	76
other-internal	Article_0212	external	387
Article_2169	Article_3374	link	303
Article_3565	Article_0579	link	494
Article_2967	Article_0954	link	334
Article_3879	China	link	463
Article_0837	Article_2276	link	433
Article_2985	United_States	link	107
Article_2344	Article_0443	link	289
other-internal	Article_0063	external	94
Article_3406	Canada	link	169
Article_0332	Article_1201	link	272
Article_0300	Article_0014	link	229
Article_2097	Article_0064	link	63
Article_0818	United_States	link	224
Article_0061	Article_1171	link	411
Article_1002	Article_1014	link	91
other-internal	Article_0063	external	91
Article_3798	United_States	link	281
Article_0660	Article_0043	link	150
other-internal	United_States	external	332
Article_2542	Article_0083	link	161
other-search	United_States	other	223
Article_1999	Article_2489	link	149
Article_1720	World_War_II	link	211
Article_2188	United_States	link	28
Article_1475	Article_0507	link	106
other-internal	Article_0018	external	311
other-internal	Article_0066	external	204
Article_1766	Article_0010	link	385
Article_0696	Article_0556	link	153
other-internal	United_States	external	49
Article_2849	China	link	118
Article_2276	Article_0857	link	342
Article_3530	Article_0061	link	480
Article_2483	Article_0395	link	374
Article_2263	Article_0493	link	130
other-internal	Article_2774	external	73
Article_3740	Germany	link	71
Article_1246	Article_0337	link	189
Article_3838	Article_1073	link	448
other-internal	Article_0782	external	326
Article_1349	YouTube	link	157
Article_1152	Article_0233	link	301
other-internal	Article_0010	external	382
other-internal	Article_1217	external	141
Article_2631	Article_2676	link	47
other-internal	Article_0348	external	315
Russia	Article_1819	link	346
other-internal	YouTube	external	162
other-internal	Article_1371	external	297
Article_1243	Article_1083	link	57
other-internal	Article_0052	external	123
Article_3422	Article_0095	link	183
Article_2556	Article_0610	link	191
other-internal	United_States	external	192
other-internal	Article_0055	external	17
Article_3598	Article_0017	link	393
Article_1874	Article_0282	link	316
other-internal	Article_0132	external	149
Article_0781	Russia	link	339
Article_2670	Article_0340	link	139
Article_0630	Article_1668	link	422
Article_3096	Article_0030	link	491
Article_1151	World_War_II	link	330
Article_1403	Article_3965	link	20
Article_2457	Article_0738	link	326
Article_2809	Article_0122	link	207
other-internal	Article_2490	external	98
Article_3995	Germany	link	314
Article_3751	United_States	link	94
Article_2907	Article_0149	link	247
Article_2763	Article_0478	link	196
Article_3454	Article_0220	link	410
other-internal	United_Kingdom	external	60
Article_0508	Article_0012	link	361
Article_3355	Article_0642	link	290
other-internal	Article_3263	external	43
Article_3384	Article_0242	link	428
other-internal	Article_1272	external	237
Article_1219	Article_0530	link	315
other-internal	Article_3712	external	87
other-search	Article_0014	other	381
other-search	Article_0041	other	112
Article_2116	Article_1494	link	14
other-internal	Article_0149	external	87
Article_3822	India	link	178
Article_1169	Article_0052	link	187
Article_0625	Article_0518	link	74
Article_1035	United_States	link	35
Article_1809	Article_1248	link	267
Article_1817	Article_0019	link	495
other-internal	Article_0340	external	387
other-internal	Canada	external	121
Article_2677	United_States	link	92
Article_2924	Article_0883	link	109
Article_1443	United_States	link	222
other-internal	Article_3278	external	109
Article_1668	United_Kingdom	link	208
other-internal	Article_0059	external	90
Article_2275	Article_1469	link	148
Article_1998	Article_0012	link	456
Article_2983	Article_0015	link	88
Article_3725	Article_0019	link	465
Article_3253	Article_0262	link	462
Article_3492	United_States	link	293
other-internal	Article_0015	external	302
other-internal	Article_0188	external	36
other-internal	United_States	external	98
other-internal	China	external	361
Article_0800	Article_0231	link	122
Article_3114	Article_0078	link	413
Article_3425	Article_0413	link	82
other-internal	Article_0037	external	389
other-internal	Article_0393	external	339
Article_2837	Article_0910	link	127
Article_2533	United_States	link	76
Article_1552	Article_2340	link	146
Article_2547	Article_0195	link	228
other-internal	Article_3681	external	207
Article_2552	Article_0024	link	164
Article_0290	United_States	link	333
Article_1314	Article_0467	link	188
Article_2666	Article_0047	link	167
Article_0156	Article_2459	link	210
Article_3411	Article_0070	link	147
other-internal	United_Kingdom	external	399
Article_1855	Article_0277	link	27
other-search	Article_0028	other	244
Article_2387	Article_0415	link	352
Article_2996	Article_2403	link	435
Article_1888	Article_1659	link	399
Article_2000	Article_0159	link	290
other-internal	Article_0304	external	106
Article_1769	United_States	link	213
other-internal	Article_0713	external	388
other-internal	Article_0309	external	78
other-internal	Article_3846	external	10
Article_1666	Article_3594	link	108
Article_2388	Article_0011	link	34
Article_2903	Article_0076	link	456
Article_3448	Article_0145	link	483
Article_1563	Article_0282	link	194
Article_3885	Article_0051	link	191
Article_0232	Article_0315	link	372
Article_2099	Article_0037	link	212
Article_2186	China	link	424
Article_3756	World_War_II	link	50
Article_3352	Article_0771	link	114
Article_0185	Article_0086	link	202
Article_0379	Article_0084	link	168
Article_0068	Article_0042	link	379
Article_3210	Article_0042	link	165
other-internal	Article_0368	external	49
Article_2928	United_States	link	80
Article_2877	United_States	link	134
Article_2166	Article_2165	link	161
Article_3206	United_States	link	308
Article_3688	China	link	106
other-internal	Article_0234	external	258
Article_1835	Article_0299	link	369
Article_1616	United_Kingdom	link	200
Article_1573	India	link	75
Article_0726	France	link	350
Article_2899	Article_0038	link	60
Article_3482	United_Kingdom	link	186
Article_0555	Article_0036	link	102
Article_2119	Article_1419	link	116
Article_1511	Article_1875	link	327
other-internal	Article_0012	external	189
other-internal	United_States	external	40
Article_3004	Article_0220	link	339
other-search	Article_1524	other	343
Article_3374	Article_0012	link	483
other-internal	Article_0272	external	270
other-internal	Article_0195	external	365
Article_3024	Article_0233	link	35
Article_3654	Article_0018	link	347
Article_3779	Article_0135	link	272
other-search	United_States	other	331
Article_3320	Article_0033	link	121
other-internal	Article_1054	external	64
Article_0018	Article_0060	link	476
Article_0952	France	link	492
other-internal	World_War_II	external	165
Article_1888	Article_0200	link	468
Article_1956	World_War_II	link	59
Article_2310	Article_0177	link	414
Article_1068	Article_0117	link	85
Article_0692	Article_0106	link	257
Article_3246	United_States	link	279
Article_2588	Article_0020	link	314
Article_2966	Article_0656	link	158
Article_0658	Article_0414	link	414
Article_2720	Article_0046	link	259
Article_0892	World_War_II	link	21
other-internal	Article_0360	external	253
other-internal	Article_0170	external	359
Article_3543	Article_0057	link	163
Article_1045	Article_1682	link	352
Article_1902	Article_1884	link	200
Article_1536	Article_0064	link	316
other-internal	Article_0254	external	116
other-internal	Article_0621	external	328
Article_1300	Article_1003	link	345
other-internal	Article_0278	external	96
other-internal	United_States	external	127
Article_2274	Article_0407	link	401
Article_2387	United_States	link	116
other-search	Article_0586	other	360
Article_3603	China	link	331
Article_0796	India	link	411
Article_3786	Article_0177	link	483
other-internal	Article_1085	external	128
Article_0482	Article_1527	link	323
Article_0884	Article_0664	link	14
Article_2956	Article_2669	link	282
Article_2683	India	link	160
Article_2209	Article_0012	link	368
Article_0267	Article_0017	link	448
other-internal	Article_0075	external	279
other-internal	Article_0383	external	266
other-internal	Article_0281	external	296
Article_2935	Article_0083	link	321
other-internal	Article_3458	external	243
Article_0068	Article_0028	link	481
Article_0838	Article_0038	link	256
other-internal	Article_0162	external	207
Article_2595	Article_0057	link	252
Article_0390	Article_0150	link	177
Article_2910	Article_0052	link	470
Article_1602	Article_0012	link	195
Article_3306	Canada	link	273
other-search	Article_0049	other	103
Article_2286	Article_0058	link	348
Article_0422	Article_0018	link	261
Article_2304	United_States	link	289
Article_0914	Article_0048	link	445
Article_0600	Russia	link	31
Article_2356	United_States	link	241
Article_2243	Article_0076	link	59
Article_1857	Article_1403	link	31
other-internal	Article_0066	external	227
other-internal	Article_2863	external	329
Article_2438	China	link	83
Article_2331	Article_3228	link	369
Article_2156	Article_1174	link	241
other-search	Article_1204	other	97
Article_0105	Article_0014	link	210
Article_0825	Article_0282	link	408
Article_0482	Article_0017	link	182
Article_0368	Article_0010	link	11
other-internal	Article_0792	external	300
Article_3384	Article_0828	link	495
other-internal	Germany	external	241
Article_0570	Article_0411	link	43
Article_1724	Article_0096	link	316
other-internal	World_War_II	external	106
Article_2290	Article_0815	link	373
other-internal	Article_0856	external	212
Article_3950	Article_0298	link	266
Article_3264	Article_0107	link	167
Article_1739	Article_0472	link	41
other-internal	India	external	129
Article_2347	Germany	link	436
Article_0214	Article_0073	link	47
Article_2714	India	link	292
Article_1841	United_States	link	297
Article_2611	Article_1430	link	373
other-internal	Article_0533	external	398
Article_1789	Article_0962	link	421
Article_0241	Article_0059	link	368
Article_0037	Article_0084	link	301
Article_3751	Article_0034	link	14
Article_2965	France	link	35
other-internal	Article_2531	external	204
Article_2087	Article_0573	link	265
Article_1349	India	link	213
Article_1650	Article_0101	link	323
Article_1993	Article_0012	link	308
Article_2193	Article_3578	link	94
other-internal	Article_0457	external	253
Article_0706	Article_1224	link	172
Article_2541	Article_0113	link	436
other-internal	Article_3039	external	260
Article_0057	Article_3544	link	414
Article_1767	Article_0990	link	485
other-search	Article_0088	other	375
Article_1310	Article_0230	link	348
other-internal	Article_0010	external	52
other-internal	Article_3830	external	387
other-internal	Article_0138	external	19
other-internal	Article_0349	external	243
Article_2175	Article_1298	link	229
Article_1101	Article_0111	link	391
other-internal	Article_0021	external	340
other-internal	Article_0383	external	113
other-internal	Article_0122	external	217
Article_2498	Article_0318	link	155
Article_3497	Article_2341	link	54
Article_0072	Article_0115	link	497
other-internal	World_War_II	external	359
other-search	Article_0015	other	257
Article_0408	Article_1841	link	469
other-internal	Article_0106	external	176
other-internal	United_States	external	129
other-search	Article_3215	other	126
Article_3715	YouTube	link	407
Article_0412	United_States	link	49
Article_2227	Article_0109	link	276
other-internal	Article_0570	external	89
Article_3770	Germany	link	319
Article_0711	World_War_II	link	78
Article_0865	Article_0011	link	101
other-internal	China	external	127
Article_2397	Article_0195	link	173
Article_2377	Article_0067	link	438
other-internal	Article_3128	external	280
Article_2894	Article_0034	link	205
Article_0947	France	link	199
other-search	Article_0115	other	17
Article_3697	Article_0039	link	88
other-internal	Article_0013	external	166
Article_0686	Article_0564	link	297
other-internal	Article_0303	external	396
other-internal	Article_0027	external	116
Article_0342	YouTube	link	369
Article_3718	India	link	422
Article_0281	Article_1331	link	441
Article_2604	Article_2469	link	391
other-internal	Article_0031	external	174
Article_2964	Article_3376	link	36
Article_2879	Article_0297	link	334
Article_0684	Article_0022	link	461
Article_3486	Article_0325	link	264
Article_1381	Article_0046	link	433
Article_3987	Article_0020	link	27
Article_1571	World_War_II	link	193
other-internal	Article_3311	external	96
Article_3952	Article_1549	link	150
Article_3986	World_War_II	link	480
Article_0819	Article_2159	link	356
other-internal	Article_0104	external	77
other-internal	Article_0155	external	353
Article_1880	Article_2968	link	278
other-internal	Article_1699	external	397
other-internal	Article_0135	external	311
Article_3960	Article_2042	link	308
Article_2467	China	link	306
Article_2815	Article_0522	link	265
other-internal	Article_0816	external	336
other-internal	India	external	328
Article_0259	Article_0020	link	177
other-search	Article_2217	other	126
other-search	Article_1147	other	56
other-internal	Article_0013	external	154
Article_2247	Article_0685	link	212
other-internal	United_States	external	351
Article_3658	Article_0013	link	398
Article_0701	Article_0424	link	155
other-internal	Article_0027	external	129
Article_1172	Article_0556	link	474
Article_1254	Article_0015	link	440
other-internal	Article_0082	external	328
Article_2376	Article_0062	link	41
other-internal	United_States	external	309
other-search	France	other	86
Article_2106	Article_2924	link	45
Article_0989	Article_0191	link	197
other-internal	Article_0020	external	53
Article_2407	Article_0057	link	166
Article_1691	United_Kingdom	link	161
other-search	Article_0048	other	104
other-internal	Article_0099	external	179
Article_3639	Germany	link	314
Article_3382	United_States	link	189
Article_0462	Article_0014	link	318
Article_3626	Article_0190	link	415
Article_0868	Article_3325	link	173
other-internal	Article_0036	external	76
Article_2410	Article_0184	link	155
Article_1036	Article_0108	link	88
Article_3203	Article_0139	link	60
Article_1283	India	link	27
Article_2577	Article_0900	link	408
Article_3462	Article_0173	link	192
Article_3493	Article_0039	link	139
other-internal	Article_3178	external	182
Article_1838	Article_0374	link	101
Article_2396	Article_1967	link	296
Article_3637	Article_0379	link	492
Article_2919	Article_1115	link	449
Article_1073	Article_0204	link	223
Article_3817	Article_1730	link	170
other-internal	World_War_II	external	296
Article_0545	Article_0073	link	177
Article_0817	Germany	link	282
Article_2660	Russia	link	152
Article_1809	Article_0014	link	452
other-internal	Article_0030	external	382
Article_3893	Article_0162	link	452
other-internal	Article_0041	external	244
Article_1924	United_States	link	473
other-internal	Article_2881	external	256
Article_3397	World_War_II	link	445
other-internal	Article_0447	external	22
Article_0607	Article_0018	link	352
Article_0633	Article_1862	link	455
Article_1014	United_States	link	101
Article_3464	India	link	411
other-search	Article_0053	other	122
other-internal	Article_3878	external	182
Article_0854	Article_2422	link	387
Article_0486	Article_0409	link	206
Article_1309	Article_0052	link	347
Article_0797	Article_1499	link	486
Article_1733	Article_1609	link	417
other-search	India	other	207
Article_1921	Article_0385	link	318
Article_3518	Article_0333	link	299
other-search	Article_3102	other	60
Article_0185	United_States	link	249
Article_2609	Article_0776	link	28
Article_2211	Article_0067	link	345
Article_3448	Article_0118	link	56
Article_0671	Article_1303	link	105
Article_3681	Article_0171	link	12
Article_2931	India	link	251
Article_2539	Article_0730	link	375
Article_0658	Article_0024	link	312
Article_0196	Article_1074	link	246
Article_0379	Article_0334	link	42
Article_3787	Article_0462	link	380
Article_2289	Article_3447	link	26
Article_2312	World_War_II	link	135
Article_3332	Article_0041	link	117
other-internal	Article_0539	external	40
Article_3651	Article_0017	link	181
Article_2087	World_War_II	link	468
Article_2254	Article_0873	link	255
Article_2101	Article_1923	link	235
Article_1851	France	link	20
Article_2999	Article_1135	link	81
Article_2690	United_Kingdom	link	449
Article_1072	Article_3965	link	216
other-internal	Article_0105	external	216
Article_1652	Article_0015	link	286
Article_3500	Article_3094	link	432
Article_3608	Article_0196	link	404
other-internal	Article_1664	external	268
Article_1452	Article_0020	link	280
Article_2501	Article_0170	link	214
Article_0906	India	link	455
Article_2721	United_States	link	78
Article_1528	Article_0020	link	431
Article_0638	Article_0122	link	156
other-internal	World_War_II	external	55
Article_2100	Article_0864	link	168
Article_2272	Article_0382	link	494
other-internal	Article_0013	external	120
Article_2965	Article_0252	link	431
Article_0957	Article_2990	link	98
Article_1002	India	link	152
Article_0158	Article_2733	link	12
Article_3904	Article_0010	link	365
Article_1752	Article_1136	link	427
other-internal	Article_3589	external	266
Article_3423	United_States	link	350
other-internal	Article_0867	external	77
Article_3011	Article_0364	link	201
other-internal	Article_0048	external	271
Article_2767	Article_0013	link	91
Article_0950	YouTube	link	46
other-search	Article_0151	other	379
Article_0341	Article_0029	link	380
Article_2223	Article_0055	link	309
Article_2242	Article_0820	link	251
Article_0787	India	link	437
Article_1882	Article_1715	link	220
Article_2879	Article_0012	link	319
other-internal	Article_0628	external	102
Article_3285	Article_0838	link	154
Article_3006	Article_1564	link	155
Article_3650	Article_0102	link	409
other-internal	Article_1089	external	346
Article_3334	Article_0886	link	145
other-internal	Article_2392	external	128
other-internal	Article_0209	external	368
Article_3213	Article_0095	link	445
Article_0691	Article_0341	link	189
Article_1248	Article_2934	link	69
Article_2483	Article_0934	link	442
other-internal	Article_0075	external	255
other-internal	China	external	395
Article_0390	Article_0011	link	456
Article_3746	Article_1400	link	384
Article_2159	Article_0648	link	267
Article_3129	Article_0020	link	353
Article_2045	Article_0452	link	372
other-internal	Article_0040	external	263
other-internal	Article_1904	external	185
Article_1686	Article_0139	link	17
Article_3328	Article_0013	link	392
other-search	Article_0012	other	294
Article_0132	Article_0312	link	476
Article_0671	Article_0077	link	492
Article_2283	Article_0377	link	380
Article_0359	Article_2496	link	118
other-internal	Article_3962	external	272
Article_1913	Article_0178	link	456
Article_0651	Article_3833	link	166
Article_3523	Article_0095	link	111
Article_3935	Article_0385	link	433
Article_3286	United_States	link	429
Article_1448	Article_1003	link	87
other-internal	Article_0161	external	229
Article_0464	Article_0015	link	18
Article_3543	China	link	193
Article_3897	Article_0012	link	374
other-internal	Article_0118	external	357
Article_2815	Article_0292	link	439
Article_3253	Article_2500	link	411
other-internal	United_States	external	362
Article_2576	Article_0100	link	211
Article_2421	India	link	424
Article_1461	Article_0168	link	367
Article_0481	United_Kingdom	link	297
other-internal	Article_0698	external	252
Article_1870	Article_1025	link	336
other-internal	Article_0027	external	22
Article_1028	Article_1516	link	329
other-internal	Article_0117	external	75
Article_2694	Article_0123	link	183
Article_2088	Article_0064	link	267
Article_3204	Article_1810	link	465
other-internal	Article_0760	external	119
other-internal	Article_1935	external	310
other-internal	World_War_II	external	87
other-internal	Article_0034	external	337
other-internal	United_Kingdom	external	150
Article_0657	Article_0011	link	337
Article_1893	Article_1185	link	205
Article_1732	United_States	link	264
other-internal	Article_0037	external	313
Article_0772	Article_2365	link	175
Article_2862	China	link	358
Article_3676	Article_0583	link	419
Article_0726	Article_0102	link	373
other-internal	Article_0530	external	267
other-internal	Article_0020	external	143
other-internal	YouTube	external	368
Article_2359	Article_1017	link	383
Article_0575	Article_0169	link	116
Article_1418	Article_0755	link	425
Article_3103	Article_0069	link	136
Article_2633	Article_0373	link	438
Article_2007	Article_0030	link	163
Article_0298	Article_0733	link	20
other-internal	Article_2503	external	84
Article_2940	Article_1722	link	141
other-internal	Article_0226	external	269
Article_0355	Article_1203	link	293
Article_0516	Article_0010	link	455
Article_0415	Article_0628	link	228
Article_0136	India	link	36
Article_2224	Article_2858	link	231
other-internal	Article_0227	external	15
other-internal	Article_0069	external	113
other-search	Article_0475	other	289
Article_3739	Article_0240	link	247
Article_2015	Article_0135	link	102
Article_3009	Article_0014	link	156
other-internal	Article_0125	external	39
Article_2784	Article_2567	link	108
other-internal	United_States	external	86
Article_3577	Article_1222	link	445
other-internal	Article_2725	external	353
Article_3998	Article_1966	link	341
Article_0770	Article_0065	link	27
Article_0266	Article_0015	link	258
Article_2522	Article_2133	link	75
Article_0056	Article_0106	link	355
Article_0371	Article_1277	link	139
Article_3013	Article_0752	link	121
Article_2627	Article_0014	link	334
Article_0911	United_States	link	478
other-internal	Article_0036	external	151
other-internal	Article_0385	external	266
other-internal	Article_0026	external	21
other-internal	Article_1675	external	200
other-internal	France	external	99
Article_0177	Russia	link	51
other-internal	Article_0108	external	268
Article_1110	China	link	292
Article_2492	Article_0157	link	250
Article_1695	Canada	link	139
Article_1884	United_Kingdom	link	137
Article_2257	Article_0426	link	192
other-internal	Article_2092	external	114
other-internal	Article_3408	external	177
Article_3765	Article_0250	link	264
other-internal	Article_1609	external	194
other-internal	India	external	100
China	Article_2426	link	496
other-internal	Germany	external	62
Article_2495	Article_0016	link	270
Article_0558	YouTube	link	164
other-search	Article_1442	other	301
Article_2003	Article_0768	link	439
Article_2783	World_War_II	link	208
other-internal	Article_2207	external	107
other-internal	Article_1088	external	176
Article_1010	India	link	411
other-internal	YouTube	external	308
Article_3067	India	link	10
Article_0493	Article_0383	link	364
Article_2156	Article_3279	link	94
other-internal	Article_0325	external	160
Article_0983	India	link	141
Article_2332	Article_0321	link	234
Article_2209	Article_3586	link	183
Article_3952	Article_0026	link	87
Article_1085	Article_0017	link	70
Article_0940	Article_1253	link	292
Article_1376	Article_0216	link	336
other-internal	United_States	external	33
Article_1543	United_Kingdom	link	10
Article_0819	Article_1879	link	496
Article_2140	Article_0052	link	297
other-search	United_States	other	174
other-internal	China	external	353
other-internal	Article_0269	external	369
Article_0347	Article_0090	link	493
other-internal	World_War_II	external	253
other-internal	Article_0067	external	294
Article_3829	Article_3191	link	194
Article_1498	Article_0087	link	476
other-internal	Article_0035	external	222
Article_0472	United_States	link	104
Article_0184	Article_0055	link	94
Article_1047	Article_0020	link	126
other-internal	Article_0134	external	132
Article_1292	Article_0166	link	478
Article_3362	YouTube	link	153
Article_0540	Article_0013	link	499
other-internal	Article_0014	external	380
other-internal	World_War_II	external	251
other-internal	Article_0244	external	298
Article_1517	Article_0473	link	305
Article_0135	United_States	link	435
other-internal	Russia	external	96
other-internal	Article_3561	external	308
Article_1845	Article_2458	link	207
Article_3618	Article_0212	link	302
Article_3424	Germany	link	41
other-internal	Article_0474	external	328
Article_3446	Article_0177	link	425
Article_1198	Article_3174	link	425
other-internal	United_Kingdom	external	170
Article_1492	United_States	link	255
Article_2992	Article_1782	link	59
other-internal	Article_1879	external	235
Article_1895	YouTube	link	439
Article_3383	China	link	142
other-internal	Article_0068	external	391
Article_2062	Article_2244	link	378
other-internal	Article_3363	external	393
other-internal	Article_2832	external	12
Article_2472	Article_0031	link	260
other-search	Article_0083	other	153
Article_1462	Article_0013	link	379
Article_1206	Article_3553	link	156
Article_0431	Article_0059	link	363
other-internal	Article_1271	external	163
Article_3173	United_Kingdom	link	490
other-internal	Article_0886	external	51
other-internal	Article_0057	external	380
Article_1708	Article_0208	link	322
Article_0214	Article_0568	link	11
other-internal	Article_0205	external	47
Article_1249	Article_0044	link	393
Article_2530	Article_0631	link	230
Article_2462	Article_0079	link	110
Article_1805	India	link	118
Article_0443	Article_0216	link	21
other-internal	Article_0320	external	38
other-search	YouTube	other	130
Article_0220	United_Kingdom	link	141
other-internal	Article_0289	external	130
Article_3008	United_States	link	107
other-internal	Article_1433	external	99
Article_3329	Article_0035	link	432
Article_3913	India	link	252
other-internal	YouTube	external	55
Article_1892	Article_0013	link	365
Article_3970	China	link	459
Article_3965	Article_0103	link	275
other-internal	United_States	external	287
Article_0716	Article_0073	link	311
other-internal	Article_0019	external	321
other-internal	Article_2736	external	323
Article_3559	United_States	link	154
other-internal	Article_1277	external	96
other-search	Article_0120	other	201
Article_0848	Canada	link	126
Article_2557	Article_0324	link	214
Article_3925	Article_0026	link	448
Article_2678	Article_0456	link	266
other-internal	Article_2879	external	120
other-internal	Article_0020	external	344
Article_2617	Article_1752	link	412
Article_0669	Article_0174	link	440
Article_3082	United_States	link	197
Article_2793	Article_1835	link	204
Article_0146	United_Kingdom	link	295
Article_2557	Article_0421	link	116
Article_2325	Article_0145	link	401
Article_1597	Article_0702	link	49
Article_3088	Article_0023	link	171
Article_2925	Article_0813	link	206
other-internal	Article_0028	external	334
Article_1984	Article_0159	link	424
other-internal	Article_0467	external	161
Article_0491	Article_0857	link	387
other-search	Germany	other	299
Article_2528	Article_0028	link	340
Article_1256	Article_1032	link	192
Article_0594	Article_3045	link	88
Article_0340	China	link	370
Article_0985	Article_0391	link	338
Article_1468	Article_0024	link	54
Article_2803	Article_0285	link	287
Article_3195	World_War_II	link	38
Article_2304	India	link	389
Article_2349	China	link	387
Article_1402	Article_0043	link	328
Article_0877	India	link	119
YouTube	Article_0013	link	356
Article_1180	World_War_II	link	181
Article_2419	Article_0128	link	97
Article_1355	World_War_II	link	388
other-internal	Article_0022	external	397
Article_3911	Article_0023	link	196
other-internal	Article_0419	external	362
Article_3531	India	link	466
other-internal	Article_0061	external	14
Article_2868	Article_0035	link	12
Article_1982	Canada	link	342
Article_2629	Article_0385	link	154
Article_1174	Article_1022	link	148
Article_1458	Article_0036	link	238
Article_1937	Article_1002	link	491
Article_0838	Article_0039	link	116
other-internal	Article_0036	external	240
other-internal	Article_0250	external	122
Article_0290	Article_1403	link	473
Article_3933	Article_0833	link	138
other-internal	Article_0036	external	258
other-internal	Article_0040	external	241
Article_3496	Article_0253	link	78
Article_2440	Article_0152	link	296
Article_1019	Article_1009	link	346
Article_3869	Article_0016	link	341
other-internal	Article_0056	external	345
Article_3291	Article_0016	link	269
Article_3296	YouTube	link	136
Article_3227	Article_1162	link	409
Article_1905	Article_1274	link	245
other-internal	Article_3456	external	347
Article_0548	Article_0125	link	151
Article_1704	Article_2453	link	276
Article_3173	France	link	230
other-internal	Article_2055	external	393
Article_2425	Article_0867	link	211
Article_3479	Article_1033	link	210
Article_1773	Article_0093	link	420
other-internal	Article_2368	external	235
other-internal	Article_0634	external	176
other-internal	Article_0030	external	144
Article_1598	Article_1539	link	284
other-internal	Article_0228	external	112
other-internal	Article_3645	external	297
other-internal	Article_0049	external	299
Article_0141	Article_0278	link	405
Article_2138	Article_0080	link	51
Article_1192	Article_1209	link	162
Article_1703	Article_0016	link	127
Article_2483	Article_3929	link	296
Article_3228	Article_0183	link	326
other-internal	Article_0029	external	160
Article_0350	Article_2460	link	175
Article_2041	Article_0014	link	484
Article_0346	Article_0033	link	105
other-internal	Article_0943	external	323
Article_2908	Article_0018	link	463
Article_3565	United_Kingdom	link	231
other-internal	Article_0122	external	234
Article_1960	Article_0432	link	279
Article_0751	Article_0745	link	318
other-internal	Article_0191	external	323
other-internal	Article_0125	external	391
Article_0345	United_States	link	115
other-internal	Article_0015	external	126
Article_1708	Article_1098	link	344
Article_0830	Article_0240	link	375
Article_3034	Article_0995	link	414
other-internal	Article_0870	external	230
Article_3131	Article_0542	link	62
other-internal	World_War_II	external	288
Article_2675	Article_0124	link	297
other-internal	Article_0011	external	151
Article_0537	Article_0427	link	497
other-internal	Article_0028	external	20
Article_1091	Article_1292	link	485
Article_3119	Article_2733	link	369
Article_3854	Article_0051	link	279
Article_0079	Article_0012	link	45
Article_2137	Article_0753	link	301
Article_1636	Article_1325	link	351
other-internal	Article_0036	external	183
Article_3613	Article_3486	link	269
Article_3305	Article_0118	link	65
Article_2473	Article_3331	link	357
Article_0780	Article_0208	link	394
other-search	Article_0200	other	258
other-internal	Article_0013	external	26
Article_2823	Germany	link	257
other-internal	Article_0226	external	236
Article_1190	Article_3917	link	182
Article_2856	Russia	link	140
Article_2307	Article_2336	link	27
Article_1506	World_War_II	link	194
Article_2459	Article_0638	link	393
Article_0129	Article_0608	link	463
Article_0490	Article_0107	link	439
Article_0268	Article_1012	link	31
Article_2093	Article_0080	link	454
Article_3975	Article_1304	link	202
Article_1329	Article_0038	link	100
Article_2816	Article_0013	link	215
Article_2813	World_War_II	link	310
other-internal	Article_0014	external	364
Article_2900	Article_0261	link	214
Article_0647	Article_1979	link	111
Article_3971	YouTube	link	415
other-internal	Article_0029	external	84
Article_1982	Article_0037	link	422
other-internal	United_States	external	267
other-internal	Article_0011	external	198
Article_2554	Article_0018	link	283
Article_1805	Article_0643	link	451
Article_1270	Article_0963	link	18
other-internal	YouTube	external	208
Article_0507	Article_0011	link	347
Article_0069	Article_0443	link	99
Article_3266	Canada	link	308
Article_3487	Article_2715	link	489
other-search	Article_0066	other	220
other-internal	Article_1886	external	237
Article_1559	Article_0075	link	157
Article_3064	Article_2716	link	258
Article_3907	Article_0229	link	213
Article_1731	Article_0187	link	492
other-internal	China	external	361
other-internal	Article_0357	external	346
Article_3828	Article_2419	link	481
other-internal	YouTube	external	106
Article_2706	Article_0011	link	393
Article_0669	Article_0041	link	351
Article_3285	Article_0052	link	19
other-internal	Article_0314	external	73
other-internal	United_Kingdom	external	275
Article_3471	India	link	222
Article_2607	Article_2009	link	178
Article_1544	United_Kingdom	link	381
Article_1557	Article_0010	link	78
Article_3067	Article_0522	link	312
Article_0236	World_War_II	link	397
Article_0242	Article_1012	link	382
other-search	United_States	other	249
Article_2702	Article_0227	link	440
other-internal	Article_0072	external	328
Article_2320	Canada	link	318
Article_0826	Article_1321	link	375
Article_0168	Article_1924	link	225
Article_2453	Article_3540	link	38
Article_3812	Article_0058	link	408
Article_1300	Article_0168	link	30
Article_2301	Article_3194	link	276
other-internal	Article_0911	external	250
Article_2435	Article_2563	link	341
Article_2578	Article_0036	link	84
other-internal	Article_0167	external	355
other-internal	United_States	external	395
Article_2510	World_War_II	link	37
Article_0828	Article_0981	link	78
other-internal	Article_2691	external	185
other-internal	Article_1429	external	20
other-internal	Article_0116	external	299
other-search	United_Kingdom	other	157
Article_3567	Article_3203	link	464
Article_2483	India	link	311
Article_3587	Article_0017	link	129
Article_3594	Article_2756	link	301
other-internal	Article_0110	external	294
other-internal	India	external	178
Article_0405	Germany	link	167
Article_3864	Article_0022	link	485
Article_0840	Article_0103	link	178
other-internal	United_States	external	197
Article_2550	India	link	413
Article_1537	Article_0500	link	143
Article_1268	Article_1890	link	461
Article_2384	Article_0583	link	17
Article_2666	Article_0026	link	319
Article_1846	Article_1426	link	158
other-search	Article_1403	other	161
other-internal	Article_2820	external	327
Article_0278	Article_0277	link	169
Article_0424	United_States	link	21
Article_0445	Article_0654	link	408
other-internal	Article_2186	external	318
Article_2888	Article_0065	link	94
Article_1997	Article_0019	link	245
Article_2257	Article_0027	link	71
Article_3579	Article_0038	link	373
other-internal	United_States	external	286
Article_3483	Article_0050	link	437
Article_2380	Article_0180	link	89
other-internal	Article_1215	external	112
Article_3116	France	link	212
Article_3746	Article_2014	link	135
other-internal	Article_0033	external	65
other-internal	Article_1999	external	60
Article_2595	Article_1399	link	145
other-internal	Article_0605	external	390
other-search	United_States	other	210
Article_2665	Article_0564	link	195
Article_0864	Article_0139	link	382
other-internal	Article_0091	external	306
Article_2620	United_States	link	45
Article_3563	Article_1781	link	380
Article_1051	Article_0045	link	178
Article_2225	France	link	282
other-internal	Article_0051	external	258
Article_0285	China	link	253
other-internal	United_States	external	119
Article_3246	Article_0192	link	157
Article_3628	Russia	link	305
Article_1851	Article_1057	link	83
Article_1009	Article_0014	link	67
Article_3084	Article_2085	link	63
Article_1247	Article_0313	link	443
Article_1193	Article_0043	link	345
Article_1182	Article_0032	link	302
Article_3085	Article_0038	link	490
Article_0200	Article_2883	link	327
Article_1467	United_States	link	332
Article_3247	Article_0099	link	67
Article_0171	Article_0018	link	259
other-internal	Article_0011	external	141
Article_3839	Article_0106	link	270
Article_3937	Germany	link	142
other-internal	India	external	377
Article_0963	Article_1735	link	15
Article_2001	Article_0012	link	377
Article_2395	Article_0211	link	451
Article_2223	Canada	link	189
Article_0616	World_War_II	link	197
other-internal	Article_1034	external	151
Article_1405	Article_2360	link	54
Article_0117	Article_1244	link	44
Article_2456	Article_0302	link	241
Article_0654	Article_0062	link	484
other-internal	Article_0277	external	150
other-internal	Canada	external	242
other-internal	Article_2846	external	282
Article_3159	Article_1792	link	162
other-internal	India	external	303
Article_2785	Article_0319	link	82
other-internal	Article_0524	external	222
Article_3195	Article_0027	link	271
Article_2178	Article_0055	link	225
other-internal	Article_0857	external	51
Article_0227	United_States	link	164
Article_0120	World_War_II	link	222
other-internal	Article_0666	external	70
other-internal	Article_0019	external	127
other-internal	Article_3638	external	78
other-internal	Canada	external	75
Article_3436	Article_0229	link	181
Article_0168	Article_0017	link	276
Article_0033	Article_0365	link	308
Article_2461	Article_0227	link	304
Article_1452	YouTube	link	268
Article_3692	Article_0023	link	445
other-internal	Article_1708	external	367
other-search	Germany	other	126
Article_1035	Article_0213	link	116
other-internal	Article_0201	external	293
Article_1282	Article_0051	link	468
Article_0686	Article_0112	link	465
Article_2669	Article_0018	link	96
Article_3706	Germany	link	234
other-internal	Article_0373	external	218
other-internal	Article_2070	external	169
other-search	Article_0025	other	171
Article_3402	United_Kingdom	link	361
Article_2281	United_States	link	444
other-internal	Article_0447	external	304
other-internal	Article_1015	external	17
Article_1416	Article_0064	link	263
Article_2658	Article_0164	link	139
Article_2884	Article_2712	link	245
Article_3084	Article_0183	link	25
Article_0612	United_States	link	296
Article_1994	Article_0012	link	340
other-internal	Article_0024	external	212
Article_1192	Article_0267	link	280
Article_0313	Article_2125	link	276
other-internal	Article_0031	external	337
Article_2187	Article_0319	link	241
Article_2848	United_States	link	453
Article_0088	Article_3010	link	261
other-internal	Article_0055	external	78
Article_2897	Article_1565	link	382
other-internal	India	external	283
other-internal	Article_0056	external	316
Article_0188	Article_0191	link	336
other-internal	Article_0088	external	259
Article_0139	Article_0065	link	274
other-internal	United_Kingdom	external	201
Article_3696	Article_0019	link	180
Article_3920	Article_0036	link	326
other-search	Article_0036	other	87
Article_3719	Article_3011	link	344
Article_2862	Article_0231	link	37
Article_2083	Article_1090	link	16
other-internal	India	external	67
Article_2141	Article_3421	link	472
Article_0273	Article_0014	link	455
Article_2115	China	link	255
Article_1078	Article_0011	link	118
Article_1598	Article_0737	link	389
other-internal	India	external	25
other-internal	Article_0015	external	114
other-internal	Article_0015	external	228
Article_2618	India	link	306
Article_0468	Article_0036	link	144
Article_1443	Article_0065	link	463
Article_2573	World_War_II	link	384
Article_3244	Article_0166	link	122
Article_2450	United_Kingdom	link	359
other-internal	Article_0804	external	173
other-internal	Article_0058	external	160
Article_3896	Article_2978	link	325
Article_3100	Article_0387	link	390
other-search	Article_0022	other	377
Article_0686	Article_0040	link	58
Article_0460	Article_2673	link	100
Article_1034	Article_0025	link	17
Article_3280	Article_0020	link	415
Article_0719	China	link	170
other-internal	Article_2064	external	102
Article_2701	Canada	link	409
Article_2639	Article_1616	link	223
other-search	Article_0019	other	258
Article_1530	Article_0018	link	77
other-internal	United_States	external	12
other-internal	Article_0619	external	276
other-internal	Article_0352	external	345
other-internal	Article_0894	external	287
Article_3975	Article_0347	link	207
Article_2840	Article_0081	link	340
Article_1479	Article_0011	link	484
Article_2244	United_States	link	69
Article_2992	Article_0130	link	316
Article_0774	Article_0051	link	67
Article_2411	Article_0045	link	145
other-internal	Article_0105	external	363
Article_3399	World_War_II	link	265
Article_3850	Article_1110	link	321
India	Article_0076	link	295
Article_0352	Article_0183	link	241
Article_2785	Article_0463	link	117
Article_0946	Article_0358	link	390
other-internal	Article_0053	external	329
Article_1817	Article_0183	link	200
Article_2399	United_States	link	384
other-internal	Article_0681	external	255
Article_3396	Article_0040	link	138
Canada	Article_1273	link	291
Article_2866	Germany	link	165
other-internal	Article_0413	external	328
Article_0253	Article_0048	link	344
other-internal	United_States	external	341
Article_3025	United_States	link	238
Article_0230	Article_0041	link	209
other-internal	Article_1126	external	10
Article_1195	Article_0457	link	21
Article_0189	Article_0606	link	397
Article_2400	Article_0097	link	282
Article_3693	Article_0011	link	445
Article_3211	Article_2575	link	370
other-internal	Article_1579	external	203
other-internal	Article_2934	external	71
Article_3985	Article_0095	link	211
other-internal	Article_0526	external	315
Article_0625	Article_1511	link	357
Article_3830	Germany	link	380
Article_0070	Article_0077	link	389
other-internal	United_States	external	126
Article_0163	Article_0930	link	138
other-internal	United_States	external	224
Article_1409	Article_0052	link	73
other-internal	Article_0127	external	102
other-internal	United_States	external	311
Article_2152	Article_3053	link	275
Article_0134	United_States	link	129
Article_2298	Article_2641	link	228
Article_1833	Article_0140	link	476
other-internal	Germany	external	231
Article_2540	Article_0020	link	331
other-internal	United_States	external	170
other-internal	Russia	external	74
Article_3474	Article_1589	link	334
other-internal	Article_0035	external	19
other-internal	Article_0165	external	300
Article_1362	Article_0012	link	258
other-internal	Article_0174	external	315
Article_1813	Article_1160	link	378
Article_1705	United_States	link	125
Article_2015	Article_0018	link	466
Article_2989	Article_0945	link	303
other-internal	Article_0337	external	98
Article_3919	Article_0051	link	267
Article_3980	Article_1311	link	332
Article_0998	Russia	link	218
other-internal	Article_1893	external	34
Article_3981	India	link	156
Article_1519	Article_0081	link	284
Article_1509	Article_0042	link	329
other-internal	Article_0600	external	86
Article_2696	Article_0042	link	426
other-internal	Article_3843	external	325
other-internal	Article_0263	external	84
other-internal	India	external	337
Article_1377	Article_3050	link	272
Article_0937	Article_0578	link	275
Article_1407	Germany	link	407
other-internal	Article_0397	external	211
Article_0673	France	link	43
other-search	United_Kingdom	other	130
other-internal	Article_0382	external	104
Article_3376	Article_0116	link	396
Article_3757	Article_0110	link	180
other-internal	Article_2698	external	127
other-internal	Article_0061	external	214
Article_1315	Article_1088	link	285
Article_3279	United_States	link	319
other-internal	Article_0791	external	253
Article_1328	Canada	link	413
Article_1792	YouTube	link	310
Article_0714	Article_0028	link	364
other-internal	India	external	187
Article_1587	Article_0431	link	177
other-search	Article_0012	other	117
other-internal	Article_1664	external	15
Article_3837	Article_0014	link	226
Article_2335	Article_0646	link	47
Article_3715	Article_0307	link	158
other-internal	Article_0013	external	308
other-search	Article_0292	other	370
other-internal	Article_0117	external	156
Article_0480	Article_0085	link	464
Article_1424	Article_0031	link	296
Article_2235	Article_0119	link	486
Article_1052	Article_1206	link	394
Article_3275	Article_0092	link	452
Article_2287	Article_2305	link	193
Article_0115	Article_2296	link	55
Article_3171	India	link	58
other-internal	Article_0056	external	234
Article_3859	Article_0141	link	216
other-internal	Article_0202	external	106
other-internal	China	external	190
other-internal	Article_0375	external	112
other-internal	Article_0112	external	258
other-internal	United_States	external	346
Article_0180	Article_0146	link	397
Article_2890	Article_0490	link	320
Article_0951	Article_0524	link	274
other-internal	Article_0044	external	350
Article_2505	YouTube	link	420
Article_3150	United_States	link	41
Article_0077	Article_0100	link	136
Article_1450	Article_0561	link	187
Article_1021	Article_0403	link	324
Article_1584	Article_0804	link	316
Article_1521	Article_0295	link	392
Article_0400	Article_0098	link	37
other-search	YouTube	other	252
Article_2862	Article_0012	link	178
Article_1121	Article_1439	link	107
Article_1290	Article_2084	link	448
Article_3285	Article_0065	link	47
Article_2272	Article_1713	link	437
Article_0981	United_States	link	41
Article_2690	China	link	180
Article_1242	Article_3402	link	14
other-internal	Article_0019	external	195
other-internal	Article_0016	external	305
Article_2811	Article_0161	link	413
Article_1065	Article_0232	link	204
Article_3321	YouTube	link	210
Article_2783	Article_0320	link	377
Article_2147	Article_0239	link	487
Article_0616	China	link	309
Article_2968	Article_3590	link	277
Article_0564	Article_0011	link	354
Article_1449	Article_0292	link	444
other-internal	United_States	external	302
Article_1103	Article_0085	link	203
Article_1934	Article_1172	link	25
Article_2013	Article_0252	link	154
Article_3801	Article_2847	link	244
other-internal	United_States	external	317
Article_2283	Article_0017	link	457
Article_2673	Article_0919	link	436
Article_0275	Article_0064	link	359
other-search	Article_2579	other	190
other-internal	Article_0127	external	228
Article_2583	Article_0619	link	482
other-internal	Article_0034	external	335
Article_2785	Article_0226	link	435
Article_2540	Article_1235	link	473
other-search	Article_0319	other	31
Article_3940	Article_0325	link	419
Article_0483	Article_2083	link	484
other-internal	Article_0120	external	116
other-internal	Article_0088	external	40
other-search	Article_2746	other	119
Article_2566	Article_1307	link	418
Article_1058	Article_0498	link	202
Article_0314	Article_1144	link	128
other-internal	Article_0010	external	104
other-internal	Article_1238	external	159
Article_2771	Article_0686	link	239
Article_3070	Article_0231	link	426
Article_3692	Article_1917	link	419
Article_3875	India	link	179
Article_2861	Article_0121	link	451
Article_2355	Article_0679	link	306
other-internal	Article_0011	external	150
Article_3694	Article_0053	link	226
other-search	India	other	201
Article_0096	Article_0566	link	22
Article_1171	Article_0012	link	14
other-internal	Article_0816	external	106
other-internal	India	external	13
Article_3328	Article_0012	link	151
Article_2669	Article_2302	link	420
Article_2296	India	link	239
Article_1074	Article_3246	link	62
Article_0584	United_States	link	281
other-internal	Article_0960	external	25
other-internal	Article_0291	external	310
other-internal	France	external	347
Article_1705	Article_0106	link	303
Article_1219	Article_0200	link	478
other-internal	India	external	376
Article_3296	Article_1854	link	189
Article_3692	Germany	link	456
Article_0556	Article_2351	link	432
other-internal	Article_3913	external	357
Article_0626	Article_0035	link	475
Article_3075	Article_0821	link	492
Article_2203	Article_0163	link	459
Article_2344	Article_0015	link	303
Article_2702	United_States	link	87
other-search	Article_1353	other	69
Article_1130	Article_0030	link	351
Article_1329	United_States	link	218
Article_0051	Article_0874	link	73
other-internal	Article_3074	external	82
Article_2331	Article_0052	link	257
other-internal	United_States	external	287
Article_3440	Article_0158	link	195
Article_3300	United_States	link	442
Article_2972	Article_0303	link	182
Article_2674	Article_0681	link	321
other-internal	Article_0228	external	354
Article_1797	Article_2168	link	91
Article_1038	Article_0137	link	311
Article_3290	World_War_II	link	156
Article_0881	Article_0044	link	200
other-search	United_States	other	287
other-internal	United_States	external	272
Article_3113	Article_0119	link	217
Article_1596	Article_2061	link	286
Article_2323	Article_0226	link	50
Article_2360	Article_0010	link	426
other-internal	Article_0012	external	396
Article_2239	Article_0816	link	206
Article_0320	Article_0024	link	399
Article_3961	Article_1333	link	180
Article_1501	India	link	382
other-internal	Article_2136	external	397
other-internal	Article_3563	external	267
Article_2214	Article_0721	link	366
Article_1594	Canada	link	68
Article_3500	Article_0229	link	304
Article_2439	YouTube	link	269
Article_3638	Article_0026	link	12
Article_3793	Article_0273	link	201
other-internal	Article_0065	external	180
other-internal	Article_0234	external	178
other-internal	Article_3131	external	161
other-search	Article_0093	other	58
Article_2614	Article_1043	link	298
Article_3083	Article_0113	link	214
Article_0637	Article_1527	link	222
Article_2003	Article_0227	link	88
other-internal	Article_0043	external	167
Article_0555	Article_0058	link	432
other-internal	Article_0130	external	367
Article_0839	Article_0735	link	494
Article_2544	Article_0028	link	260
Article_1858	Article_1596	link	404
other-internal	Article_2685	external	108
Article_0917	World_War_II	link	249
other-internal	Article_0060	external	235
Article_3631	Article_0318	link	250
Article_3913	World_War_II	link	70
Article_1562	Article_2860	link	219
other-internal	Russia	external	34
other-search	Article_0033	other	357
Article_3153	Article_0052	link	373
other-internal	Article_0102	external	69
Article_1848	India	link	208
Article_0661	Article_0510	link	302
other-internal	Article_2327	external	239
other-internal	India	external	184
Article_1766	Article_0070	link	317
Article_2098	Article_0515	link	116
Article_0184	Article_0179	link	430
other-internal	Article_1192	external	348
other-internal	Article_0134	external	72
other-internal	Article_0306	external	361
other-internal	Article_2682	external	209
other-internal	Canada	external	173
Article_1645	India	link	228
Article_2209	Article_1305	link	405
other-internal	Article_0068	external	67
other-internal	Article_0638	external	136
Article_1199	United_Kingdom	link	404
Article_0731	United_States	link	144
other-search	United_States	other	38
Article_2220	Article_2596	link	362
other-internal	Article_3461	external	100
Article_2182	United_States	link	497
Article_1983	Article_0209	link	173
other-internal	Article_0013	external	90
other-search	Article_0118	other	283
Article_3206	Article_0046	link	293
other-internal	India	external	61
other-internal	Article_0154	external	133
Article_1397	Article_0183	link	156
other-search	Germany	other	176
Article_0763	Article_0063	link	111
Article_3561	Article_0041	link	430
Article_2331	Article_1525	link	485
Article_1362	Article_0428	link	409
Article_3104	Article_0280	link	106
Article_3310	Article_0843	link	219
Article_3405	Article_0672	link	484
Article_3585	United_Kingdom	link	473
other-internal	Article_0648	external	372
Article_1276	Article_0029	link	343
other-internal	Article_0600	external	289
other-internal	Article_0159	external	376
Article_3209	Article_0149	link	327
other-internal	Article_3160	external	393
Article_0903	Article_2923	link	218
other-internal	Article_0077	external	256
Article_3952	Article_0372	link	26
Article_1726	Article_0032	link	259
Article_2720	Article_1381	link	230
Article_0437	United_States	link	188
Article_0475	Article_0516	link	457
Article_2305	Article_0764	link	351
Article_2636	Article_3973	link	13
Article_3307	Article_2280	link	126
Article_1353	United_States	link	36
other-internal	Article_0186	external	196
Article_3391	Article_2203	link	204
Article_3593	Article_2549	link	124
Article_1711	Article_2295	link	228
Article_0959	United_States	link	75
other-internal	Article_3516	external	37
Article_3923	Article_0424	link	327
Article_2560	Article_0493	link	238
other-internal	Article_0205	external	289
Article_0283	World_War_II	link	344
other-search	Article_0106	other	206
Article_1326	Article_1755	link	55
Article_3507	Article_0602	link	69
Article_3730	Article_0429	link	315
Article_0038	Article_1398	link	274
Article_3499	Article_0120	link	192
Article_0917	Article_0220	link	120
Article_2365	Article_0188	link	199
Article_1450	India	link	417
Article_1090	Article_0084	link	83
Article_0599	Article_0192	link	208
Article_3896	Article_2691	link	195
Article_2226	Article_0543	link	94
other-internal	China	external	219
Article_0221	Russia	link	322
other-search	Article_0055	other	367
Article_1489	Article_0196	link	23
Article_2249	Article_2369	link	41
Article_1001	Article_0247	link	186
other-internal	Article_0011	external	131
other-internal	United_States	external	129
Article_0822	United_States	link	109
Article_2301	India	link	174
other-internal	Article_0181	external	316
Article_0138	Article_1285	link	352
Article_3518	Article_0056	link	379
Article_0183	Article_2146	link	443
Article_3240	Article_1481	link	226
Article_2613	Article_1387	link	342
Article_2840	United_States	link	132
Article_1070	United_States	link	143
Article_1270	United_Kingdom	link	386
other-internal	World_War_II	external	103
Article_2630	Article_1734	link	67
Article_2031	Article_0024	link	362
Article_3775	Article_0017	link	333
Article_2689	Article_0025	link	494
Article_1585	Article_3916	link	85
Article_1228	Article_0018	link	126
Article_0526	Article_3080	link	177
Article_1695	Article_0974	link	203
Article_2182	Article_0546	link	260
other-internal	India	external	145
Article_3679	Article_3066	link	302
Article_1013	Article_0332	link	460
Article_1856	Article_0512	link	38
Article_0905	Article_0423	link	318
other-internal	Russia	external	65
Article_0707	Article_3081	link	62
Article_0574	Article_0283	link	345
Article_0721	Article_0015	link	212
Article_0290	Article_0012	link	156
other-internal	Article_0442	external	245
Article_0967	Article_0013	link	223
Article_1504	Article_0194	link	131
Article_1562	Article_0010	link	171
Article_0251	Russia	link	351
Article_3807	Article_0096	link	139
Article_0431	China	link	225
Article_3526	Article_0664	link	253
Article_2288	Article_0020	link	158
other-internal	Article_2963	external	25
other-internal	Article_0537	external	100
Article_3860	Article_0191	link	468
Article_0922	Article_0263	link	212
Article_1794	China	link	227
other-internal	Canada	external	305
Article_1300	Article_0106	link	340
Article_0050	Article_0181	link	417
Article_2561	Article_0185	link	417
Article_2903	Canada	link	442
other-internal	Article_1837	external	260
other-internal	Article_0283	external	233
Article_0923	Article_0662	link	433
Article_2879	YouTube	link	393
Article_1394	Article_2777	link	306
Article_1029	Article_3413	link	124
other-internal	Article_0031	external	109
Article_3011	Article_3548	link	207
Article_2825	Article_1796	link	87
Article_0349	Article_0012	link	57
Article_3078	Article_2054	link	485
Article_0846	Article_0052	link	249
other-internal	Article_0699	external	193
Article_0766	United_States	link	87
other-internal	Article_0132	external	292
Article_2630	Article_0377	link	446
other-internal	Article_0064	external	221
Article_1473	Article_2822	link	64
Article_3932	China	link	347
Article_3746	World_War_II	link	21
Article_2930	Article_3935	link	192
Article_3804	Article_0322	link	338
Article_3850	Article_0309	link	366
Article_0963	India	link	236
Article_0770	Article_1334	link	339
other-internal	Article_0023	external	34
Article_3816	Article_0160	link	319
other-internal	Article_0065	external	130
Article_3301	India	link	263
other-internal	Article_1556	external	30
Article_3014	Russia	link	427
other-internal	Article_0020	external	355
Article_0552	Article_0505	link	498
Article_1193	Article_1027	link	460
Article_0549	Article_1424	link	11
Article_0592	Article_0906	link	472
Article_3249	Article_0156	link	91
Article_1810	Article_0011	link	138
Article_3354	United_States	link	401
Article_2834	Article_2525	link	368
Article_3370	Article_1712	link	355
other-internal	Article_0477	external	164
other-internal	Article_0020	external	12
Article_0806	Article_3859	link	353
Article_2055	Article_0081	link	471
Article_2688	Article_0985	link	200
other-internal	Article_0217	external	176
Article_2328	Article_1411	link	78
other-search	YouTube	other	96
Article_3557	Article_3485	link	357
other-internal	Article_0060	external	49
Article_1981	Article_0028	link	374
Article_1567	Article_0036	link	302
Article_1272	Article_0017	link	17
other-internal	Article_3181	external	395
Article_3621	Article_0094	link	477
Article_3623	Article_0041	link	493
Article_0295	World_War_II	link	206
Article_2612	Article_0360	link	85
Article_1491	India	link	210
Article_1620	Article_0353	link	287
Article_0368	Article_0066	link	137
Article_3863	Article_2031	link	170
Article_0889	Article_0032	link	93
Article_2471	Article_0152	link	81
Article_0266	Article_0145	link	225
Article_3851	Article_1742	link	133
other-internal	Article_1345	external	158
other-internal	Article_0020	external	198
Article_1074	India	link	102
Article_1187	Article_1007	link	209
Article_0900	Article_0010	link	316
other-internal	United_States	external	224
Article_0381	Article_0142	link	347
Article_1091	Article_0307	link	159
other-search	Article_0813	other	191
Article_3327	Article_1356	link	463
Article_3118	Article_0549	link	490
other-internal	Article_3086	external	378
Article_3444	Article_0571	link	244
Article_3656	Article_1212	link	104
other-internal	Article_0037	external	218
YouTube	Russia	link	349
Article_1073	Article_0027	link	336
Article_3158	Article_0016	link	201
other-internal	Article_0274	external	375
other-internal	Article_0759	external	63
Article_1256	Article_0044	link	201
Article_1919	France	link	28
Article_1864	Article_0054	link	253
Article_0357	Article_1011	link	105
Article_2211	Article_0651	link	160
Article_1316	Article_0096	link	498
Article_2543	YouTube	link	404
Article_1517	Russia	link	347
Article_1882	Article_0065	link	478
other-internal	Article_0053	external	365
other-internal	Article_0481	external	352
other-search	Article_0165	other	383
Article_0871	Article_0022	link	279
Article_0878	World_War_II	link	208
Article_2578	Article_0012	link	153
other-internal	Article_0146	external	306
other-internal	Article_0049	external	380
Article_2181	Article_0046	link	491
Article_0619	Article_1221	link	76
other-internal	Article_0041	external	398
other-internal	Article_0453	external	299
other-internal	Article_0086	external	81
other-internal	Article_0021	external	31
Article_0976	Article_0489	link	27
other-internal	Article_0086	external	107
Article_3323	Article_0249	link	241
other-internal	Article_0440	external	29
other-internal	Article_0135	external	106
Article_1546	Article_0049	link	414
Article_0223	Article_0013	link	229
Article_2300	Article_0831	link	427
other-internal	Article_0010	external	101
Article_2831	India	link	118
Article_0069	Article_0195	link	64
Article_1637	Article_0083	link	75
Article_2582	Article_0013	link	476
Article_1520	Article_0062	link	87
other-internal	Article_1975	external	193
Article_1768	India	link	54
Article_0438	World_War_II	link	498
other-internal	Article_0890	external	135
other-internal	World_War_II	external	189
Article_1325	Article_1620	link	211
other-internal	Article_0176	external	352
other-internal	United_States	external	75
Article_2767	United_Kingdom	link	112
Article_3202	India	link	356
Article_3566	Article_0071	link	215
Article_2699	Article_0173	link	81
other-internal	Article_0199	external	96
other-internal	Article_0228	external	285
other-search	Article_0054	other	336
Article_1485	Article_0193	link	212
other-internal	Article_0913	external	34
Article_3503	Article_0025	link	473
Article_2016	Article_0370	link	88
Article_0181	Article_0025	link	188
Article_1173	Article_0284	link	203
Article_0334	Article_0017	link	217
Article_0181	World_War_II	link	40
Article_3298	Russia	link	432
Article_1268	United_States	link	276
Article_2936	Article_0894	link	90
Article_0175	Article_0114	link	52
Article_0909	Article_0077	link	102
other-search	United_States	other	336
Article_3255	Article_3343	link	44
Article_3611	Article_0017	link	34
other-search	Article_0053	other	357
Article_2383	Article_0163	link	362
Article_0485	Article_0106	link	419
Article_1021	Article_1152	link	110
Article_3951	Article_1796	link	77
Article_0933	Article_1731	link	113
other-internal	United_States	external	85
other-internal	World_War_II	external	308
Article_3212	United_States	link	66
Article_3477	Article_0022	link	161
other-internal	United_States	external	266
Article_3089	Article_0075	link	340
other-internal	Article_0146	external	262
Article_1352	India	link	45
Article_0197	Article_0297	link	114
other-internal	Article_0031	external	249
other-internal	Article_0026	external	141
Article_0195	World_War_II	link	67
Article_3629	Article_2538	link	319
other-internal	Article_0505	external	330
Article_0731	Article_0019	link	112
other-internal	Article_3936	external	140
other-search	India	other	211
Article_2552	Article_0022	link	117
Article_3354	Article_0021	link	218
other-internal	World_War_II	external	182
Article_2118	Article_0027	link	448
other-internal	Article_0200	external	367
Article_1160	Article_0066	link	95
Article_3688	World_War_II	link	339
Article_2391	United_States	link	83
Article_2262	Article_0292	link	94
Article_0516	United_States	link	211
Article_1296	Article_0308	link	36
Article_2810	Article_0491	link	379
Article_1206	Article_2368	link	188
Article_3985	Article_0635	link	424
Article_3380	Article_0015	link	26
Article_1347	Article_0623	link	405
Article_1952	Article_0057	link	123
other-internal	YouTube	external	319
other-internal	Article_0390	external	179
Article_2429	China	link	46
other-internal	Article_0422	external	252
other-internal	United_States	external	385
Article_0465	Article_0215	link	49
Article_0017	Article_0903	link	160
Article_3184	Article_0044	link	383
other-internal	United_States	external	293
other-internal	United_States	external	346
Article_1290	Article_0909	link	380
Article_2362	Article_0059	link	376
other-internal	Article_0039	external	144
other-internal	China	external	100
Article_2951	Article_0633	link	206
other-search	Article_0508	other	337
Article_0608	World_War_II	link	158
other-search	Article_0547	other	184
Article_1251	Article_0101	link	326
Article_3771	Article_0026	link	459
other-internal	United_States	external	259
other-internal	United_States	external	271
other-search	Article_1070	other	323
Article_2055	Article_0763	link	433
other-internal	Article_1904	external	282
Article_1476	Article_0270	link	394
other-internal	Article_0078	external	186
Article_2980	United_States	link	317
Article_1051	Article_0958	link	278
other-internal	Article_0031	external	110
Article_0064	Article_0093	link	368
Article_0496	Article_1106	link	312
other-internal	Article_0016	external	185
Article_3129	Article_0027	link	451
Article_0625	Article_0028	link	420
other-internal	Article_1686	external	302
Article_0116	United_States	link	420
Article_2158	Article_0016	link	392
other-internal	Article_0061	external	87
other-internal	Article_0021	external	89
other-search	Germany	other	286
Article_0845	Article_0127	link	460
Article_0130	India	link	266
Article_1492	Article_0067	link	171
Article_1444	Article_1421	link	256
Article_3615	United_States	link	462
Article_2412	Article_0057	link	134
Article_3970	Article_0073	link	394
Article_2921	Article_0076	link	353
Article_3287	Article_0685	link	234
other-search	Article_2997	other	287
Article_3088	Article_0120	link	197
Article_0782	Article_0807	link	481
other-internal	Article_0102	external	20
Article_0773	United_States	link	55
Article_3917	Article_0026	link	209
Article_3607	Germany	link	328
Article_2535	Article_1305	link	235
other-internal	Article_0265	external	384
other-internal	Article_1713	external	257
Article_0927	Article_3471	link	258
other-internal	Article_0817	external	270
Article_3073	Article_1062	link	499
Article_3744	Article_0158	link	253
Article_3563	Article_0019	link	249
Article_2651	Article_0156	link	296
other-internal	World_War_II	external	337
other-internal	Article_0695	external	328
Article_0982	United_States	link	337
Article_0826	Article_0010	link	388
Article_2841	United_States	link	411
Article_2398	Article_0024	link	157
Article_3314	Article_0323	link	427
other-internal	Russia	external	257
other-internal	Article_0351	external	303
Article_2138	Article_0877	link	213
Article_1308	Article_0618	link	308
other-internal	Article_0421	external	21
other-search	Article_0207	other	48
other-internal	Germany	external	227
Article_3605	United_States	link	363
Article_1171	Article_1684	link	51
Article_1459	Article_0146	link	397
Article_2890	Article_0031	link	194
Article_1866	Article_0018	link	75
other-search	Article_3169	other	240
Article_1115	Article_1342	link	333
other-internal	India	external	261
other-internal	Article_0566	external	370
Article_0783	Article_0020	link	249
Article_0917	Article_0029	link	77
other-internal	Article_1562	external	69
other-internal	Article_1626	external	311
other-internal	Article_0165	external	142
Article_0382	United_States	link	307
Article_2333	Article_0038	link	172
Article_2502	United_Kingdom	link	372
other-search	Article_3104	other	74
Article_1665	Russia	link	182
other-internal	Article_1007	external	283
other-internal	Article_0610	external	201
Article_1633	Article_0318	link	90
Article_0792	Article_0017	link	40
Article_0564	India	link	84
other-internal	Article_0424	external	13
other-internal	Article_0017	external	289
Article_1403	Article_0430	link	42
Article_2456	Article_0988	link	10
other-internal	Article_0018	external	153
Article_0025	Article_1489	link	458
other-internal	World_War_II	external	178
Article_2795	United_States	link	104
Article_2419	India	link	92
Article_1908	Article_2401	link	275
Article_2066	Article_2723	link	194
Article_3534	Article_0169	link	99
Article_1765	Article_0271	link	383
other-search	Article_0024	other	153
Article_1104	Article_0193	link	284
other-internal	United_States	external	132
Article_0100	Article_0098	link	124
Article_2888	YouTube	link	166
Article_3712	Germany	link	269
Article_0632	Article_2169	link	289
Article_1573	Article_0113	link	369
Article_0013	Article_0187	link	443
Article_2333	World_War_II	link	490
Article_2053	Canada	link	79
Article_2722	United_States	link	218
Article_3631	Article_0131	link	226
Article_1639	Article_0013	link	218
Article_1412	Article_1022	link	459
Article_2028	Article_0056	link	259
other-internal	Article_2705	external	253
Article_3059	Article_0182	link	243
Article_2655	Article_0133	link	370
Article_1062	Article_0016	link	492
other-internal	Article_0102	external	194
Article_2926	United_Kingdom	link	247
other-internal	Article_0010	external	322
other-internal	Article_0436	external	23
China	Article_0137	link	57
other-search	Russia	other	200
Article_1082	France	link	306
Article_2632	India	link	339
Article_1801	Article_0043	link	414
Article_2317	Article_2039	link	183
Article_3579	Article_0288	link	321
Article_1525	Article_0088	link	250
other-internal	Article_0281	external	33
Article_2872	Article_2462	link	304
Article_2597	Article_0036	link	298
Article_0735	Article_0461	link	183
Article_2553	Article_0156	link	253
Article_3909	Article_0493	link	371
other-internal	United_States	external	111
other-internal	Article_1507	external	107
other-search	Article_0032	other	90
Article_0783	United_States	link	312
Article_2276	Article_0014	link	326
United_States	Article_2142	link	316
Article_2355	Article_0108	link	454
other-internal	Article_0010	external	22
other-internal	Article_0095	external	208
Article_2073	Article_0070	link	45
other-internal	Article_1805	external	84
other-internal	Article_2187	external	10
other-internal	Article_0177	external	280
Article_1037	Article_0251	link	348
other-internal	Article_0845	external	195
Article_3953	Article_0028	link	425
Article_2716	Article_0022	link	489
Article_0241	United_Kingdom	link	193
Article_1181	Germany	link	279
Article_0774	Article_3184	link	355
other-internal	Article_2782	external	377
other-internal	Article_0312	external	15
Article_0287	Article_0076	link	190
other-internal	Article_0055	external	99
Article_0702	Article_0089	link	417
Article_3065	India	link	461
other-internal	Article_0072	external	293
Article_3609	Article_1007	link	297
Article_3539	Article_0296	link	179
other-internal	Article_0152	external	357
Article_3580	Article_0317	link	496
other-internal	Article_0054	external	213
other-internal	Article_0633	external	200
Article_3723	Article_0032	link	297
Article_3570	United_States	link	464
other-internal	Article_0038	external	169
Article_1927	Article_1647	link	52
Article_2820	Article_0027	link	178
other-internal	China	external	16
other-internal	Article_0089	external	99
other-internal	Article_0012	external	201
other-internal	Article_0133	external	29
Article_3788	Article_0208	link	286
Article_1114	Article_3755	link	249
other-internal	United_States	external	220
Article_2792	Article_0519	link	178
Article_1588	Article_0359	link	307
Article_1437	Article_1148	link	106
Article_2343	China	link	354
other-internal	Article_1623	external	257
Article_1899	Article_2292	link	452
Article_1509	Article_0010	link	428
Article_0261	Article_2598	link	349
Article_2114	United_States	link	350
Article_1575	Article_0305	link	49
other-internal	Article_3463	external	149
Article_1450	Article_1644	link	436
Article_1883	United_States	link	391
other-internal	France	external	241
Article_0286	Article_2353	link	372
Article_0848	Article_0092	link	177
Article_2730	India	link	174
other-internal	Article_0255	external	269
Article_1432	Article_1090	link	96
other-search	Article_0232	other	298
Article_1773	Article_0037	link	327
Article_3399	Article_2629	link	144
Article_3647	Article_0013	link	238
Article_3726	Article_1703	link	463
Article_1330	Article_1840	link	491
Article_0898	Article_0150	link	245
Article_1309	India	link	253
Article_3256	United_States	link	36
Article_3199	Article_3304	link	446
other-internal	Article_0059	external	13
Article_0171	Article_3219	link	425
other-internal	Article_0652	external	99
other-internal	Article_0063	external	52
Article_2273	Article_3439	link	268
Article_2867	Article_0997	link	494
other-search	Article_3179	other	57
Article_3431	Article_1625	link	390
other-internal	Article_0480	external	354
Article_2437	Article_0872	link	54
Article_1872	Article_2445	link	17
Article_1168	World_War_II	link	358
other-internal	World_War_II	external	48
other-internal	Article_0039	external	288
Article_0276	Article_0522	link	481
Article_1493	Article_0075	link	220
Article_2976	Article_2052	link	390
Article_3022	Article_1041	link	66
other-internal	Article_0104	external	88
Article_1051	Article_0023	link	424
other-internal	Article_0311	external	307
Article_1542	YouTube	link	314
other-internal	Article_1014	external	212
other-internal	World_War_II	external	289
other-internal	Article_1711	external	105
other-internal	Article_1503	external	35
Article_2055	Article_0041	link	40
Article_0281	Article_0019	link	440
other-internal	Article_2306	external	63
Article_3393	Article_0105	link	44
Article_0914	Article_0132	link	124
Article_0368	Article_0453	link	92
other-internal	Article_0640	external	336
Article_2848	Article_0033	link	167
Article_0102	United_States	link	124
Article_0751	World_War_II	link	205
Article_2724	Article_0037	link	183
Article_0451	Article_0049	link	362
Article_2007	Article_0132	link	482
other-internal	Article_0834	external	222
Article_2146	Article_0646	link	204
Article_1786	Article_1180	link	377
Article_0995	Article_3109	link	100
Article_1056	Article_0266	link	148
other-internal	Article_0102	external	212
other-internal	Article_0738	external	128
Article_2546	Article_1045	link	58
other-search	Article_0714	other	215
Article_2049	United_States	link	82
Article_3168	Article_2823	link	260
Article_1103	Article_1035	link	376
Article_0275	Article_0016	link	382
other-internal	Article_0316	external	170
Article_2255	Article_0011	link	406
Article_1033	United_States	link	93
Article_3149	Article_3059	link	205
Article_1730	Article_0302	link	220
Article_1038	Article_0307	link	180
Article_1062	Article_0890	link	463
Article_1913	Article_0087	link	188
other-internal	Article_3111	external	28
Article_0627	Article_0045	link	342
other-internal	Article_2988	external	330
other-internal	China	external	304
Article_3782	India	link	42
Article_1722	Article_2759	link	98
other-internal	France	external	276
other-internal	Article_0490	external	132
Article_2948	Russia	link	421
other-internal	Article_0024	external	187
Article_2081	Article_0590	link	342
Article_0562	Article_0092	link	150
other-search	Article_0036	other	307
Article_2046	Russia	link	218
Article_1418	Article_0432	link	417
other-internal	Article_0704	external	125
other-internal	Article_0808	external	235
France	Article_0363	link	478
other-internal	Article_0108	external	249
Article_0472	Article_0337	link	216
Article_0305	Article_0150	link	373
Article_0872	India	link	129
Article_0793	Article_0877	link	249
other-internal	Article_0429	external	107
Article_1603	Article_2921	link	476
other-internal	Article_0040	external	309
Article_0655	United_States	link	11
Article_2681	Article_0095	link	405
Article_2126	Article_0301	link	485
Article_3523	Article_0020	link	67
other-search	Article_1384	other	272
Article_2553	Germany	link	267
Article_3092	Article_3006	link	320
other-internal	United_States	external	235
Article_0809	Article_0027	link	381
Article_1055	United_States	link	269
other-internal	United_States	external	27
Article_0808	Article_0195	link	405
other-internal	Article_1767	external	387
Article_3230	Article_0216	link	497
Article_0925	United_Kingdom	link	21
Article_3455	Article_3272	link	350
Article_2756	United_States	link	473
Article_3752	Article_0234	link	221
other-internal	Article_0183	external	114
Article_0097	Article_1691	link	47
Article_0690	Article_0211	link	414
Article_0964	Article_0035	link	362
other-search	Article_2578	other	126
other-internal	Article_0169	external	307
Article_2638	Article_0858	link	377
other-internal	United_States	external	95
Article_2472	Article_2310	link	423
other-internal	Article_0960	external	281
other-internal	Article_0019	external	26
Article_3641	Article_0337	link	142
other-internal	Article_0045	external	166
Article_2405	Article_3622	link	162
other-internal	Article_0172	external	20
Article_1366	Article_0045	link	150
Article_3115	Article_1150	link	172
Article_3582	Article_0504	link	126
Article_3539	Article_0158	link	245
other-internal	United_States	external	23
other-internal	Article_3554	external	255
other-search	Article_0261	other	62
other-internal	Article_0196	external	39
other-internal	Article_0063	external	35
Article_1476	Article_2767	link	262
Article_0755	Article_1687	link	196
Article_2060	Article_1287	link	241
other-internal	Article_0032	external	191
Article_3326	Article_0101	link	485
Article_1459	YouTube	link	326
Article_0590	Article_0014	link	368
Article_2503	Article_3040	link	341
Article_1942	Article_0036	link	19
other-internal	United_States	external	366
other-search	Article_1797	other	209
other-internal	Article_0146	external	11
Article_0392	India	link	381
Article_0172	Article_1042	link	52
other-internal	Article_0022	external	288
Article_2623	Article_0854	link	276
other-internal	United_States	external	100
Article_2195	Article_2348	link	177
other-internal	Article_0501	external	131
other-internal	Article_1383	external	54
Article_2145	Article_0017	link	221
other-internal	Article_0133	external	313
other-internal	Article_0623	external	344
Article_1374	Article_0022	link	342
Article_3446	United_States	link	292
Article_1628	Article_0408	link	237
Article_2692	Article_0134	link	199
Article_1524	Article_1569	link	16
Article_2913	Article_1287	link	286
Article_0515	Article_0014	link	54
other-internal	Article_2234	external	131
Article_3754	Article_0051	link	15
other-internal	India	external	61
Article_2964	Article_0146	link	372
Article_3489	Article_0121	link	139
Article_2602	Article_0489	link	94
Article_1101	Article_0089	link	361
Article_2876	United_States	link	312
Article_2420	Article_1859	link	208
Article_3203	Article_0114	link	205
other-search	India	other	265
other-internal	Article_0024	external	93
Article_3227	Article_3635	link	431
Article_2340	Article_0019	link	271
Article_0568	Article_3203	link	467
Article_0488	World_War_II	link	167
other-search	Article_0530	other	30
other-internal	United_States	external	113
Article_1096	Germany	link	39
Article_2116	Article_1160	link	412
Article_1049	Article_0377	link	381
other-search	Article_1355	other	23
Article_3516	United_States	link	267
other-internal	Article_0065	external	130
Article_2208	Article_0012	link	486
Article_0671	Article_3016	link	443
Article_0861	Article_0624	link	245
other-internal	Article_0759	external	219
other-internal	Article_1467	external	66
other-internal	United_States	external	61
Article_0787	Article_0338	link	428
Article_3079	Article_1082	link	236
other-internal	China	external	47
Article_3336	Article_0035	link	43
Article_0847	Article_0112	link	44
Article_0519	Article_3724	link	157
Article_3813	Article_1234	link	106
Article_3757	Article_2822	link	496
Article_0234	Article_1231	link	426
other-internal	Article_0164	external	329
Article_3998	Article_2455	link	213
Article_2634	India	link	235
Article_1098	Article_0022	link	377
other-internal	Article_0107	external	129
Article_0554	Article_0835	link	232
Article_0572	Article_0615	link	296
Article_1601	China	link	309
other-internal	India	external	61
other-internal	Article_0106	external	217
Article_1766	Article_0216	link	361
Article_0667	Article_0013	link	253
Article_2827	Article_0634	link	437
other-internal	Article_0018	external	333
other-internal	Article_0039	external	261
Article_3737	United_States	link	475
Article_1438	India	link	147
Article_3316	Article_0085	link	140
Article_2816	China	link	283
other-search	India	other	328
Article_3480	Article_0038	link	288
Article_2539	Germany	link	229
Article_0140	Article_0090	link	403
Article_0504	China	link	11
other-internal	Article_0011	external	391
Article_0459	Canada	link	161
Article_1362	Article_2045	link	27
other-search	Article_2734	other	123
other-internal	Article_3705	external	26
Article_0869	Article_0170	link	77
other-internal	China	external	273
other-internal	World_War_II	external	369
Article_3049	Article_0034	link	447
Article_1351	Article_3800	link	227
Article_2743	Article_2961	link	308
other-internal	Article_1989	external	173
Article_3017	United_States	link	473
other-internal	Article_2093	external	373
Article_3354	Article_0011	link	272
Article_1563	Canada	link	89
Article_1751	United_States	link	184
Article_2847	Article_1251	link	271
Article_2367	Article_0029	link	429
Article_1516	India	link	464
other-internal	Article_0552	external	107
Article_0103	Article_0217	link	279
other-internal	United_States	external	383
other-internal	Article_0026	external	169
other-internal	France	external	334
other-internal	Article_0225	external	304
other-internal	Article_3980	external	163
other-internal	China	external	269
other-internal	Article_1358	external	284
Article_2419	Article_0864	link	124
other-internal	Article_0275	external	26
Article_1279	World_War_II	link	422
Article_0606	Article_0218	link	488
Article_3313	Article_0083	link	365
other-internal	Article_1223	external	350
Article_0060	Article_0265	link	146
other-search	Article_2658	other	117
Article_3893	Article_2699	link	281
Article_2223	Article_1614	link	390
Article_1264	India	link	420
other-search	Article_0369	other	120
Article_2919	United_States	link	200
Article_2546	Article_0207	link	175
Article_0996	Article_0496	link	150
other-internal	Article_0717	external	102
other-internal	Article_0051	external	227
other-internal	United_States	external	338
other-internal	Article_0033	external	377
Article_0219	Article_3784	link	275
Article_1770	Article_0079	link	60
Article_3090	Article_2472	link	356
other-internal	Article_0013	external	94
other-internal	Article_0378	external	116
Article_2891	Article_0626	link	235
Article_1382	Article_1938	link	169
Article_1519	Article_0538	link	319
other-search	Article_0310	other	204
other-search	Article_0483	other	40
Article_0134	Article_3504	link	434
Article_1843	Article_1164	link	496
Article_0870	Article_1519	link	225
other-internal	Article_3890	external	163
other-internal	Article_1248	external	329
Article_1579	India	link	275
Article_0470	Article_0828	link	314
Article_2235	Article_0037	link	329
Article_2216	Article_2188	link	255
Article_0376	Article_1223	link	410
Article_1708	Article_0269	link	328
Article_3287	Article_0028	link	492
Article_2753	United_States	link	190
other-internal	Article_2194	external	301
Article_0932	Article_0520	link	220
other-internal	Article_0118	external	365
other-internal	Article_0753	external	262
Article_2825	Article_0204	link	409
other-internal	Article_2034	external	393
other-search	Article_0196	other	23
Article_2756	Article_0028	link	314
Article_1733	Article_0391	link	412
Article_2103	Article_1885	link	129
Article_0101	Article_0094	link	232
other-internal	Article_0301	external	183
Article_1429	Article_0808	link	421
Article_1574	Article_1187	link	435
Article_2559	India	link	30
Article_2948	Article_2350	link	383
Article_1529	United_States	link	252
Article_3315	Article_0025	link	447
Article_0593	Article_2347	link	164
Article_2360	Article_1234	link	43
Article_2798	Article_1423	link	86
Article_3697	Article_0291	link	408
Article_0362	Article_2896	link	15
Article_0787	France	link	174
Article_3477	Article_0105	link	486
other-internal	Article_3399	external	28
Article_3537	United_States	link	444
other-internal	Article_0237	external	44
other-internal	Article_1396	external	64
Article_2446	India	link	457
Article_0988	Article_0016	link	109
Article_1089	China	link	272
other-search	Article_0587	other	355
other-internal	Article_0204	external	150
Article_1209	Article_0079	link	487
Article_3788	Article_0258	link	294
Article_0411	Article_1264	link	165
other-internal	World_War_II	external	18
other-internal	Article_0013	external	340
Article_2215	World_War_II	link	336
Article_1363	Article_0165	link	289
Article_3523	World_War_II	link	146
Article_2914	Article_0466	link	432
other-internal	World_War_II	external	297
Article_1088	Article_0149	link	140
Article_2463	India	link	38
Article_1215	United_Kingdom	link	30
Article_2616	Article_1120	link	255
Article_3327	Article_0762	link	387
Article_2907	United_States	link	381
Article_3677	Article_0570	link	380
Article_3517	United_States	link	60
Article_0385	Article_0847	link	356
other-internal	Article_0399	external	279
other-internal	Article_0450	external	387
other-internal	Article_2814	external	164
Article_3371	United_States	link	129
Article_2058	United_States	link	333
Article_3827	Article_0980	link	10
Article_0095	Article_0858	link	93
Article_2421	Article_0235	link	274
other-internal	Article_2650	external	93
other-internal	Article_0192	external	10
other-internal	Article_0216	external	90
Article_1376	Article_1041	link	58
Article_1570	Article_0315	link	51
Article_0147	Russia	link	481
other-search	Article_0011	other	81
Article_2446	Article_0070	link	15
Article_0346	Article_3688	link	390
other-internal	Canada	external	326
other-internal	Article_0060	external	337
Article_2249	Article_3496	link	110
other-internal	Article_1907	external	252
Article_0148	Article_0010	link	313
Article_0091	Article_0077	link	218
other-internal	India	external	38
Article_3505	Article_3538	link	468
other-internal	Article_0171	external	273
Article_1370	Article_0226	link	67
Article_0308	Article_1440	link	17
Article_2641	Article_0953	link	253
other-internal	Article_0265	external	338
Article_0711	Article_0024	link	171
Article_0249	World_War_II	link	427
Article_1835	United_Kingdom	link	251
Article_1902	United_States	link	261
Article_3267	Article_0756	link	365
other-internal	Russia	external	13
other-search	Article_1643	other	376
Article_2593	Article_0222	link	430
Article_1715	Article_0206	link	240
other-internal	Article_0896	external	369
Article_0657	Article_1297	link	113
Article_3066	Article_1741	link	433
other-internal	Article_2310	external	395
Article_0088	Article_0289	link	139
other-internal	Article_0092	external	132
Article_0753	Article_0160	link	168
other-internal	Article_0242	external	130
other-search	Article_2683	other	134
Article_3349	Article_1256	link	412
Article_3138	India	link	368
Article_0629	India	link	14
Article_2460	Article_1114	link	152
Article_2262	Article_2794	link	110
Article_0254	Article_0080	link	109
Article_2887	Article_0013	link	235
other-internal	Article_0734	external	388
Article_1282	Article_0016	link	264
Article_1341	Article_0094	link	47
other-internal	Article_0559	external	392
other-internal	Article_0036	external	72
other-internal	India	external	359
other-internal	Article_0462	external	46
Article_3640	Canada	link	409
other-internal	Article_3267	external	241
other-internal	Article_0504	external	237
Article_1326	Article_0034	link	154
Article_0349	Article_1055	link	391
Article_2808	Article_1907	link	498
Article_3860	Article_0011	link	187
other-internal	Article_2918	external	86
other-internal	Article_0535	external	123
Article_2567	Article_0790	link	10
other-internal	Article_0385	external	371
other-internal	YouTube	external	81
Article_2578	Article_0429	link	335
other-search	Article_3234	other	199
Article_1213	Article_1316	link	58
Article_2749	United_States	link	457
Article_1009	Article_1946	link	439
other-search	Article_2303	other	355
other-internal	Article_0592	external	259
other-internal	United_States	external	333
other-search	Germany	other	330
other-internal	Article_0203	external	322
other-internal	Article_2690	external	202
Article_3214	Article_0890	link	211
Article_0294	Article_0282	link	325
Article_3989	Article_0545	link	46
Article_0932	Article_0032	link	159
Article_0877	Article_3056	link	19
Article_2374	Article_0587	link	103
Article_3595	Article_0171	link	334
Article_1602	Article_0546	link	231
Article_3190	Article_0232	link	250
Article_2615	Article_0535	link	276
Article_0027	Article_0056	link	65
other-internal	Article_0018	external	321
other-internal	Article_0891	external	90
Article_3747	United_States	link	237
Article_1793	World_War_II	link	398
other-internal	Article_0024	external	338
Article_1700	Article_2182	link	376
Article_3910	Article_0017	link	194
Article_1463	China	link	49
Article_2591	World_War_II	link	486
other-internal	Article_2183	external	329
Article_3701	Article_0372	link	184
Article_2694	Article_0342	link	250
Article_0743	Article_2129	link	201
Article_0067	Article_0374	link	91
Article_2051	Article_1076	link	86
other-internal	Article_0013	external	316
Article_2165	Article_0019	link	487
other-internal	Article_0181	external	88
Article_2554	Article_2359	link	329
other-internal	YouTube	external	57
other-internal	Article_0043	external	117
other-internal	Article_0326	external	371
Article_1665	Article_0059	link	328
Article_3212	Article_2032	link	167
Article_1834	Article_3990	link	276
other-internal	Article_1315	external	394
other-internal	Article_1680	external	256
Article_0598	Article_0010	link	124
Article_2376	Article_0013	link	19
Article_3496	Article_0065	link	391
other-internal	Article_2977	external	329
Article_0884	Article_0473	link	167
other-internal	France	external	89
Article_1945	Article_0039	link	102
Article_3954	Article_0177	link	285
other-internal	Article_0026	external	175
Article_1944	United_States	link	370
other-internal	Article_0062	external	98
Article_0998	Article_1461	link	24
Article_2924	Article_0026	link	379
other-internal	India	external	34
Article_1256	Article_3444	link	294
Article_0403	Article_0588	link	158
Article_0511	Article_0040	link	373
Article_2795	Article_0124	link	201
other-internal	Article_2699	external	57
other-internal	Article_0845	external	26
Article_1529	Article_1327	link	259
other-internal	Article_0472	external	291
other-search	Article_0032	other	123
Article_3401	World_War_II	link	255
Article_0861	Article_0043	link	46
other-internal	Article_0431	external	259
other-internal	Article_0068	external	312
Article_2667	Article_0187	link	214
Article_0617	Article_1631	link	450
Article_0182	Article_0467	link	91
other-search	Article_0111	other	102
Article_3890	Russia	link	14
other-internal	Article_0016	external	297
other-internal	Article_0240	external	225
Article_2156	Russia	link	323
other-search	Article_0089	other	368
Article_2472	Article_0044	link	117
other-internal	Article_2742	external	153
other-search	United_States	other	187
Article_1282	India	link	499
Article_1290	China	link	52
Article_1765	Article_0146	link	71
Article_3843	Article_0049	link	413
Article_1497	United_States	link	175
Article_0083	Article_0085	link	89
Article_2063	Article_0076	link	343
Article_0747	Article_0173	link	211
Article_0775	Article_0010	link	20
Article_2411	Article_0031	link	46
other-internal	China	external	351
Article_1613	Russia	link	30
Article_1780	Article_0443	link	26
other-internal	United_States	external	140
other-search	Article_0312	other	354
Article_2957	Article_0343	link	81
other-search	Article_0163	other	245
Article_2613	Article_0071	link	462
Article_1763	Article_0621	link	221
Article_3515	Article_0012	link	441
other-internal	Article_3273	external	332
Article_2413	Article_0324	link	77
Article_0254	Article_2878	link	44
Article_0991	United_States	link	470
Article_1457	Article_0651	link	497
Article_3308	Article_0230	link	453
Article_1734	World_War_II	link	232
other-internal	Article_0039	external	25
Article_3313	Article_0021	link	111
Article_2755	Article_3897	link	177
Article_3336	Article_0039	link	193
Article_0799	Article_0118	link	369
Article_1739	Article_0025	link	453
other-internal	World_War_II	external	125
Article_0156	Article_1841	link	164
Article_2998	Article_1540	link	98
Article_3828	Article_1917	link	269
Article_1214	Article_0197	link	179
Article_3731	India	link	229
other-internal	Article_1547	external	390
Article_2582	Article_0796	link	72
other-internal	Article_1693	external	333
other-internal	Article_0490	external	51
Article_2122	Article_0147	link	89
Article_0066	Article_1906	link	63
Article_2525	Article_0232	link	415
other-internal	Article_1367	external	370
Article_0303	Article_1347	link	62
other-search	United_States	other	249
Article_3765	World_War_II	link	466
Article_3977	Article_1982	link	53
Article_3939	Article_0027	link	476
Article_0851	Article_0313	link	243
Article_1418	Article_1106	link	157
Article_1264	Article_0105	link	110
Article_0657	Article_1611	link	417
Article_3514	Article_0042	link	76
Article_3176	United_States	link	356
other-internal	Article_3661	external	237
other-internal	Article_0082	external	69
Article_0527	United_States	link	304
Article_1459	Article_0722	link	482
Article_1387	Article_1301	link	265
Article_2406	Article_0833	link	314
Article_2117	Article_3384	link	368
Article_2815	Article_2419	link	266
Article_1813	India	link	378
Article_3191	Article_1008	link	58
other-internal	Article_0958	external	346
other-internal	Article_1229	external	112
Article_2884	United_States	link	413
Article_0349	Article_0046	link	249
Article_0139	Article_0020	link	196
Article_1670	United_States	link	275
other-internal	Article_2395	external	289
Article_2578	India	link	52
Article_3047	Article_1381	link	402
other-internal	Article_1048	external	251
other-search	World_War_II	other	384
Article_2228	Article_2667	link	413
other-internal	Article_3136	external	370
Article_1394	Article_1399	link	148
Article_0038	Article_0040	link	155
other-search	Article_0115	other	83
Article_3860	Article_1100	link	387
Article_0312	Article_0023	link	352
Article_0446	Article_0492	link	193
Article_0302	United_States	link	170
other-search	Article_0122	other	357
Article_2857	YouTube	link	381
Article_2868	Article_1680	link	491
other-internal	Article_0031	external	290
Article_0272	United_States	link	350
Article_1835	United_States	link	91
other-internal	Article_0271	external	251
Article_2353	Article_1779	link	115
Article_0818	Article_0397	link	390
other-search	Article_1857	other	250
Article_0901	Article_0207	link	420
Article_3058	Article_1090	link	68
Article_2734	Article_0333	link	481
Article_3986	Article_0306	link	278
Article_2803	Article_0010	link	278
Article_1039	India	link	454
Article_0905	Article_0652	link	271
Article_0380	United_Kingdom	link	364
other-internal	Article_0022	external	57
Article_2500	Article_1514	link	331
Article_3718	Article_3392	link	373
other-search	Article_2196	other	186
Article_1969	Article_0026	link	169
Article_3003	Article_0036	link	32
Article_1252	United_States	link	455
Article_1937	Article_1457	link	163
Article_3616	Article_0030	link	370
other-internal	Article_0017	external	242
other-internal	Article_0019	external	166
other-internal	Article_0014	external	225
Article_0157	Article_3873	link	34
other-internal	Article_0015	external	219
Article_3928	Article_0041	link	357
other-internal	Article_0047	external	131
other-internal	Article_0726	external	19
other-internal	Article_0697	external	33
Article_0971	Article_3471	link	493
other-internal	United_States	external	94
Article_1736	China	link	482
other-search	Article_1972	other	172
Article_0725	YouTube	link	274
Article_3019	Article_0030	link	381
other-search	Article_0498	other	261
Article_2692	Canada	link	204
Article_1765	Russia	link	137
Article_2556	United_States	link	198
Article_0124	Article_0031	link	378
Article_3021	Article_0051	link	44
Article_3108	Article_0051	link	112
Article_2988	Article_0118	link	74
Article_2056	Article_1597	link	251
Article_0330	Article_0586	link	187
other-internal	Article_0025	external	319
Article_1890	Article_0011	link	136
Article_0885	Article_0045	link	176
Article_0593	Article_0038	link	85
Article_1677	Article_0145	link	109
Article_1720	United_Kingdom	link	309
Article_3129	China	link	101
Article_2032	Article_0862	link	173
other-search	Article_0792	other	152
Article_0829	Article_0016	link	211
other-internal	United_States	external	329
Article_2980	Article_2626	link	34
other-internal	United_Kingdom	external	184
other-internal	Article_2403	external	235
other-internal	India	external	133
Article_1942	Article_2921	link	192
Article_0665	United_States	link	53
Article_2755	Article_0321	link	162
other-internal	Article_0034	external	114
Article_1649	Article_0071	link	239
other-internal	Article_0088	external	29
Article_3628	Article_0099	link	62
Article_2623	Article_1972	link	35
other-internal	Article_0389	external	239
other-internal	Article_2575	external	310
other-search	United_States	other	35
Article_1218	Article_0014	link	299
Article_0992	Germany	link	492
Article_3382	Article_0501	link	420
Article_0411	United_States	link	315
other-internal	Article_0047	external	78
other-internal	Article_0151	external	229
other-internal	Article_0097	external	239
Article_2314	Article_0152	link	432
Article_2217	Article_2965	link	146
Article_3296	United_States	link	390
Article_3255	Article_0334	link	317
other-internal	United_States	external	298
other-search	Article_0367	other	356
other-internal	Article_2592	external	83
other-internal	United_States	external	66
other-internal	Article_0078	external	44
other-internal	Russia	external	74
Article_1419	Article_2641	link	352
Article_0989	Article_2886	link	78
Article_2814	Article_0023	link	17
Article_0567	Article_1361	link	467
Article_1066	World_War_II	link	113
other-internal	Article_0198	external	264
other-search	United_States	other	393
Article_2844	Russia	link	121
Article_2795	Article_0264	link	48
other-internal	United_States	external	13
Article_2359	Article_0655	link	336
Article_0011	Article_0019	link	339
Article_0797	Article_1433	link	128
Article_2729	Article_0146	link	359
other-internal	Article_0127	external	318
other-internal	Article_0744	external	330
Article_0716	Article_0961	link	467
Article_2959	Article_0082	link	409
Article_2386	Article_1233	link	173
Article_2770	Article_1693	link	425
Article_1212	Article_0238	link	356
Article_0888	United_States	link	51
Article_3041	Canada	link	242
Article_0042	Article_0020	link	247
Article_0245	China	link	390
Article_0094	India	link	384
Article_3191	Article_0474	link	50
Article_3805	Article_0166	link	28
Article_1399	Article_0119	link	155
Article_0387	Article_0025	link	464
other-internal	Article_0155	external	181
other-internal	Article_2042	external	65
Article_3556	Article_0012	link	152
other-internal	Article_0020	external	222
other-internal	Article_2730	external	361
Article_2360	United_States	link	268
Article_2614	Article_0128	link	298
Article_1307	Article_2177	link	265
other-search	Article_0727	other	88
other-internal	Article_0082	external	38
Article_2021	Article_2304	link	248
Article_2328	Article_1152	link	273
Article_2148	Article_0029	link	312
Article_2463	United_States	link	404
Article_1374	China	link	460
Article_0963	Article_0087	link	426
other-internal	United_States	external	200
other-internal	Article_1052	external	317
Article_2475	Article_0141	link	356
other-internal	Article_0043	external	250
Article_1498	France	link	88
other-internal	Article_0064	external	177
other-internal	Article_1174	external	201
Article_1568	India	link	186
Article_1041	Article_0918	link	472
Article_1551	Article_0067	link	26
Article_0555	Article_0563	link	215
Article_3306	YouTube	link	129
other-internal	United_States	external	224
Article_1690	Article_1586	link	62
other-internal	Canada	external	146
Article_2723	Article_0011	link	216
other-internal	Article_0387	external	325
other-internal	Article_0166	external	122
Article_0822	India	link	271
Article_0596	Article_2616	link	31
other-internal	Article_0056	external	58
Article_1369	Article_2009	link	397
Article_1393	Article_3446	link	60
other-internal	Article_0038	external	339
other-internal	Article_0159	external	36
other-internal	Article_0258	external	126
other-internal	Article_0029	external	161
Article_0032	World_War_II	link	254
Article_0400	India	link	396
Article_3207	Article_1446	link	195
other-internal	Canada	external	294
other-search	Article_0017	other	305
Article_2895	Article_0021	link	32
Article_1989	United_States	link	34
other-internal	Article_1817	external	228
Article_3761	United_States	link	34
other-internal	Article_0093	external	34
other-internal	World_War_II	external	56
Article_0183	World_War_II	link	470
Article_1946	Article_0313	link	170
other-internal	Article_1345	external	127
other-internal	Article_0303	external	84
Article_0757	Article_0537	link	444
Article_1490	China	link	215
other-internal	Article_0322	external	281
Article_3676	Article_0807	link	406
Article_0667	World_War_II	link	151
Article_3954	Article_0104	link	15
Article_3970	Article_0526	link	323
Article_0115	Article_0555	link	357
Article_1973	Article_1480	link	330
other-internal	Article_0248	external	342
other-search	United_States	other	127
other-internal	Article_0026	external	214
other-internal	Article_1373	external	328
Article_0064	United_States	link	366
Article_1408	Article_0015	link	406
Article_2504	Article_1888	link	386
Article_1214	United_States	link	411
other-internal	Article_0014	external	79
other-internal	Article_1419	external	371
other-internal	Article_0241	external	147
Article_3624	Article_2727	link	431
Article_0118	Article_0081	link	253
other-internal	Article_0045	external	332
Article_0649	Article_0016	link	144
other-internal	Article_1568	external	316
Article_1871	Article_1141	link	328
Article_3680	Article_1769	link	415
other-internal	Article_0015	external	253
Article_0952	Article_0135	link	143
Article_2323	Article_0035	link	450
Article_0130	United_States	link	117
Article_1158	Article_1384	link	298
other-internal	Article_0743	external	144
Article_3453	India	link	139
Article_3931	Article_0461	link	173
Article_1265	United_States	link	15
Article_0227	Article_1420	link	230
other-internal	Article_0078	external	253
other-internal	Article_3881	external	119
other-internal	Article_1290	external	315
other-internal	Article_0128	external	233
Article_3182	India	link	156
Article_3884	Article_0392	link	431
Article_2982	Article_0012	link	146
other-internal	Article_0400	external	255
Article_1172	Article_0816	link	29
Article_2511	United_Kingdom	link	305
Article_2664	Article_2523	link	292
Article_0352	Article_0184	link	333
Article_2204	Article_1308	link	413
Article_3691	Article_0047	link	158
Article_2758	Article_0640	link	249
Article_0642	Article_0020	link	217
Article_3401	Article_0068	link	482
Article_0585	United_States	link	379
Article_2822	Article_3376	link	383
other-internal	Article_0093	external	300
Article_2466	Article_1500	link	86
Article_1176	United_States	link	205
Article_1317	Article_1146	link	266
Article_3888	Article_0015	link	19
other-internal	Article_1048	external	162
other-internal	Article_0630	external	94
Article_0279	Article_2527	link	155
other-internal	Article_0163	external	345
Article_2982	Article_0146	link	402
Article_2557	Article_0010	link	98
Article_2932	Article_3177	link	242
Article_3155	Article_0018	link	434
Article_3077	India	link	299
Article_3879	Germany	link	170
other-internal	Germany	external	275
other-search	Article_2436	other	199
Article_3841	Article_2485	link	306
other-internal	United_States	external	37
Article_3817	India	link	308
Article_2498	United_States	link	395
Article_0770	United_States	link	95
Article_0592	Article_0221	link	473
Article_1878	Article_0498	link	42
Article_0100	Article_1751	link	380
Article_0643	Article_0092	link	233
Article_2374	Article_2040	link	153
Article_2728	Article_0474	link	49
Article_3245	Article_0122	link	21
Article_1987	Article_0058	link	33
Article_1972	Article_0123	link	189
Article_0275	Article_0094	link	282
Article_2145	Article_2158	link	453
other-internal	China	external	355
Article_0112	Article_0246	link	405
Article_3755	Article_0946	link	97
Article_1630	United_States	link	254
Article_0853	India	link	23
Article_0370	China	link	230
other-internal	Article_0031	external	46
Article_2767	Article_0965	link	338
other-internal	Article_0660	external	160
other-internal	Article_0556	external	220
Article_3663	Article_0108	link	417
Article_1273	Article_1752	link	157
Article_3705	Article_1540	link	304
other-search	India	other	124
Article_0527	Article_0011	link	306
Article_3993	Article_0012	link	171
Article_2161	Article_2418	link	450
other-search	Article_1603	other	72
Article_1783	Article_0656	link	347
Article_0078	Article_0023	link	300
other-internal	United_States	external	156
other-internal	India	external	324
Article_1010	Article_0351	link	301
other-internal	Article_1350	external	334
other-internal	Article_0265	external	261
other-internal	Article_0017	external	151
Article_2339	United_States	link	281
other-internal	Article_3182	external	195
Article_2567	Article_0012	link	280
other-search	Article_1304	other	310
other-internal	Article_0049	external	257
other-internal	Article_0013	external	23
Article_1759	Article_0363	link	374
Article_2031	Article_0012	link	98
Article_0325	Article_0053	link	396
Article_1237	Article_0550	link	311
Article_0434	Article_0933	link	55
Article_1696	Article_0113	link	142
Article_0133	Article_2057	link	479
Article_2467	Article_0040	link	116
Article_3262	Article_0223	link	228
Article_1561	Article_1687	link	185
other-internal	Article_0692	external	137
other-internal	Article_0233	external	241
other-internal	Article_1655	external	301
other-internal	Article_0308	external	362
Article_0794	Article_0074	link	339
other-internal	Germany	external	359
other-internal	Article_1848	external	341
other-search	Article_0200	other	365
other-internal	Article_0234	external	199
Article_3076	Article_0027	link	134
Article_2651	Article_0018	link	93
Article_0316	Article_0341	link	454
other-internal	Article_0047	external	50
other-internal	Article_0146	external	217
Article_3552	Article_3046	link	79
other-internal	Article_0775	external	63
other-internal	Article_2597	external	204
other-internal	Article_2664	external	386
Article_1969	Article_0639	link	145
other-internal	Article_0364	external	272
other-internal	Article_0239	external	377
other-internal	Article_2063	external	343
other-internal	Article_0112	external	307
Article_1761	Article_0024	link	465
Article_2825	Article_0056	link	248
other-internal	Article_0318	external	181
Article_1361	Article_1739	link	498
Article_3183	Article_0016	link	19
Article_1807	Article_0026	link	311
other-internal	Article_0091	external	64
Article_2498	Article_0294	link	499
Article_2888	Article_0019	link	17
Article_1655	Russia	link	232
Article_0110	Article_1207	link	67
Article_0569	United_States	link	324
Article_3484	Article_0117	link	215
Article_1161	Article_3557	link	323
other-internal	Article_1049	external	390
Article_2405	World_War_II	link	38
other-internal	Article_2799	external	167
Article_1945	Article_1255	link	361
Article_2564	Article_0504	link	241
other-internal	United_States	external	33
other-internal	Article_1461	external	254
other-internal	Article_0050	external	390
Article_3883	Article_0257	link	375
Article_0832	Article_0171	link	14
Article_2330	Article_0011	link	144
Article_3270	United_States	link	11
Article_1280	Article_1309	link	65
other-search	United_States	other	353
Article_1314	Article_2879	link	192
Article_0677	Article_0032	link	49
Article_3253	Article_3942	link	353
Article_1846	Article_0182	link	299
Article_0579	Russia	link	341
Article_0844	Article_3506	link	195
Article_3396	Article_0560	link	453
Article_1776	United_States	link	19
Article_3210	Article_0393	link	468
other-search	Article_0276	other	143
other-internal	Canada	external	81
Article_2680	Article_0423	link	374
Article_0028	Article_1894	link	287
Article_3254	Article_0790	link	319
other-search	Article_0141	other	261
other-internal	Article_0447	external	197
other-internal	Article_0503	external	69
Article_1280	Article_1822	link	103
other-internal	Article_3724	external	176
other-internal	Article_0020	external	53
other-internal	Article_0683	external	306
Article_3493	Article_0092	link	165
other-internal	Article_0955	external	183
Article_0450	Article_0137	link	448
Article_2559	Canada	link	269
Article_3705	Article_1556	link	370
Article_1535	Article_1438	link	420
other-internal	United_States	external	331
Article_1541	Article_0075	link	498
Article_1189	Article_0435	link	128
Article_2709	Article_0576	link	264
other-internal	Article_0011	external	66
Article_3725	Article_2065	link	219
other-internal	Article_0626	external	201
Article_1598	Article_0021	link	439
Article_1226	India	link	132
Article_2036	Article_0355	link	457
Article_3279	Article_0040	link	499
other-search	YouTube	other	120
other-internal	Article_0010	external	93
Article_1949	Article_0049	link	396
Article_1974	Article_0784	link	84
other-internal	China	external	243
other-internal	Article_3085	external	389
Article_0764	United_States	link	31
Article_1452	Article_0122	link	158
Article_0848	Article_0051	link	352
Article_3534	Article_0454	link	172
Article_1580	Article_0091	link	65
other-internal	Article_0825	external	137
Article_1593	Article_0018	link	175
Article_2689	Article_1008	link	420
Article_3211	India	link	52
Article_2640	Article_0940	link	294
Article_2755	United_States	link	492
Article_1805	Article_1085	link	294
Article_1953	Article_0048	link	223
Article_2307	Article_0054	link	275
Article_3341	Article_2068	link	330
Article_3610	World_War_II	link	63
Article_1984	Article_0722	link	90
Article_2603	Article_0018	link	368
Article_2218	Article_0116	link	448
Article_3810	Article_0015	link	56
Article_1399	Article_0039	link	428
other-internal	India	external	293
other-search	Article_2195	other	389
Article_0130	Article_2219	link	98
Article_2568	Article_0027	link	92
other-internal	Article_2920	external	152
Article_0369	Germany	link	464
other-internal	United_Kingdom	external	32
other-internal	Article_0313	external	261
Article_2351	Article_0393	link	91
Article_3828	Article_0100	link	312
Article_0483	Article_0097	link	97
Article_1370	Article_3393	link	240
Article_3317	Article_0358	link	185
Article_0650	Article_0757	link	235
Article_0141	Article_0660	link	150
Article_0189	Article_0013	link	54
other-internal	China	external	307
other-search	Canada	other	391
Article_2342	Article_0027	link	378
Article_2132	Germany	link	83
Article_1031	United_States	link	428
other-search	Article_0569	other	42
other-search	Article_1117	other	198
other-internal	Germany	external	257
other-internal	Germany	external	31
Article_3285	China	link	296
other-search	Article_0263	other	343
World_War_II	Article_3747	link	88
Article_3812	United_States	link	388
Article_2995	Article_0187	link	10
Article_0308	Article_0229	link	253
other-internal	Article_0016	external	367
Article_1943	Article_0477	link	153
Article_2677	Article_0181	link	226
other-search	Article_1324	other	240
Article_3095	Article_2917	link	439
Article_0906	Article_0012	link	288
Article_2017	Article_0026	link	192
other-search	Canada	other	194
Article_2872	Article_0732	link	89
Article_3133	Article_0157	link	477
Article_2600	Russia	link	14
other-internal	Article_0337	external	312
Article_0327	Article_0504	link	290
Article_2991	Article_0076	link	126
Article_0956	France	link	62
Article_0093	Article_0013	link	409
other-search	United_States	other	327
other-internal	Article_0011	external	178
other-internal	Article_0300	external	337
Article_3597	Article_1209	link	140
other-internal	Article_0017	external	274
Article_3830	Article_1470	link	274
Article_2277	Article_0082	link	110
other-internal	Article_0157	external	355
Article_0806	Article_1373	link	386
Article_1436	Article_2411	link	445
other-internal	China	external	154
other-internal	Article_0021	external	277
Article_2697	Article_2015	link	196
Article_2971	Article_0620	link	262
Article_1994	Article_0274	link	214
Article_1098	World_War_II	link	248
Article_1922	United_States	link	148
Article_3584	Article_0031	link	94
Article_0507	Article_2675	link	461
Article_3053	Article_2129	link	498
Article_2578	Article_0028	link	325
other-internal	Article_0460	external	277
Article_3163	Article_0156	link	236
Article_3015	Article_0984	link	106
Article_1040	Article_2611	link	105
Article_1902	Article_1142	link	458
other-internal	Article_0025	external	226
other-internal	United_States	external	386
other-internal	India	external	224
Article_1468	Canada	link	397
Article_2247	United_States	link	179
Article_3692	United_States	link	367
Article_0535	Article_0044	link	148
Article_2474	World_War_II	link	398
Article_1342	Article_0028	link	227
Article_2446	Article_0179	link	154
Article_1391	Article_0912	link	157
other-internal	United_States	external	323
Article_1361	Article_0634	link	465
Article_0475	Article_0010	link	402
Article_2271	Article_0163	link	307
Article_0772	Article_0010	link	107
Article_0690	Article_2385	link	396
other-internal	Article_0651	external	84
Article_1937	Article_0603	link	497
other-internal	Article_2636	external	94
Article_3858	Article_0782	link	161
other-internal	Article_0888	external	201
Article_2156	Article_0017	link	29
Article_1338	Article_0036	link	479
Article_0374	Article_1663	link	96
other-internal	Article_2833	external	307
Article_0541	Article_0019	link	215
other-search	Article_0614	other	195
Article_1537	Article_0187	link	168
other-internal	World_War_II	external	373
Article_2618	Article_2035	link	89
Article_0593	Article_0016	link	178
other-internal	United_States	external	162
Article_2741	Article_0625	link	184
other-internal	Article_0226	external	238
Article_2347	Article_0313	link	319
Article_1410	Article_1193	link	441
Article_3269	Article_1199	link	233
Article_1906	Russia	link	488
Article_2632	Article_1666	link	75
Article_2430	Article_3685	link	492
Article_3202	Article_0427	link	178
other-internal	Article_0020	external	348
Article_2157	Article_0469	link	311
Article_2206	United_States	link	263
other-internal	Article_0018	external	363
Article_1825	Article_2060	link	293
Article_1607	Article_0392	link	53
Article_0220	Article_0524	link	327
Article_1700	Article_0033	link	346
other-internal	Article_0028	external	103
Article_3754	France	link	380
Article_3782	Article_0292	link	138
Article_2246	Germany	link	343
other-internal	Article_0010	external	212
other-search	Article_2815	other	163
other-search	Article_0052	other	198
other-internal	United_States	external	329
Article_0857	Article_0016	link	446
Article_0940	China	link	312
other-internal	Article_0487	external	118
other-internal	Article_0020	external	255
other-internal	Article_2108	external	183
other-search	Article_2499	other	145
other-internal	United_States	external	277
Article_1364	Article_1211	link	99
other-internal	Article_0753	external	332
other-search	Article_0183	other	352
other-internal	Article_1441	external	36
Article_0739	World_War_II	link	39
Article_2001	Russia	link	325
other-internal	Article_0223	external	314
Article_3788	Article_3505	link	368
other-search	Article_0403	other	86
Article_3333	Article_0372	link	331
Article_0135	Article_0074	link	440
other-internal	Article_2656	external	121
Article_0399	Article_0442	link	163
Article_0778	Article_0039	link	201
other-internal	United_States	external	356
Article_2611	Article_0101	link	422
Article_2796	Article_0017	link	164
Article_0977	Article_0124	link	270
other-internal	Article_0050	external	177
other-internal	Article_2452	external	200
Article_0068	Article_0091	link	196
Article_3713	YouTube	link	201
Article_2125	Article_0050	link	280
other-internal	Article_0024	external	383
Article_1860	Article_1159	link	233
Article_1575	Article_3049	link	390
other-internal	Article_0110	external	313
Article_3986	Article_0743	link	271
Article_2015	Article_0021	link	488
Article_3641	Article_0018	link	95
Article_0733	Article_0083	link	355
Article_1642	YouTube	link	271
Article_0717	Article_1720	link	459
other-search	Canada	other	272
Article_1902	India	link	342
Article_0324	United_States	link	375
Article_2409	Article_1121	link	326
Article_1659	Article_0125	link	38
Article_3455	Article_1322	link	59
other-internal	Article_0366	external	337
other-internal	Article_0137	external	338
Article_1682	Article_0037	link	273
Article_3398	Article_0222	link	120
Article_3768	Article_2144	link	458
Article_2613	Article_0217	link	328
Article_1718	United_Kingdom	link	44
Article_0499	India	link	116
other-internal	Article_3050	external	157
Article_2267	Article_0938	link	393
Article_3920	World_War_II	link	345
other-internal	United_States	external	91
Article_3563	United_States	link	219
Article_2518	United_States	link	51
other-internal	Article_1201	external	37
other-internal	Article_0360	external	365
other-internal	Article_1022	external	230
Article_3891	Article_2447	link	491
other-search	Article_3128	other	231
Article_2388	Article_2956	link	382
Article_2220	Article_0434	link	175
Article_0845	Article_3960	link	231
other-search	Russia	other	243
Article_3956	Article_3613	link	26
Article_3676	Article_0034	link	461
other-search	India	other	14
Article_3883	Article_0130	link	395
Article_3445	Article_2214	link	133
other-search	Article_0010	other	383
Article_0432	Article_0122	link	149
other-internal	Article_0027	external	371
Article_3563	Article_2990	link	135
Article_0115	Article_3400	link	60
other-internal	United_Kingdom	external	102
other-internal	Article_0029	external	188
Article_0840	Article_0042	link	213
Article_0449	Article_0020	link	439
Article_1188	Article_0184	link	80
Article_0273	Article_1840	link	210
other-internal	Article_0018	external	66
Article_2096	World_War_II	link	326
other-internal	Article_3793	external	350
other-internal	Article_0232	external	55
other-internal	Article_1394	external	44
Article_0856	World_War_II	link	378
other-internal	United_Kingdom	external	294
other-internal	China	external	139
Article_1882	Article_0060	link	139
Article_3642	Article_0027	link	95
Article_1853	Article_0211	link	342
Article_2527	Article_0303	link	242
Article_3034	Article_0037	link	13
Article_0639	Article_0034	link	123
Article_1595	United_States	link	346
Article_2211	Article_0214	link	178
Article_3715	Article_0636	link	339
Article_2979	World_War_II	link	173
Article_0611	United_States	link	36
Article_1256	Article_2946	link	155
other-internal	Germany	external	166
Article_0361	Article_0353	link	347
other-internal	Article_0017	external	38
Article_2941	Article_1197	link	50
Article_0773	Article_1105	link	245
other-internal	Article_0020	external	382
Article_0367	Article_2069	link	203
Article_2194	Article_0363	link	153
Article_0388	Article_0271	link	309
other-internal	Article_0018	external	388
Article_0108	Article_0094	link	471
Article_2320	Article_2007	link	380
other-internal	Article_3826	external	146
other-internal	Article_0079	external	241
other-internal	Article_0048	external	160
Article_2376	Article_1530	link	158
Article_0750	Article_0025	link	326
Article_3626	Article_2327	link	403
other-internal	Article_0025	external	162
Article_1171	Article_0999	link	41
Article_2762	Article_1979	link	343
Article_3753	Article_0062	link	307
other-internal	Article_0026	external	39
Article_1989	Article_0107	link	70
other-internal	Article_2168	external	264
other-internal	Article_0928	external	120
other-internal	Article_2137	external	129
Article_2536	Article_0020	link	460
other-internal	Article_0779	external	384
Article_3851	Article_0019	link	402
Article_1177	Article_0045	link	236
Article_3355	Article_0164	link	464
Article_2111	Article_0099	link	248
Article_2756	Article_0504	link	393
Article_3525	China	link	344
Article_0854	Article_2305	link	21
Article_3948	Article_0014	link	61
other-internal	Article_0066	external	366
Article_3747	Germany	link	19
Article_3942	Article_0012	link	65
Article_1476	Article_1731	link	96
other-internal	YouTube	external	374
Article_2923	Article_1037	link	295
Article_3027	Article_0029	link	243
other-search	Article_0420	other	303
Article_3459	Article_0869	link	374
other-internal	Article_0606	external	326
Article_0827	YouTube	link	164
Article_0363	Article_0288	link	442
other-internal	Article_0357	external	298
Article_3336	Article_0069	link	156
Article_0410	Article_0447	link	380
other-search	Article_0227	other	333
other-internal	Article_2351	external	389
Article_0122	Article_0905	link	162
Article_1374	Article_0083	link	461
other-internal	China	external	134
Article_0565	Article_0064	link	414
Article_1777	Article_0010	link	404
other-internal	United_States	external	253
other-internal	Article_0426	external	48
Article_1904	Article_0017	link	472
Article_0562	Article_0116	link	183
other-internal	Article_0025	external	130
Article_3957	World_War_II	link	316
other-internal	Article_0348	external	292
Article_3513	India	link	415
other-internal	United_States	external	115
Article_1392	Article_1703	link	282
other-internal	Article_0020	external	293
other-internal	Article_0277	external	26
Article_2063	Article_1595	link	317
Article_0275	Article_0212	link	302
Article_2737	Article_3852	link	385
Article_0912	Article_1419	link	262
Article_3923	China	link	117
Article_3997	Article_2145	link	82
Article_3739	Article_3752	link	301
Article_0328	Article_2112	link	384
Article_0764	Article_0017	link	154
Article_0994	Article_1483	link	303
other-internal	Article_0269	external	144
Article_2718	United_States	link	103
Article_0772	Article_0025	link	303
Article_0045	Article_0382	link	398
Article_0478	Article_2001	link	181
Article_1437	Article_0149	link	40
Article_2464	Russia	link	473
Article_3267	Article_2494	link	49
Article_3237	Article_1237	link	223
other-internal	Article_3291	external	248
Article_1744	Article_0309	link	458
Article_1106	France	link	447
Article_2708	Article_1080	link	443
other-internal	China	external	102
other-internal	Article_0051	external	181
Article_0801	Article_0174	link	42
Article_0775	Article_0813	link	129
other-internal	Article_0024	external	370
other-search	Article_0016	other	143
Article_1393	World_War_II	link	189
other-internal	India	external	340
Article_1364	Article_1248	link	114
other-internal	Article_0017	external	199
other-internal	United_States	external	333
Article_1396	Article_0508	link	22
other-internal	Article_0010	external	160
Article_2914	Article_0136	link	165
Article_0043	Article_0040	link	390
Article_1348	Article_0525	link	280
Article_3401	Canada	link	161
Article_0906	Article_1099	link	184
other-search	Article_1947	other	365
Article_2024	Article_0732	link	495
Article_2001	Article_0015	link	325
Article_3310	United_States	link	482
Article_1553	Article_0011	link	299
Article_0252	Article_0251	link	164
Article_0111	YouTube	link	430
Article_1332	Article_0366	link	421
Article_1448	Article_0709	link	205
other-internal	YouTube	external	298
Article_3808	Article_0573	link	134
Article_1287	India	link	273
Article_0081	World_War_II	link	323
Article_0201	Article_0698	link	301
Article_1240	Article_0145	link	323
other-internal	Article_0051	external	271
Article_0341	Article_1442	link	464
Article_0376	Article_2490	link	32
other-internal	Article_0133	external	99
Article_3513	Article_0714	link	183
Article_0818	Article_0221	link	244
Article_2690	Article_1680	link	188
Article_0095	Article_0017	link	372
Article_0155	Article_0994	link	323
Article_1819	Article_0706	link	121
Article_1006	Article_0016	link	280
other-internal	Article_1342	external	120
other-internal	Article_0025	external	366
Article_1352	Article_0503	link	186
Article_3932	Article_0019	link	33
Article_1183	Article_0158	link	66
other-internal	Germany	external	162
Article_1216	Article_0103	link	51
Article_0034	Article_1338	link	434
other-internal	Article_0016	external	144
Article_0116	Article_0213	link	371
other-internal	Article_0035	external	268
other-internal	Article_0012	external	22
Article_0209	India	link	272
Article_1525	India	link	461
Article_1483	Article_0010	link	63
Article_3944	Article_1820	link	241
Article_3535	Article_3880	link	238
Article_3058	Article_0059	link	470
Article_2896	Article_0413	link	150
Article_3491	Article_1973	link	465
Article_0105	Article_0172	link	95
Article_2119	Article_0361	link	350
Article_2510	Article_0182	link	427
Article_1795	India	link	454
Article_0144	Article_0145	link	65
Article_3436	Article_3465	link	225
other-search	Article_0061	other	278
other-internal	Article_0389	external	237
Article_3903	YouTube	link	387
other-internal	Article_0315	external	95
Article_2396	Article_1836	link	132
Article_1280	Article_0033	link	50
Article_1535	Article_1554	link	464
Article_0067	Article_0489	link	204
other-internal	Article_0084	external	362
Article_1482	Article_0088	link	327
Article_0315	Article_0030	link	247
Article_0743	China	link	153
other-internal	Article_3479	external	40
other-internal	Article_0034	external	89
other-internal	Article_1461	external	128
Article_0704	United_Kingdom	link	91
Article_0867	World_War_II	link	29
Article_1530	Article_0741	link	410
Article_0368	Article_0549	link	105
Article_0798	Article_0026	link	239
Article_1985	United_States	link	490
other-internal	United_Kingdom	external	350
Article_2739	Article_0552	link	475
Article_2983	Article_1856	link	42
Article_1055	Article_1099	link	225
other-internal	Article_0582	external	358
Article_2825	Article_0079	link	495
other-internal	Article_1899	external	284
other-internal	United_States	external	301
other-internal	Article_0529	external	263
Article_0642	Article_0039	link	277
Article_3267	Article_2514	link	281
Article_2857	Article_1093	link	164
Article_1059	United_States	link	162
other-internal	Article_0332	external	327
Article_0930	World_War_II	link	143
Article_0588	Article_1766	link	106
Article_3495	Article_2088	link	100
Article_2935	YouTube	link	373
Article_3249	Article_0436	link	391
Article_1684	Article_0081	link	343
Article_2164	Article_1269	link	287
Article_3647	Article_2872	link	317
Article_3397	Article_1358	link	194
other-internal	Article_0230	external	57
Article_0190	Article_0436	link	90
Article_1994	Article_1066	link	108
other-search	United_States	other	325
other-internal	United_Kingdom	external	261
other-internal	Article_0492	external	96
other-internal	Article_0519	external	278
other-internal	Article_0116	external	55
other-search	YouTube	other	225
Article_2367	Article_0482	link	288
Article_3103	United_States	link	177
Article_2961	Article_3835	link	418
other-internal	Article_2731	external	95
Article_3140	United_States	link	378
other-internal	Article_2706	external	230
Article_3324	Article_0047	link	364
other-internal	Article_0028	external	399
other-internal	Article_2875	external	188
Article_1253	Article_2130	link	364
other-internal	Article_2018	external	338
Article_2403	Article_3515	link	147
Article_3655	Article_0442	link	149
Article_0154	World_War_II	link	415
Article_2365	Article_2622	link	495
Article_1850	United_States	link	307
Article_0037	Article_0419	link	59
Article_3691	United_States	link	436
other-internal	Article_1893	external	51
Article_1193	Article_0837	link	423
Article_0974	India	link	256
other-internal	Article_0039	external	392
Article_0546	Article_0056	link	408
Article_1594	Article_2259	link	22
other-search	Article_0011	other	119
other-internal	Article_0011	external	118
other-internal	Article_1028	external	369
Article_0488	Article_0111	link	229
Article_0896	Article_0064	link	227
other-search	Article_0012	other	96
Article_3824	Article_0402	link	286
other-internal	Article_1219	external	270
Article_0149	World_War_II	link	479
Article_3749	Article_0702	link	262
Article_1335	Article_3449	link	464
Article_0974	Article_0314	link	101
Article_1899	Article_0047	link	154
Article_3689	Article_0022	link	397
Article_2402	Article_0017	link	146
other-internal	Article_1420	external	291
other-internal	Article_3620	external	274
Article_1210	Article_1318	link	77
Article_0506	Article_2673	link	251
other-internal	Article_0111	external	190
Article_2029	Article_0783	link	349
Article_1820	Russia	link	167
other-internal	India	external	66
Article_0724	Article_0963	link	378
other-internal	Article_0034	external	270
Article_1518	Article_0032	link	280
Article_3847	Article_0303	link	466
Article_1291	Article_3238	link	493
other-internal	Article_0027	external	312
other-internal	Article_0067	external	325
other-internal	India	external	280
Article_3322	Article_2773	link	437
Article_1970	Article_1111	link	36
other-internal	Article_0638	external	396
Article_2997	Article_0018	link	111
other-internal	Article_1330	external	220
Article_3552	World_War_II	link	448
other-internal	World_War_II	external	291
Article_2456	Article_3816	link	39
Article_0866	Article_0913	link	240
Article_3372	Article_0107	link	215
Article_2155	Article_0216	link	60
other-internal	India	external	237
Article_3213	Article_0019	link	116
Article_0070	Article_0067	link	153
other-internal	Article_0063	external	310
other-internal	Article_0320	external	101
Article_3968	Article_0013	link	96
Article_2532	Article_0025	link	326
Article_0762	Article_0407	link	16
Article_3917	Article_0522	link	32
Article_3660	Article_0659	link	480
Article_0066	Article_0082	link	281
Article_0805	Article_0010	link	75
Article_3778	Article_0101	link	214
other-internal	Article_3563	external	329
other-internal	Article_0039	external	389
Article_2956	Article_0460	link	101
Article_3311	United_States	link	259
Article_2618	Article_0100	link	368
other-internal	Article_0016	external	42
other-internal	Article_0321	external	35
Article_1226	Article_0625	link	200
Article_3158	Russia	link	205
other-internal	Article_0060	external	368
other-internal	Article_2745	external	395
Article_0937	Article_1465	link	30
other-internal	Article_0052	external	200
Article_2093	Article_0487	link	423
Article_3428	World_War_II	link	210
Article_1675	Article_0432	link	340
other-internal	Article_0052	external	394
Article_1084	Article_0502	link	77
Article_2019	Article_0967	link	144
other-internal	Article_0024	external	258
other-internal	Article_0112	external	203
other-internal	Article_2761	external	110
Article_0162	China	link	367
Article_1744	Article_0048	link	286
Article_3559	Article_0148	link	140
other-internal	United_Kingdom	external	359
other-internal	Article_0212	external	54
other-internal	Article_0049	external	292
Article_3738	Article_0019	link	315
Article_2821	Russia	link	44
other-internal	India	external	237
Article_2564	Article_0316	link	262
other-internal	Article_0054	external	347
Article_3878	China	link	248
Article_0527	Article_3872	link	432
other-internal	Article_0499	external	291
Article_2757	Article_0014	link	124
other-internal	Article_0042	external	212
Article_0632	Article_0332	link	17
other-internal	Article_3633	external	203
other-internal	Article_0038	external	195
Article_1069	Article_0227	link	309
Article_3901	Article_0508	link	223
other-search	Article_3615	other	271
Article_1446	Article_0069	link	314
Article_1510	Article_1024	link	145
Article_1315	Article_0013	link	185
other-internal	Article_0112	external	124
Article_1119	Article_2364	link	298
Article_2267	Article_0015	link	423
Article_0110	United_States	link	306
Article_2072	Article_3785	link	92
Article_0147	Article_0066	link	216
Article_0213	Article_0116	link	43
other-internal	Article_1038	external	341
other-internal	United_Kingdom	external	272
Article_2212	Article_0055	link	364
other-internal	United_States	external	250
Article_2592	Russia	link	335
other-internal	United_States	external	22
other-internal	Article_0332	external	260
Article_3994	Article_0473	link	21
Article_2282	Russia	link	381
Article_3871	Article_0183	link	110
Article_2501	Article_3262	link	209
Article_3995	China	link	62
other-internal	Article_1671	external	60
Article_2798	Article_1731	link	218
Article_3399	Article_0163	link	286
other-internal	YouTube	external	178
Article_1357	India	link	452
Article_3215	Article_0075	link	200
Article_0590	Article_0694	link	23
other-internal	China	external	55
Article_1540	India	link	272
Article_0936	Article_2168	link	292
other-internal	Russia	external	135
Article_1108	Article_0237	link	388
other-internal	World_War_II	external	88
Article_2509	United_States	link	387
Article_0077	Article_0345	link	135
Article_0222	Article_0161	link	244
Article_2988	United_States	link	313
Article_2598	Article_0268	link	334
other-internal	Article_0355	external	58
other-search	China	other	23
Article_3093	Article_1626	link	487
Article_2844	Article_0059	link	224
other-internal	Article_0868	external	348
other-internal	Article_1872	external	279
Article_2835	Article_0057	link	247
Article_3496	Article_0571	link	355
Article_3179	Article_2907	link	191
other-internal	Article_1131	external	17
Article_2681	Article_0104	link	189
Article_0754	Article_0028	link	71
other-internal	Article_1499	external	147
other-internal	World_War_II	external	348
Article_3765	Article_0705	link	62
other-internal	Article_0202	external	278
Article_3342	United_Kingdom	link	225
Article_2301	Article_0033	link	460
Article_3385	Article_0672	link	304
Article_3877	Article_1534	link	21
Article_0604	Article_0119	link	61
other-internal	Article_0061	external	185
other-internal	Article_0319	external	199
Article_0750	India	link	287
Article_3943	Article_3755	link	70
other-internal	Article_3023	external	397
Article_2977	Article_0092	link	291
Article_0032	Article_1123	link	415
Article_1877	Article_0037	link	474
other-search	Article_0021	other	87
other-internal	Article_0010	external	311
Article_0791	Article_0059	link	213
other-internal	Article_0539	external	138
Article_2772	Article_0197	link	403
Article_2686	Article_0010	link	460
Article_1679	Article_0472	link	146
other-internal	Article_0014	external	238
other-search	China	other	67
Article_1582	Article_0053	link	12
Article_1787	Article_0150	link	447
other-search	United_States	other	179
Article_2982	Article_0474	link	141
Article_2928	Article_0527	link	94
Article_2894	Article_0973	link	271
Article_2324	Article_0051	link	306
Article_2070	Article_0225	link	206
Article_3493	Article_0187	link	443
Article_3016	India	link	163
other-internal	Article_1481	external	80
Article_3736	World_War_II	link	472
other-internal	Article_0677	external	203
other-search	Russia	other	327
Article_3583	Article_0165	link	487
Article_0656	World_War_II	link	449
Article_2258	Article_0081	link	436
other-search	World_War_II	other	319
Article_2735	United_States	link	153
Article_3676	Article_0026	link	186
Article_3697	France	link	496
Article_1500	Article_2540	link	197
other-internal	United_Kingdom	external	282
Article_2778	Article_0236	link	346
Article_2453	Article_0584	link	443
Article_3356	Article_3206	link	411
Article_0347	Article_3929	link	184
other-internal	Article_0011	external	185
Article_3439	Article_0032	link	113
other-internal	Article_0339	external	350
Article_2384	Article_0929	link	445
Article_2593	Article_0860	link	163
other-internal	Article_1669	external	165
Article_3843	Germany	link	331
other-internal	Article_3580	external	229
Article_1561	Article_0012	link	324
other-internal	Article_0135	external	45
Article_1557	Article_0377	link	255
other-internal	Article_0233	external	208
other-internal	Article_0018	external	107
other-internal	YouTube	external	307
Article_0196	Article_0233	link	189
Article_0178	Article_2182	link	10
Article_2277	Article_0888	link	160
Article_1091	Article_2118	link	20
other-internal	United_States	external	20
other-internal	Article_0014	external	47
Article_3222	Article_0252	link	66
Article_2033	Article_0014	link	135
other-internal	Article_1656	external	117
Article_1861	United_States	link	456
Article_1813	Article_0023	link	162
other-internal	Article_0068	external	155
Article_0226	Article_2820	link	115
Article_1524	Article_0062	link	449
other-internal	Article_0266	external	354
Article_1821	Article_2470	link	338
other-internal	Article_0049	external	371
Article_0681	Article_0022	link	450
other-internal	Article_0213	external	52
Article_0987	Article_2458	link	321
Article_3783	Article_0039	link	178
Article_3155	Article_0110	link	419
Article_0433	Article_0275	link	187
Article_1455	Article_0391	link	58
Article_0943	Article_3371	link	134
other-search	Article_0576	other	74
Article_3197	Article_0010	link	305
Article_2129	Article_0014	link	409
Article_2978	Article_0012	link	427
other-internal	Article_0464	external	218
other-internal	Article_2189	external	31
Article_1935	Article_0631	link	49
Article_3195	Article_0020	link	282
other-internal	World_War_II	external	213
Article_1666	United_States	link	382
Article_2911	United_States	link	323
Article_0454	United_States	link	253
other-internal	India	external	131
Article_2911	Article_0578	link	348
other-internal	Article_0228	external	352
Article_1656	Article_1039	link	134
other-internal	Article_0045	external	52
Article_1669	Article_0010	link	344
other-internal	Article_2346	external	132
Article_3056	China	link	358
other-internal	Article_0469	external	94
other-internal	Article_2536	external	120
other-internal	Article_0051	external	291
Article_0290	Article_0021	link	467
Article_2929	Article_0019	link	87
Article_0848	Article_0086	link	255
Article_0307	Article_1594	link	239
Article_2497	Article_0158	link	493
Article_3999	Article_0135	link	421
Article_3362	United_States	link	316
Article_3726	India	link	350
Article_3708	World_War_II	link	255
Article_0107	Article_0026	link	352
Article_0291	World_War_II	link	453
Article_2041	Article_0322	link	180
Article_1116	Article_0256	link	227
Article_2062	Article_3270	link	316
Article_1505	Article_0785	link	466
other-internal	Article_0011	external	88
Article_2633	Article_0014	link	325
other-search	Article_0020	other	160
other-internal	Article_0297	external	241
other-internal	Article_0646	external	292
other-internal	Article_0146	external	144
Article_0952	Article_2759	link	54
Article_0257	Article_1502	link	465
Article_1819	Article_3949	link	287
Article_3383	Article_0682	link	257
other-search	Article_0012	other	245
other-search	Article_0599	other	270
other-internal	Article_0106	external	278
other-internal	Article_0077	external	23
Article_0041	Article_2269	link	368
Article_1018	Germany	link	487
Article_2026	Article_1358	link	294
Article_0813	YouTube	link	328
other-internal	Article_1222	external	217
Article_0864	YouTube	link	222
other-search	Article_2526	other	264
Article_2704	Article_0079	link	39
Article_3186	Article_0089	link	10
Article_3538	Article_0113	link	150
Article_3923	Article_0446	link	279
Article_1803	Article_2843	link	220
Article_3276	Article_0081	link	254
Article_1450	Article_1799	link	44
Article_1015	Article_1350	link	198
Article_2367	Article_0915	link	494
Article_1378	Article_0152	link	79
other-internal	Germany	external	277
other-internal	India	external	197
Article_3172	Article_0295	link	477
Article_2362	Article_3088	link	413
Article_0129	Article_0010	link	437
Article_3394	Article_0121	link	447
Article_3388	Article_0234	link	54
Article_2636	Article_0038	link	366
other-internal	United_States	external	344
Article_0706	France	link	24
other-internal	YouTube	external	195
Article_2690	Article_0070	link	103
other-internal	Article_0733	external	395
Article_0388	United_States	link	236
other-internal	Article_0226	external	11
Article_1838	Article_2843	link	165
other-internal	United_States	external	161
other-internal	Article_2440	external	33
Article_3016	Article_1315	link	192
other-internal	Article_0011	external	74
Article_3155	Article_0047	link	445
Article_0282	Article_0044	link	134
Article_1892	Article_0042	link	146
other-internal	Article_0027	external	194
other-internal	Article_0146	external	191
other-internal	Article_0080	external	266
Article_3574	Article_1567	link	82
Article_0652	Article_1603	link	436
Article_0643	Article_0152	link	250
other-internal	Article_3115	external	206
other-internal	Article_0280	external	37
other-internal	Article_0182	external	48
Article_2236	United_States	link	288
Article_0795	Article_0030	link	403
Article_1176	Article_0084	link	408
Article_0348	Article_2734	link	479
other-internal	China	external	246
Article_3129	Article_0030	link	226
other-internal	Article_0070	external	103
Article_0923	Article_0010	link	178
Article_0489	Article_0064	link	157
Article_0407	Article_0371	link	421
Article_3523	Article_0404	link	452
other-internal	United_States	external	330
Article_1475	Article_0023	link	188
other-internal	YouTube	external	55
Article_3579	Article_0127	link	111
other-internal	Article_0516	external	198
other-search	Article_0070	other	150
other-internal	Article_0123	external	34
Article_2867	Article_0016	link	389
Article_3830	Article_0076	link	37
other-internal	Article_0327	external	207
other-internal	India	external	152
other-internal	Article_0013	external	81
Article_3390	World_War_II	link	11
other-internal	Article_1898	external	97
other-internal	China	external	372
Article_3626	YouTube	link	319
Article_2586	Article_0417	link	471
other-internal	Russia	external	395
Article_3141	World_War_II	link	118
Article_3412	United_States	link	246
Article_1004	Canada	link	472
other-internal	Russia	external	186
Article_1831	Article_0041	link	87
other-internal	Article_0026	external	14
other-internal	Article_0320	external	54
Article_3554	United_States	link	337
Article_0230	United_States	link	229
Article_0315	China	link	378
Article_3035	Article_0214	link	78
Article_2560	World_War_II	link	278
Article_2116	Article_1984	link	25
other-internal	Article_0014	external	45
Article_3423	Article_1048	link	45
other-internal	Article_0083	external	261
Article_0379	Article_0886	link	198
other-search	Article_0019	other	284
Article_0298	Article_0022	link	287
Article_1849	Article_2914	link	423
other-internal	Article_0066	external	210
Article_2384	Article_0027	link	207
other-internal	Article_2243	external	177
Article_1791	United_States	link	431
Article_2090	Article_0056	link	189
other-internal	Article_0247	external	346
Article_1517	Article_2976	link	140
Article_0246	Article_1474	link	175
other-internal	Article_0308	external	53
Article_0651	France	link	48
Article_1974	Article_1166	link	67
Article_3914	Article_0243	link	259
other-internal	Article_2367	external	26
Article_3724	Article_0011	link	225
Article_2917	Russia	link	446
Article_3263	Article_0205	link	343
other-internal	Article_0204	external	283
Article_1166	Article_0291	link	219
other-internal	Article_0029	external	391
Article_1065	Article_2885	link	220
Article_0626	Article_0250	link	134
other-search	Article_1282	other	239
other-internal	Article_0274	external	262
Article_3894	Article_2847	link	366
other-internal	World_War_II	external	42
Article_2479	Article_0505	link	142
Article_3114	United_States	link	356
Article_1575	Article_2228	link	212
Article_1143	Article_0091	link	306
Article_2491	Article_0051	link	280
Article_2684	Article_1818	link	435
Article_1865	United_States	link	359
other-search	Article_0725	other	230
Article_3110	Article_2977	link	340
Article_2688	India	link	253
other-internal	Article_0139	external	362
Article_3512	Article_1466	link	374
Article_0969	Article_0074	link	149
other-internal	YouTube	external	154
other-internal	Article_1588	external	373
other-internal	Article_2855	external	280
Article_2166	Russia	link	173
Article_0760	Article_2519	link	414
Article_3935	Article_2350	link	272
Article_1603	Article_0044	link	455
Article_1883	Article_1633	link	181
Article_2153	Article_0079	link	459
Article_3942	Article_0015	link	23
Article_0174	Article_0054	link	306
Article_1557	India	link	264
Article_3545	Article_1650	link	185
Article_2993	Article_0786	link	188
Article_3443	Article_1860	link	402
Article_2314	Article_0091	link	91
Article_1952	Article_1346	link	394
Article_2933	Article_0118	link	12
Article_0836	Article_0247	link	283
Article_3413	Article_2574	link	458
Article_1868	Article_2412	link	248
Article_2695	Article_0049	link	36
other-internal	Article_1399	external	210
Article_2034	Article_1057	link	220
Article_1504	Article_0709	link	116
Article_1639	Article_0321	link	488
Article_1752	Article_1635	link	418
Article_3314	Article_0066	link	133
Article_3650	Article_0627	link	274
other-internal	United_States	external	230
Article_2640	United_Kingdom	link	397
other-internal	Article_0108	external	83
other-internal	United_States	external	280
Article_1081	China	link	128
Article_3361	Article_0022	link	466
Article_2286	Article_0904	link	119
Article_3944	Article_1602	link	84
other-search	Article_3262	other	123
Article_1031	Article_0305	link	98
other-internal	Article_1433	external	391
other-internal	Article_1361	external	65
Article_1859	Article_0022	link	361
Article_3231	Article_0018	link	50
Article_2111	World_War_II	link	499
Article_0299	Article_0434	link	307
Article_2714	Article_0056	link	352
Article_2995	Article_0220	link	154
other-search	Article_0495	other	82
other-internal	Article_0600	external	172
Article_3445	Article_0144	link	318
other-internal	Article_2511	external	28
Article_2303	Article_1557	link	474
other-internal	Article_0725	external	117
Article_0761	Article_0199	link	85
other-internal	India	external	191
Article_0660	United_States	link	387
Article_1435	Article_0738	link	127
other-internal	Article_0207	external	271
other-search	Article_0018	other	61
Article_2204	Article_1197	link	261
other-internal	Article_0013	external	286
Article_2740	Article_2411	link	349
Article_2309	Article_0783	link	140
Article_3266	Article_0152	link	144
Article_3971	Article_1321	link	17
Article_2193	Article_0203	link	58
Article_1667	Article_0379	link	412
other-internal	Article_0030	external	339
Article_2433	United_States	link	207
other-internal	YouTube	external	169
Article_3684	China	link	306
other-search	Article_0174	other	316
other-internal	Article_1803	external	273
Article_3105	Article_3354	link	141
Article_2471	Article_1257	link	28
Article_0151	India	link	280
other-internal	YouTube	external	273
Article_0104	Article_0315	link	423
other-internal	Article_0389	external	209
Article_3160	Article_2487	link	442
other-internal	Article_0092	external	188
other-search	Article_0374	other	71
other-search	Article_0292	other	278
other-internal	Article_0247	external	143
Article_2661	Article_2989	link	340
Article_0401	Article_0039	link	453
Article_0376	Article_0058	link	52
Article_3839	United_States	link	313
Article_3203	Article_2669	link	230
other-internal	Article_0037	external	278
other-internal	Article_0400	external	359
other-internal	Article_0211	external	35
Article_2861	Article_0023	link	330
Article_1497	Russia	link	334
Article_3829	Article_3337	link	149
Article_0777	Article_0312	link	412
Article_2240	Article_1897	link	80
Article_3175	Article_1672	link	47
Article_0030	Article_0296	link	383
other-search	Germany	other	166
other-internal	Article_0053	external	305
Article_2082	Article_0289	link	56
Article_2588	Article_0499	link	449
other-internal	Article_0086	external	158
Article_3502	Article_0017	link	43
Article_3795	Article_0223	link	97
Article_2591	Article_0081	link	383
Article_2602	Article_0929	link	475
Article_1283	China	link	388
other-search	United_States	other	195
Article_2579	Article_0039	link	31
other-internal	Article_2560	external	182
Article_3423	Article_0766	link	203
Article_2186	Article_0068	link	200
Article_2092	Article_0139	link	30
Article_3323	Article_0017	link	74
other-internal	YouTube	external	166
Article_1802	Article_0097	link	65
Article_3292	Article_0698	link	444
Article_2269	Article_0295	link	274
Article_3642	Article_2587	link	479
Article_2062	Article_0042	link	243
other-internal	Article_2117	external	105
Article_2958	Article_0109	link	209
Article_2331	Article_0850	link	214
other-internal	Article_0476	external	304
other-internal	Article_0994	external	285
Article_0942	Germany	link	348
Article_0144	Article_1896	link	178
Article_0227	Article_0039	link	203
Article_2433	Article_0059	link	177
Article_1067	Article_0298	link	371
Article_0792	YouTube	link	160
Article_2513	Article_0750	link	439
Article_2777	China	link	450
other-search	Article_0028	other	348
Article_0632	India	link	368
Article_3500	Article_2200	link	12
other-internal	Article_0167	external	62
other-internal	Article_0013	external	258
other-internal	YouTube	external	50
Article_3278	United_States	link	432
Article_0320	Article_0010	link	329
Article_0186	Article_0057	link	162
other-search	Article_3967	other	101
other-internal	Article_0137	external	206
other-internal	India	external	229
other-internal	Article_1479	external	368
Article_1656	Article_0039	link	66
Article_0332	United_States	link	138
other-internal	Article_0296	external	305
Article_3843	India	link	308
Article_3659	Canada	link	397
other-internal	France	external	57
Article_1357	Article_3954	link	48
Article_1412	United_Kingdom	link	455
Article_2233	Article_0013	link	248
Article_0309	Article_1662	link	268
Article_2411	Article_0307	link	246
other-internal	Article_0029	external	133
Article_1590	Article_1973	link	42
Article_2401	YouTube	link	437
Article_0476	Article_0070	link	91
other-internal	United_States	external	126
other-internal	United_States	external	340
Article_3012	Article_0291	link	382
Article_3922	Article_1709	link	221
Article_3509	Article_1226	link	184
Article_2232	Article_3225	link	276
other-internal	Article_0021	external	196
other-internal	Article_0043	external	67
other-internal	Article_0854	external	79
Article_3709	Article_0272	link	155
other-internal	Article_2157	external	336
other-search	Article_3941	other	107
other-internal	Article_2883	external	132
Article_0643	United_Kingdom	link	274
Article_3010	Article_1099	link	177
other-search	Article_0429	other	13
other-search	Article_0074	other	270
Article_2793	Germany	link	212
Article_2724	Article_0319	link	146
other-internal	Canada	external	100
Article_3288	United_States	link	389
other-internal	Article_0735	external	167
other-internal	Article_0049	external	256
other-search	Article_0666	other	367
Article_0676	Article_0333	link	220
Article_2210	Russia	link	222
other-internal	Article_0262	external	293
other-internal	Article_0210	external	38
other-internal	Article_1445	external	385
Article_1816	Article_0067	link	356
other-internal	China	external	385
other-internal	Article_0023	external	156
other-internal	Article_2091	external	268
Article_1174	Article_0063	link	178
Article_1585	United_States	link	297
Article_3694	Article_0568	link	413
Article_0927	Russia	link	474
other-search	Article_0214	other	372
other-internal	Article_0381	external	244
Article_0884	Article_0162	link	314
Article_3334	Article_0017	link	270
Article_3508	Article_0017	link	298
other-internal	Article_0987	external	22
Article_1455	Article_0432	link	437
Article_1791	Article_0970	link	40
other-internal	Article_2910	external	12
Article_2139	Article_0093	link	253
Article_0565	Article_0103	link	293
other-internal	Canada	external	92
Article_3959	Article_0292	link	17
other-internal	United_States	external	46
Article_2752	Article_0013	link	56
Article_3871	Article_0057	link	361
other-internal	Russia	external	282
other-internal	Article_0977	external	310
other-internal	Article_0010	external	340
Article_3835	World_War_II	link	337
Article_0872	United_States	link	357
other-search	Article_0039	other	352
Article_1506	Article_1390	link	76
other-internal	Article_0094	external	284
Article_0741	Article_1678	link	457
Article_2702	Article_1924	link	125
Article_1733	Article_0264	link	319
Article_3891	Article_0791	link	332
other-internal	Article_0364	external	364
Article_3986	Article_0130	link	153
other-search	Article_0094	other	136
Article_1069	Article_0032	link	411
other-internal	Article_1307	external	181
Article_3221	Article_0011	link	204
Article_0455	Article_0029	link	280
other-internal	Article_0917	external	144
Article_3260	Article_0303	link	117
other-internal	United_States	external	377
Article_1212	Article_0011	link	147
Article_0830	Canada	link	67
other-internal	Article_0752	external	40
other-internal	Article_0031	external	309
Article_2286	Article_0214	link	477
other-internal	United_States	external	240
Article_3551	Article_0028	link	375
other-internal	Russia	external	365
other-internal	Article_0292	external	177
Article_1410	World_War_II	link	10
other-search	Article_0233	other	314
Article_0911	India	link	400
other-internal	Article_0152	external	103
other-internal	Article_0013	external	99
other-internal	Article_0564	external	355
other-internal	Article_0194	external	163
Article_1011	Article_0200	link	92
other-internal	Article_1371	external	68
Article_3199	United_States	link	92
Article_1621	Article_0010	link	269
other-internal	YouTube	external	192
Article_3054	Article_0066	link	363
other-internal	Article_0108	external	240
other-internal	Article_0211	external	72
other-internal	United_States	external	275
other-internal	Article_0298	external	350
Article_2415	Article_0082	link	364
Article_2776	Canada	link	119
Article_1282	Article_2485	link	310
Article_3197	Article_0153	link	211
Article_1050	Article_0234	link	185
Article_1281	Article_0551	link	474
Article_3799	Article_3738	link	401
other-internal	Article_1389	external	211
other-internal	Article_0612	external	380
Article_2361	Article_1762	link	309
Article_0802	Article_1325	link	477
Article_2762	United_States	link	23
other-internal	Article_0056	external	356
Article_1449	Article_0042	link	445
Article_1299	Article_3336	link	192
other-internal	United_Kingdom	external	390
other-internal	Canada	external	78
Article_2990	Article_1584	link	418
Article_1324	Article_0451	link	111
Article_0238	Article_0158	link	232
other-internal	Article_3763	external	117
Article_3306	Article_1189	link	278
Article_1810	Article_2906	link	80
other-internal	Article_3036	external	131
Article_2390	Article_0626	link	200
Article_2042	United_States	link	376
other-internal	France	external	149
other-search	Article_0147	other	67
other-internal	Article_0394	external	312
other-internal	Article_0149	external	289
other-search	United_States	other	308
Article_3661	Article_1947	link	458
Article_3430	Article_0027	link	288
other-search	Article_0060	other	368
Article_1336	Article_0286	link	250
Article_0254	Article_2235	link	14
other-internal	Article_0610	external	223
Article_1805	China	link	91
other-internal	Article_0066	external	77
Article_1966	Article_0315	link	370
other-internal	Article_1064	external	79
other-internal	Article_0078	external	37
other-internal	Article_0010	external	234
Article_1437	Article_1099	link	364
other-internal	Article_3780	external	179
other-internal	YouTube	external	43
Article_1127	Article_0015	link	469
Article_2085	Article_0451	link	271
Article_0752	Article_1821	link	316
Article_1414	Article_1411	link	315
Article_1440	Article_2301	link	367
Article_2385	Article_0024	link	227
Article_0911	Article_0645	link	44
Article_3294	Article_0589	link	28
other-internal	Article_0137	external	157
other-search	Article_2212	other	200
Article_3390	United_States	link	288
Article_1770	Germany	link	172
Article_3578	Article_3749	link	208
Article_0151	Article_0096	link	300
Article_1835	Article_0140	link	126
Article_2447	Article_0108	link	325
Article_1922	Article_0090	link	56
Article_1660	YouTube	link	370
other-internal	India	external	193
Article_0905	Article_0158	link	89
other-internal	Article_1469	external	230
Article_1696	India	link	187
Article_1248	United_States	link	382
other-internal	Article_0858	external	93
Article_1251	United_States	link	45
Article_1713	Article_0060	link	108
other-internal	Article_0271	external	260
other-search	Article_0112	other	249
Article_1161	Article_3465	link	274
Article_3002	World_War_II	link	91
Article_3909	Article_1613	link	320
other-internal	China	external	138
other-internal	Article_0038	external	360
Article_2323	Article_0212	link	60
Article_0596	Article_0026	link	349
Article_2181	Article_3583	link	355
Article_3085	Article_1410	link	87
Article_3324	Canada	link	157
Article_0978	Article_2431	link	466
Article_3595	Article_0049	link	385
Article_2113	Article_0249	link	182
other-internal	India	external	376
Article_0221	United_Kingdom	link	40
Article_2887	Article_0133	link	245
Article_3121	Canada	link	217
other-internal	Article_0014	external	46
Article_2265	Article_0642	link	451
other-internal	Article_1399	external	108
other-internal	United_States	external	392
Article_0599	Article_0013	link	378
Article_2485	Article_1127	link	329
Article_3961	Article_0062	link	63
other-internal	Article_1180	external	136
Article_2254	Article_0018	link	221
Article_2924	Article_0707	link	275
other-internal	Article_0015	external	320
Article_2500	Article_1729	link	284
Article_3751	Article_0073	link	78
Article_0657	Article_0024	link	47
other-internal	Article_0063	external	207
other-internal	Article_0099	external	308
Article_3177	Article_2941	link	407
Article_2460	Article_0014	link	69
other-internal	Article_0116	external	152
Article_0959	Article_0688	link	23
Article_3277	Article_1071	link	28
other-internal	Article_0088	external	295
other-internal	Article_1890	external	307
other-internal	United_States	external	70
other-internal	Article_1023	external	261
Article_1889	Article_0175	link	147
other-internal	Article_0038	external	18
Article_1209	Article_0021	link	386
Article_3243	Article_0108	link	293
Article_1190	Article_0022	link	155
other-internal	United_States	external	301
other-internal	Article_0191	external	158
Article_0183	France	link	34
Article_3398	Article_0426	link	138
Article_3596	Article_2221	link	386
other-internal	Article_0893	external	339
other-internal	Article_1036	external	32
other-internal	Article_0187	external	146
other-search	Article_0083	other	66
Article_3703	Article_0772	link	298
Article_2055	Article_0097	link	449
Article_0514	Article_0017	link	305
Article_1058	Article_0020	link	391
Article_0446	Article_0262	link	413
Article_2165	Article_2327	link	318
Article_1881	Article_1174	link	396
Article_0599	Article_1436	link	488
Article_1556	Article_0015	link	335
other-search	Article_0105	other	183
Article_1088	Article_2728	link	483
other-internal	Article_1187	external	384
Article_3891	Article_2942	link	84
Article_0767	YouTube	link	345
Article_3292	Article_0113	link	139
other-search	Article_1720	other	193
Article_0271	Article_1309	link	39
other-internal	Article_0160	external	231
Article_1030	India	link	322
other-internal	Article_0480	external	224
Article_0217	Article_0507	link	210
Article_3778	Article_2425	link	366
Article_3518	Article_0036	link	431
Article_1761	Article_0420	link	55
Article_1539	Article_1120	link	169
Article_0031	Article_0045	link	157
Article_0109	Article_0148	link	93
Article_2897	Canada	link	406
other-internal	Article_0013	external	280
Article_2798	United_States	link	230
Article_0362	Article_0012	link	228
Article_0530	Article_0021	link	163
other-internal	Article_0019	external	316
Article_1426	Article_0380	link	147
Article_0024	Russia	link	240
Article_2515	Article_0081	link	87
other-internal	Canada	external	55
Article_3053	Article_2703	link	414
Article_0921	Article_0043	link	494
Article_2664	Article_0360	link	430
Article_2120	Article_0017	link	493
Article_2726	Article_0014	link	104
Article_1136	Article_0132	link	175
Article_2067	Article_0033	link	320
other-search	Article_3530	other	280
other-internal	Article_0222	external	324
Article_3178	Article_0422	link	419
other-internal	Article_0415	external	333
Article_3617	Article_3696	link	180
Article_0842	Article_2470	link	487
other-search	Article_2567	other	229
Article_2815	Article_1319	link	97
Article_2985	Article_1904	link	393
Article_1642	World_War_II	link	220
Article_1342	World_War_II	link	130
Article_1674	Article_2833	link	25
other-search	Canada	other	79
Article_0090	Article_0027	link	100
Article_0148	Article_0050	link	362
Article_3430	United_States	link	386
Article_2138	Article_0334	link	317
Article_3119	Article_2408	link	239
Article_2179	Article_0084	link	316
Article_2808	Article_0178	link	100
Article_0022	Article_0056	link	440
other-search	Article_0087	other	274
Article_2904	Article_0019	link	273
Article_0017	China	link	292
Article_0660	Article_3417	link	78
Article_0903	Article_3419	link	443
Article_3239	Article_0026	link	146
other-search	Article_1406	other	213
Article_3562	World_War_II	link	358
Article_2011	Article_0098	link	187
Article_0706	Article_0016	link	397
Article_2627	China	link	436
Article_0204	Article_0501	link	427
other-internal	Article_0036	external	243
other-internal	Article_0270	external	331
Article_3159	Article_0267	link	364
Article_2404	Article_0243	link	296
other-internal	Article_0017	external	386
other-internal	Article_2457	external	397
other-internal	Article_2708	external	304
Article_1995	Article_2140	link	25
other-search	United_States	other	37
Article_3273	India	link	20
Article_0716	United_States	link	70
Article_1390	Article_0257	link	460
Article_1780	United_Kingdom	link	23
Article_0561	Article_0231	link	255
other-internal	Article_0091	external	190
Article_2479	Article_0015	link	73
other-search	Article_0226	other	292
Article_3053	Article_0434	link	457
other-internal	Article_0351	external	327
Article_0249	Article_0039	link	486
Article_3611	World_War_II	link	472
Article_2848	Article_3960	link	124
Article_2116	United_States	link	363
Article_3584	Article_0299	link	80
Article_0261	China	link	160
Article_2344	Article_1131	link	299
Article_3322	Article_0039	link	55
other-internal	World_War_II	external	56
Article_0295	United_States	link	163
Article_0045	Article_0664	link	423
other-internal	Article_0015	external	53
other-search	Article_1441	other	217
Article_0605	United_States	link	277
other-internal	Article_0234	external	263
Article_0156	Article_0090	link	350
Article_0317	Article_2789	link	164
other-internal	Article_1460	external	302
Article_2298	Article_2456	link	302
Article_0364	Germany	link	357
Article_0498	Article_0529	link	496
other-internal	Article_0036	external	288
Article_3464	United_States	link	467
Article_2971	Article_1297	link	287
other-internal	Article_0072	external	368
Article_0149	Article_1889	link	354
Article_3601	United_States	link	380
Article_0311	Article_0012	link	481
Article_3311	Article_0125	link	65
Article_0559	Article_0030	link	95
Article_3971	Article_3373	link	286
Article_2473	China	link	292
Article_0748	United_States	link	240
other-internal	Article_1605	external	373
Article_3264	Article_0984	link	429
Article_1834	Article_2503	link	380
other-internal	Article_3181	external	343
Article_3907	Article_3680	link	219
other-search	Article_0028	other	238
other-internal	Article_0291	external	62
Article_1264	Article_0420	link	281
other-internal	India	external	337
Article_0758	India	link	433
Article_0044	Article_0142	link	377
Article_0868	Article_0083	link	316
Article_3514	Article_2627	link	408
Article_2660	Article_0019	link	110
Article_0182	Article_2048	link	195
Article_1223	Article_1652	link	332
Article_1802	United_States	link	468
other-internal	Article_2052	external	81
Article_3797	Article_0078	link	362
Article_1082	Article_0744	link	464
Article_0223	Article_0172	link	413
other-search	Article_0031	other	88
other-search	India	other	361
Article_2126	Russia	link	347
other-internal	Article_0294	external	179
other-internal	United_Kingdom	external	181
other-internal	Article_1262	external	272
Article_0060	China	link	483
Article_1930	India	link	175
other-internal	Article_0420	external	170
other-internal	India	external	232
Article_0514	Article_0019	link	407
Article_1500	Article_0068	link	130
other-internal	Article_0308	external	285
other-internal	Article_0335	external	267
Article_3459	United_States	link	273
Article_2308	Article_0703	link	386
other-internal	Article_0092	external	15
Article_3409	Germany	link	341
Article_1373	World_War_II	link	267
other-internal	Article_0026	external	337
other-internal	Article_0039	external	175
Article_3490	United_States	link	412
Article_3518	India	link	148
Article_3584	Article_0030	link	436
Article_0993	Article_0115	link	232
other-search	United_States	other	16
other-search	Article_0937	other	33
Article_2421	Article_3919	link	162
Article_2219	Article_1483	link	169
Article_3071	Article_0018	link	457
Article_2836	Article_0025	link	352
Article_3868	Article_1321	link	193
other-internal	Article_1367	external	287
Article_2609	China	link	12
Article_2109	Article_1702	link	145
other-internal	Article_1538	external	12
Article_3222	India	link	256
other-internal	India	external	102
Article_1176	Article_0040	link	296
Article_3134	Article_3751	link	151
other-internal	Article_0022	external	332
Article_0600	Article_1877	link	156
Article_3767	Article_1463	link	273
other-search	Article_0031	other	105
Article_1844	Article_2780	link	222
other-search	Article_2374	other	106
other-internal	China	external	16
Article_2568	India	link	474
Article_3490	Article_0057	link	37
other-internal	Article_1954	external	42
other-search	Article_0290	other	104
Article_3870	Article_0012	link	243
Article_1133	Article_1561	link	140
Article_3865	Article_2669	link	454
other-internal	United_States	external	231
Article_1489	Article_0110	link	182
Article_3860	Article_0859	link	276
other-internal	Article_0282	external	309
Article_2408	Article_0129	link	305
Article_3707	France	link	379
Article_3345	Article_0031	link	269
other-internal	Article_0720	external	260
Article_2707	Article_1037	link	119
Article_1939	United_States	link	401
Article_3876	United_States	link	82
other-internal	Article_0105	external	183
Article_2151	Article_0720	link	459
Article_2689	Russia	link	256
Article_1579	Article_0093	link	48
Article_3311	Article_0045	link	180
Article_3883	Article_2051	link	379
Article_0439	Article_0149	link	409
Article_3258	Article_0791	link	72
Article_0292	Article_2828	link	223
Article_3048	Article_0013	link	280
Article_3258	China	link	194
Article_0699	Russia	link	437
other-internal	Article_0693	external	151
other-internal	China	external	101
Article_0814	Article_0442	link	12
other-internal	Article_1195	external	371
Article_0567	Article_0207	link	425
Article_1054	Article_0501	link	54
Article_0211	Article_0028	link	242
other-search	Article_1917	other	15
Article_3361	World_War_II	link	313
Article_1285	Article_2069	link	225
other-internal	Article_0011	external	157
Article_2588	Article_0152	link	330
other-internal	Article_0231	external	175
other-internal	Article_2367	external	305
Article_1458	Article_0024	link	141
Article_3277	Article_0018	link	386
Article_2809	World_War_II	link	361
Article_1561	Article_0734	link	166
other-search	China	other	343
other-internal	Article_0077	external	93
other-internal	India	external	69
Article_0285	Article_0838	link	358
Article_3085	Article_1932	link	349
Article_3429	Article_3969	link	289
Article_1921	India	link	20
Article_3550	Article_0329	link	149
Article_0840	Article_2283	link	127
Article_3938	United_States	link	10
Article_3259	Article_1785	link	227
Article_1032	Article_2052	link	258
Article_3368	Article_3019	link	381
other-internal	Article_0303	external	348
other-internal	Article_0726	external	260
Article_1694	Article_2073	link	349
other-internal	Article_0256	external	16
other-internal	Article_0038	external	159
Article_3015	Article_0047	link	453
Article_2708	Article_0112	link	430
Article_0919	Article_3653	link	123
other-internal	Article_0026	external	269
Article_3925	Article_1698	link	258
Article_1839	World_War_II	link	18
Article_0193	Article_0041	link	351
Article_0243	Article_0044	link	421
other-internal	United_Kingdom	external	305
Article_1946	Article_0615	link	425
other-search	Article_0168	other	226
Article_2299	Article_0032	link	403
Article_0454	Article_2935	link	206
other-internal	Article_1601	external	201
Article_0136	Article_0126	link	367
other-internal	Article_2183	external	28
Article_1982	Article_0337	link	376
Article_3928	Article_1995	link	415
other-internal	Canada	external	148
other-internal	Article_0108	external	52
other-internal	Article_1942	external	31
other-internal	Article_0016	external	177
Article_3129	United_States	link	403
other-internal	United_States	external	303
other-internal	Article_0014	external	267
Article_3933	Article_0626	link	497
other-internal	Article_0124	external	58
other-internal	India	external	181
Article_3460	United_Kingdom	link	257
Article_2684	India	link	30
Article_0612	Article_0011	link	24
Article_0696	Article_0074	link	60
other-internal	Article_0203	external	326
Article_3099	Article_2657	link	282
Article_0852	Article_0015	link	467
Article_3495	Article_1076	link	139
Article_2763	France	link	192
Article_3393	Article_0073	link	205
Article_2800	Article_0934	link	54
other-internal	Article_0022	external	272
Article_2669	Article_0615	link	319
Article_1052	Article_0062	link	14
Article_0247	Article_0102	link	248
Article_3910	Article_0841	link	258
other-search	Article_0024	other	156
other-internal	Article_0813	external	124
Article_0700	Article_0013	link	209
Article_3374	Article_0028	link	431
Article_0884	Article_0467	link	116
Article_2595	Article_1786	link	289
Article_3585	Article_1588	link	63
Article_2712	Article_3697	link	187
Article_0846	United_States	link	334
other-internal	United_States	external	218
Article_0138	Article_0226	link	16
other-internal	Article_0010	external	58
Article_1286	Article_0072	link	276
Article_2194	Article_0887	link	167
other-internal	Article_0142	external	76
Article_2798	Article_1973	link	324
Article_2896	Article_0044	link	426
other-search	Article_2497	other	233
other-internal	Article_2742	external	56
Article_3556	United_States	link	356
other-internal	Article_0237	external	35
Article_1615	Article_1101	link	442
Article_1543	United_States	link	92
Article_2903	United_States	link	117
Article_3479	Article_0025	link	28
Article_3662	Article_0780	link	420
Article_3154	Article_0796	link	208
Article_3025	Russia	link	58
Article_3838	Article_1131	link	147
Article_1280	Article_0544	link	35
Article_0829	Article_3153	link	87
Article_0305	Article_0530	link	488
other-internal	Article_0040	external	200
Article_1361	United_States	link	275
other-internal	United_States	external	182
Article_2100	Article_3891	link	178
other-internal	Article_0099	external	305
Article_0808	China	link	422
Article_2685	Article_0036	link	111
Article_0137	Article_0069	link	327
other-internal	Article_0015	external	86
Article_3898	United_Kingdom	link	211
Article_1652	France	link	72
Article_3797	Article_1745	link	329
other-internal	India	external	53
Article_1063	Germany	link	471
Article_0012	Article_2877	link	480
Article_1667	India	link	158
other-internal	Article_3181	external	183
Article_0500	Article_0214	link	491
other-search	Article_1414	other	15
Article_1751	Article_0012	link	220
Article_3926	Article_0431	link	425
other-internal	Article_0640	external	52
Article_2540	Article_0091	link	81
Article_1463	Article_2882	link	134
other-internal	Article_0031	external	174
Article_1481	Russia	link	284
Article_3333	Article_0020	link	113
Article_0999	Article_2589	link	397
other-internal	Article_0513	external	124
Article_3778	Article_0205	link	236
Article_1225	Article_0013	link	274
other-search	Article_0017	other	61
Article_2009	Article_0147	link	244
Article_1425	Article_0022	link	198
Article_1285	Article_0031	link	470
Article_2567	China	link	67
Article_3737	Article_0029	link	12
Article_3430	Article_0015	link	404
Article_1479	Article_1528	link	62
Article_0989	Article_0018	link	76
other-internal	Article_0013	external	244
Article_1313	Article_1055	link	430
Article_0991	India	link	391
Article_0184	Article_2748	link	156
other-internal	Article_1662	external	325
Article_0877	Article_0369	link	426
Article_3618	Article_0737	link	39
Article_0077	Article_3191	link	43
Article_3870	Article_0624	link	60
Article_1584	Article_0331	link	41
Article_2349	Article_0237	link	210
Article_3193	Article_0144	link	201
Article_1906	Article_3182	link	79
Article_3500	China	link	385
Article_3821	Article_0642	link	239
Article_1148	Article_0080	link	219
other-search	Article_2017	other	239
other-internal	Article_0075	external	73
Article_2514	Article_3714	link	152
Article_2302	Article_0061	link	78
other-internal	Article_2437	external	65
other-internal	Article_0010	external	155
other-internal	Article_0014	external	305
Article_3924	India	link	286
Article_0186	Article_0115	link	465
Article_3038	Article_0203	link	98
Article_0678	Article_0012	link	463
Article_1456	France	link	242
other-internal	Article_0815	external	72
Article_0191	Canada	link	188
other-internal	Article_0028	external	247
Article_3024	Article_1902	link	306
Article_3252	Article_2671	link	494
Article_0902	Article_0048	link	293
Article_3795	Article_0104	link	193
other-search	Article_0021	other	153
Article_1500	United_Kingdom	link	17
other-internal	Article_0434	external	277
Article_2107	Article_0417	link	294
other-internal	Article_0419	external	228
other-internal	Article_3757	external	151
other-internal	China	external	95
Article_0883	United_States	link	439
Article_0506	United_States	link	405
Article_3726	Article_0093	link	455
Article_0411	Article_0293	link	210
Article_1416	Article_0170	link	331
Article_3467	Article_0384	link	498
other-internal	Article_0010	external	349
Article_2210	Article_2167	link	279
Article_3787	Article_1517	link	348
other-internal	Article_0064	external	377
Article_1945	Article_0028	link	145
other-internal	Article_0752	external	202
Article_0651	Article_0731	link	294
Article_3013	Article_0079	link	356
Article_3417	Article_0061	link	397
Article_0059	Article_0605	link	170
other-internal	Article_1110	external	337
Article_1898	Article_1036	link	356
Article_0053	Article_0077	link	232
other-internal	Article_0013	external	382
other-internal	Article_0783	external	21
Article_3920	Article_0013	link	120
Article_3364	Article_1229	link	408
other-internal	Article_0840	external	323
Article_1877	Article_0050	link	284
Article_2366	World_War_II	link	44
other-internal	Article_0052	external	278
Article_3623	Article_0310	link	208
other-internal	Article_0440	external	259
Article_1716	Article_0225	link	106
Article_2447	Article_0872	link	359
other-internal	Article_0015	external	75
Article_3061	Article_0038	link	178
Article_2374	Article_1200	link	455
Article_1555	Article_0587	link	370
other-internal	Article_0046	external	97
other-internal	United_Kingdom	external	309
Article_0762	Article_2721	link	94
Article_1682	United_States	link	245
Article_3680	United_Kingdom	link	232
Article_3191	India	link	286
Article_0328	Canada	link	369
other-internal	Article_0304	external	253
Article_1031	Article_3711	link	87
Article_1574	Article_0047	link	306
Article_0021	Article_0138	link	294
Article_0996	Article_1023	link	251
Article_3010	Article_0069	link	490
Article_2455	Article_0240	link	291
Article_1682	Article_2856	link	315
other-search	YouTube	other	353
Article_0584	Article_0440	link	449
Article_1769	Article_0010	link	184
Article_0781	Article_0071	link	97
other-internal	Article_0110	external	160
Article_2833	Article_1192	link	198
other-internal	Article_0049	external	117
other-search	Article_1985	other	85
Article_0968	Article_0330	link	216
other-internal	Article_0022	external	183
other-search	Article_1429	other	218
other-internal	Article_3297	external	157
Article_0474	Article_0039	link	110
Article_0399	Article_1795	link	450
Article_3671	France	link	307
other-internal	Article_0027	external	356
Article_2326	Russia	link	185
Article_3542	Article_0034	link	495
Article_2293	Russia	link	155
Article_1359	Article_0665	link	273
Article_0793	Article_3001	link	222
Article_3043	Article_0966	link	319
Article_1931	Article_0010	link	425
Article_0394	Article_0460	link	348
Article_0674	United_States	link	12
Article_3635	Article_3453	link	81
other-internal	Article_0040	external	288
other-internal	Article_0021	external	177
Article_2422	Article_0556	link	491
Article_3864	Article_1229	link	99
Article_0059	Article_1384	link	176
Article_2084	United_States	link	82
Article_1300	Article_2908	link	495
Article_2296	Article_3027	link	268
Article_2058	Article_1608	link	431
Article_0430	Article_0053	link	73
Article_0793	Article_0473	link	389
Article_3781	Article_0013	link	212
other-internal	World_War_II	external	379
Article_2988	Article_3057	link	198
other-internal	Article_2463	external	41
other-internal	Article_2653	external	331
other-internal	Article_1101	external	126
Article_0348	Article_0264	link	310
other-internal	Article_0529	external	320
Article_0810	Article_0078	link	80
Article_3025	Article_1460	link	259
other-internal	Article_0128	external	92
Article_3725	India	link	348
other-search	United_Kingdom	other	111
Article_1891	Article_0016	link	44
Article_2925	United_States	link	30
other-internal	Article_3620	external	177
Article_1215	Article_2074	link	112
Article_2694	Article_0309	link	89
Article_1204	Article_1048	link	256
other-search	Article_2135	other	143
other-internal	Article_1615	external	356
Article_0675	Article_3561	link	22
Article_0356	Article_0868	link	374
Article_1375	Article_0794	link	226
Article_0600	Article_0228	link	302
Article_2120	Article_0150	link	421
Article_1799	United_States	link	272
Article_0693	India	link	93
other-internal	Article_0032	external	88
Article_0755	Article_1335	link	46
Article_0270	Article_3803	link	325
other-internal	Russia	external	309
Article_0590	Article_2188	link	376
other-internal	Article_0032	external	352
Article_2259	Article_3929	link	352
Article_3050	Article_2034	link	133
Article_2553	Article_2972	link	116
Article_1227	India	link	475
Article_3030	Article_0777	link	21
other-search	Article_0055	other	30
other-internal	YouTube	external	270
other-internal	YouTube	external	255
other-internal	United_Kingdom	external	397
Article_0708	Article_0065	link	394
Article_2421	United_Kingdom	link	249
Article_0783	Article_0023	link	480
other-internal	United_Kingdom	external	287
Article_0382	China	link	19
Article_2674	Canada	link	296
Article_1872	Article_3116	link	310
Article_0350	Article_0078	link	343
Article_2830	Article_0311	link	206
Article_3170	Article_0896	link	57
other-internal	Article_0055	external	369
Article_0673	Article_0964	link	113
Article_1516	Article_0406	link	253
other-internal	Article_3042	external	32
other-internal	World_War_II	external	106
other-internal	Article_0070	external	109
other-internal	Article_0074	external	341
Article_2698	Article_0051	link	47
Article_0246	China	link	332
other-internal	United_Kingdom	external	83
other-internal	United_States	external	254
Article_2734	World_War_II	link	477
Article_3021	Article_0068	link	296
other-internal	China	external	287
Article_2747	Article_0027	link	295
other-search	Article_0931	other	164
other-internal	China	external	306
Article_3136	Article_0054	link	23
Article_3169	Article_1196	link	166
Article_2635	Article_0300	link	440
other-internal	Article_3480	external	398
Article_3675	Article_1629	link	118
Article_0468	Article_2006	link	442
other-internal	Article_1612	external	355
Article_3040	Article_1564	link	448
other-internal	Article_0627	external	289
Article_1009	Article_0869	link	85
Article_0708	Article_0151	link	39
Article_2789	Article_2643	link	371
Article_2418	Article_0524	link	115
other-internal	Article_0809	external	226
other-search	Article_0158	other	162
Article_1133	Article_0346	link	383
other-internal	Article_0488	external	178
Article_2504	India	link	275
Article_0098	YouTube	link	40
Article_2497	Article_3390	link	14
other-internal	Article_3799	external	384
other-internal	Article_0423	external	272
other-internal	Article_0054	external	286
Article_1035	Article_0148	link	273
Article_2525	Article_0114	link	286
Article_3054	Article_0623	link	129
other-internal	World_War_II	external	327
Article_1219	Article_1697	link	178
other-internal	Article_0675	external	40
Article_3608	Article_0664	link	151
Article_1119	Article_0043	link	487
Article_3657	Article_0017	link	459
Article_2061	United_States	link	232
Article_2216	Article_0013	link	251
other-internal	India	external	380
other-internal	Article_0014	external	130
other-internal	United_States	external	359
Article_0584	Article_0201	link	133
Article_2007	Article_0488	link	212
other-internal	Germany	external	305
Article_0060	Article_2735	link	93
Article_0762	Article_1710	link	32
other-internal	Article_3064	external	115
other-internal	India	external	377
Article_3207	China	link	10
Article_1045	Article_0483	link	325
other-internal	YouTube	external	91
other-internal	Article_0082	external	251
other-internal	Article_0091	external	353
Article_1138	Article_0512	link	228
other-internal	Article_1298	external	395
Article_3707	Article_2169	link	340
other-internal	Germany	external	250
Article_3248	Article_0100	link	104
Article_0931	Article_0042	link	144
Article_1236	World_War_II	link	156
Article_2248	Article_0817	link	181
Article_1094	Article_0934	link	387
Article_2443	Article_0052	link	279
Article_1772	Article_0035	link	234
other-internal	Article_0306	external	378
other-internal	Article_1210	external	227
other-internal	Article_1027	external	114
Article_0310	Article_0131	link	398
Article_0878	Article_0617	link	133
Article_2204	Article_1344	link	273
Article_2469	Article_0089	link	349
Article_0563	India	link	248
other-internal	Article_0019	external	51
Article_1049	Article_2573	link	113
Article_0027	Article_0356	link	448
Article_1114	Article_1883	link	342
Article_0825	United_States	link	497
Article_2772	Article_0017	link	45
other-internal	Article_2078	external	176
Article_3302	China	link	402
other-search	Article_2797	other	75
Article_0965	Article_0455	link	353
Article_1497	Article_1558	link	80
other-internal	YouTube	external	61
other-internal	United_States	external	247
Article_2140	Article_0742	link	398
Article_3934	Article_0064	link	410
Article_3140	Article_0028	link	374
Article_2778	Article_0051	link	27
other-internal	Article_0974	external	83
Article_2925	Article_0015	link	28
Article_1231	Article_0225	link	41
Article_1520	Article_1290	link	154
Article_3016	Article_2574	link	371
other-internal	Article_1336	external	117
Article_2482	India	link	177
other-internal	Article_0630	external	175
Article_2290	Article_0026	link	437
other-internal	India	external	294
other-internal	Article_0261	external	279
other-internal	India	external	136
Article_3468	Article_0510	link	227
Article_1475	Article_1249	link	426
other-internal	Article_0637	external	196
other-internal	Article_2097	external	159
Article_1814	Article_2752	link	114
Article_1980	Article_0445	link	96
Article_1436	Article_0451	link	218
other-search	Article_0413	other	72
other-search	Article_0457	other	160
other-internal	Article_3353	external	212
other-search	Article_0030	other	336
Article_1660	Article_2579	link	471
other-internal	United_States	external	113
Article_0555	Article_0626	link	151
Article_0833	Article_1058	link	484
Article_0087	Article_1402	link	495
other-internal	United_States	external	156
Article_2880	Article_1436	link	119
Article_2467	United_Kingdom	link	386
Article_3350	Article_0140	link	197
other-internal	Article_0133	external	155
Article_0347	Article_0410	link	445
other-internal	Article_0087	external	316
Article_1101	Article_0349	link	258
other-internal	Article_0554	external	394
other-internal	Article_2020	external	307
Article_3763	Article_0029	link	357
Article_0693	Article_2939	link	345
Article_2352	Article_0542	link	216
other-internal	Article_0091	external	103
Article_0999	Article_0088	link	267
other-internal	Article_3089	external	317
Article_0168	Article_0088	link	102
other-internal	YouTube	external	369
Article_1940	Article_0010	link	324
Article_2683	Article_1377	link	43
other-internal	India	external	320
Article_0797	Article_0038	link	12
Article_2797	Article_0422	link	371
Article_1048	Article_0594	link	197
Article_1182	United_States	link	60
other-internal	Article_0591	external	332
other-internal	World_War_II	external	271
Article_0646	Article_1784	link	312
other-internal	Article_0649	external	182
Article_2538	Article_0381	link	22
other-internal	Article_0081	external	132
Article_1309	Article_0115	link	92
other-search	Article_0264	other	203
Article_1102	Germany	link	439
other-internal	Article_0186	external	11
other-internal	Article_0121	external	157
Article_2099	Article_0019	link	199
Article_3367	United_States	link	254
Article_0801	Article_3366	link	293
Article_0671	United_States	link	403
other-internal	Article_0754	external	348
Article_1585	China	link	15
Article_1351	Article_0012	link	96
Article_1693	India	link	69
Article_0837	Russia	link	199
Article_2242	Article_0018	link	297
Article_2294	Article_2961	link	351
Article_3544	Article_0228	link	173
Article_0627	Article_0073	link	93
other-internal	Article_0038	external	139
Article_3024	Article_0105	link	448
Article_3538	Article_0014	link	328
other-internal	Article_0040	external	141
other-internal	Germany	external	322
Article_1646	Article_0189	link	184
Article_3713	Article_0034	link	211
Article_0800	France	link	274
Article_1970	Article_0022	link	469
Article_2322	Article_0010	link	17
Article_0192	Article_2019	link	189
other-internal	Article_0054	external	10
Article_2265	United_Kingdom	link	297
Article_0021	Article_0014	link	176
Article_1949	India	link	499
other-internal	United_Kingdom	external	11
Article_2945	Article_0012	link	156
other-search	Article_0041	other	192
Article_1416	Article_0045	link	179
Article_0688	Article_0180	link	494
other-internal	Article_0021	external	272
other-search	Article_0246	other	176
Article_1774	YouTube	link	440
other-internal	Article_0345	external	344
other-internal	Russia	external	360
other-internal	Article_1619	external	204
Article_0621	United_States	link	143
Article_1821	Article_2332	link	31
Article_3362	Article_0555	link	433
Article_0140	Article_0418	link	332
other-internal	Article_0035	external	214
Article_3153	Article_1265	link	426
Article_0962	Article_0026	link	266
Article_0839	United_States	link	428
Article_3714	Article_0076	link	93
Article_0953	United_States	link	274
other-internal	Article_2041	external	333
Article_3278	Article_0949	link	252
Article_3473	Article_0550	link	123
Article_0837	Article_0795	link	207
Article_0851	Article_3071	link	53
Article_1005	Article_0192	link	360
Article_1000	Article_2130	link	193
Article_1469	Article_0110	link	479
other-internal	France	external	291
Article_0661	Article_0268	link	17
Article_0819	Article_1737	link	248
Article_2395	United_States	link	323
Article_2428	Article_0361	link	131
Article_0593	India	link	366
other-internal	Article_1164	external	65
Article_0195	India	link	252
Article_2365	Article_3529	link	62
Article_2277	Article_2398	link	207
other-internal	India	external	347
Article_3449	Article_0690	link	207
Article_3725	Article_3243	link	376
other-internal	Article_1160	external	51
Article_1854	Article_0055	link	469
Article_0372	Canada	link	10
Article_1551	Article_3696	link	172
other-search	Article_1579	other	108
Article_2174	Article_0944	link	228
Article_0065	Article_0196	link	68
Article_2970	Article_0019	link	109
Article_0595	Article_0474	link	289
Article_3538	Article_3416	link	56
other-internal	Article_0074	external	227
other-internal	Article_0530	external	314
Article_1869	Article_0167	link	214
Article_3111	Article_2102	link	230
other-internal	Article_0176	external	132
other-internal	India	external	329
Article_1703	World_War_II	link	249
Article_2802	Article_2544	link	137
Article_2004	Article_1375	link	361
Article_3970	Article_0659	link	142
Article_3409	United_States	link	24
Article_0217	Article_0018	link	433
other-internal	Article_0355	external	103
Article_2446	Russia	link	175
Article_1924	Article_0168	link	217
Article_1014	YouTube	link	466
Article_1861	Article_1252	link	450
Article_3380	Article_0341	link	294
Article_3876	World_War_II	link	481
Article_1355	Article_0022	link	291
Article_1484	Article_0076	link	86
other-internal	India	external	245
Article_3242	Russia	link	42
Article_2274	Article_0381	link	339
Article_2705	Article_0029	link	168
Article_3123	Article_0055	link	334
Article_1979	Article_1043	link	192
Article_3023	Article_0072	link	147
other-internal	Article_0089	external	161
other-internal	Article_0477	external	344
other-internal	Article_2605	external	129
Article_2519	Article_0128	link	169
Article_1393	Article_0015	link	280
Article_0139	Article_3451	link	366
other-search	India	other	375
Article_3863	Article_0923	link	218
Article_1714	Article_0087	link	103
other-internal	Article_3061	external	116
other-internal	Article_0696	external	267
other-internal	Article_0014	external	73
other-internal	Article_0106	external	383
Article_3195	Article_0350	link	238
other-search	Article_0273	other	72
Article_3099	Article_1303	link	363
Article_0813	Article_3106	link	197
other-internal	Article_1536	external	301
other-internal	Article_1371	external	240
Article_2411	Article_0293	link	303
Article_2520	United_Kingdom	link	421
other-internal	United_States	external	206
other-internal	Article_2026	external	29
Article_1214	Article_2366	link	384
Article_1422	Article_0238	link	149
Article_3844	Article_0865	link	376
other-internal	United_States	external	206
Article_1628	Article_1600	link	409
Article_0344	World_War_II	link	397
other-internal	Article_0437	external	197
Article_3416	India	link	261
Article_1036	United_States	link	197
Article_3221	United_States	link	305
Article_3320	United_States	link	434
other-internal	United_States	external	134
other-internal	Article_0032	external	52
Article_0620	India	link	407
Article_3683	Article_0117	link	187
Article_1668	Article_2188	link	388
Article_1588	Article_1144	link	405
other-internal	Article_0026	external	270
Article_0125	China	link	365
Article_3587	Article_0365	link	345
Article_3939	Article_0860	link	142
Article_2621	Article_1601	link	17
Article_0034	Article_0669	link	77
Article_1098	United_States	link	101
other-internal	Article_0282	external	49
Article_3062	India	link	89
Article_2384	Article_0012	link	464
Article_1824	YouTube	link	466
Article_2381	Article_3278	link	446
Article_1534	Article_2902	link	203
Article_0673	Article_0025	link	475
other-internal	India	external	304
other-search	Article_0018	other	354
Article_1887	Article_0100	link	153
Article_2192	India	link	432
Article_3477	Article_0940	link	203
Article_0792	Germany	link	208
Article_0434	YouTube	link	440
Article_2787	Article_0021	link	204
Article_0119	Article_2795	link	192
Article_0488	Article_0057	link	374
Article_0669	Article_0216	link	204
Article_1502	YouTube	link	354
Article_1840	Article_0012	link	477
other-internal	Article_0096	external	272
Article_2247	India	link	303
Article_3975	United_States	link	11
other-internal	Article_0177	external	363
other-internal	Article_0193	external	399
other-internal	Canada	external	380
Article_1042	United_States	link	282
other-internal	Article_0089	external	144
Article_3769	Article_0024	link	111
other-internal	Article_1126	external	183
Article_1328	United_States	link	360
Article_0548	World_War_II	link	127
Article_2432	Article_0384	link	202
Article_1094	Article_0013	link	48
other-internal	United_Kingdom	external	51
other-search	World_War_II	other	227
Article_0987	Article_0515	link	344
Article_1197	Article_0085	link	352
Article_2330	Article_0050	link	497
other-internal	Article_0159	external	64
Article_2820	Article_0048	link	393
Article_2017	Article_0453	link	351
other-internal	Article_0052	external	222
Article_0058	Article_0119	link	258
other-internal	Article_0375	external	311
other-internal	World_War_II	external	392
other-internal	Article_0473	external	298
other-internal	Article_2845	external	393
Article_3192	Article_0276	link	492
Article_2490	Article_0108	link	210
Article_3552	Article_0010	link	258
Article_3900	Article_0129	link	332
Article_0092	United_States	link	38
Article_0998	Article_2495	link	340
Article_1015	Article_0851	link	291
other-internal	Article_0811	external	284
other-internal	India	external	302
Article_2845	Article_0314	link	94
other-internal	Article_0324	external	357
Article_0072	United_States	link	146
Article_3824	Article_0039	link	459
other-internal	Article_3161	external	146
Article_1853	United_States	link	418
other-internal	Article_0497	external	276
other-internal	Article_0135	external	67
Article_0059	Article_0878	link	157
Article_2060	Article_0966	link	129
Article_0976	Article_1595	link	83
Article_0707	United_States	link	116
India	Article_0015	link	244
Article_0359	Article_0033	link	258
Article_0689	Article_0053	link	323
other-internal	Article_0020	external	146
Article_0489	Article_1367	link	117
Article_1236	China	link	247
other-internal	Article_0021	external	14
other-internal	Article_0051	external	88
other-internal	Article_3085	external	171
Article_2287	Article_0257	link	340
Article_2823	Article_0626	link	129
other-internal	Article_1414	external	286
Article_3566	Article_0893	link	388
Article_1228	Article_0100	link	409
Article_3672	Article_0054	link	252
Article_1748	Article_0030	link	337
other-internal	Article_0145	external	309
Article_1741	Article_2977	link	276
Article_2462	Article_1373	link	179
other-internal	India	external	273
Article_0594	Article_0133	link	132
Article_2745	Article_0572	link	35
other-internal	China	external	267
other-internal	Article_0347	external	114
other-internal	United_States	external	81
other-internal	Article_1396	external	244
Article_0703	Article_0034	link	473
Article_2144	Article_0029	link	162
other-internal	Article_2519	external	295
Article_2713	Article_1069	link	61
Article_1238	Article_3544	link	492
other-search	Article_0240	other	185
other-internal	Article_0109	external	15
other-search	Article_1451	other	385
Article_0715	United_States	link	156
Article_1818	Article_0018	link	113
other-internal	Article_1001	external	214
Article_2328	YouTube	link	458
Article_1439	Article_0028	link	466
Article_2064	Russia	link	173
other-internal	United_Kingdom	external	98
other-internal	World_War_II	external	99
Article_1285	Article_0207	link	422
other-internal	China	external	167
Article_3224	India	link	177
Article_2371	United_Kingdom	link	392
Article_3998	Article_0212	link	395
other-internal	Article_1151	external	37
Article_1022	United_States	link	344
other-internal	Article_0060	external	164
Article_1157	United_States	link	234
Article_0179	Article_0894	link	465
other-search	India	other	165
Article_2579	Article_1473	link	453
other-internal	Article_0020	external	321
Article_2380	Article_1623	link	64
Article_2739	Article_0047	link	314
other-internal	Article_0448	external	169
other-search	United_States	other	65
Article_3386	Article_0164	link	373
Article_3513	United_States	link	51
Article_2062	Article_3694	link	442
Article_1329	Article_0678	link	345
Article_2577	Article_0121	link	247
other-internal	Article_0768	external	237
Article_1077	United_States	link	432
Article_1341	Article_0015	link	276
Article_2158	Article_1966	link	55
Article_2908	Article_0023	link	159
Article_0723	Article_2294	link	399
Article_2255	Article_0775	link	164
Article_2585	Article_0016	link	199
other-internal	Article_0019	external	27
Article_3868	Article_0017	link	144
Article_0601	Article_2428	link	307
Article_2817	France	link	122
Article_1345	Article_1347	link	47
other-internal	Article_0696	external	319
Article_2182	Article_1066	link	202
Article_2922	World_War_II	link	93
Article_2402	Article_0031	link	412
Article_1408	Article_2638	link	207
Article_3361	Article_0029	link	452
Article_3301	Article_3676	link	389
Article_0149	Article_3787	link	289
Article_0095	Article_0082	link	321
other-internal	Article_0028	external	223
other-internal	Article_2492	external	248
other-internal	Article_0033	external	392
other-internal	United_States	external	39
other-internal	Article_0243	external	197
Article_0031	Article_3153	link	85
other-internal	Article_0288	external	321
Article_0884	Article_0643	link	186
Article_1118	Article_0576	link	70
other-search	Article_0015	other	156
other-search	Article_2271	other	55
Article_3055	Article_1591	link	488
Article_3523	Article_0032	link	266
other-internal	Article_0017	external	242
Article_2620	Article_0036	link	220
Article_3249	Article_0161	link	71
other-search	United_States	other	378
other-internal	Article_1805	external	52
Article_2679	Article_2506	link	310
Article_2778	Article_0786	link	166
other-internal	Article_0175	external	205
Article_0335	Article_0757	link	58
Article_0946	Article_0117	link	263
other-internal	Article_1579	external	217
other-internal	Article_0607	external	391
other-search	India	other	154
Article_1147	Article_0058	link	321
other-internal	Russia	external	289
other-internal	Article_1037	external	86
Article_2858	Article_1142	link	112
other-internal	Article_0103	external	188
Article_3079	United_States	link	138
Article_3902	Article_0442	link	42
other-internal	Article_0033	external	243
other-internal	Article_0480	external	293
Article_0017	Article_2309	link	12
Article_1229	Canada	link	190
Article_1821	Article_0011	link	478
Article_1812	Article_3975	link	314
Article_0852	Article_0476	link	459
Article_1359	Article_0825	link	30
Article_1049	Russia	link	137
Article_3261	Article_0295	link	344
Article_2285	World_War_II	link	422
other-internal	World_War_II	external	134
Article_3661	Article_2299	link	130
Article_0357	Article_0028	link	176
Article_0852	China	link	308
Article_0702	United_States	link	105
Article_3259	Article_0377	link	172
Article_0417	Article_0049	link	203
Article_2937	Article_0168	link	406
Article_1156	China	link	357
other-internal	Article_1119	external	95
other-internal	Article_0408	external	51
other-internal	China	external	252
Article_0721	Article_0026	link	148
Article_3461	Article_1282	link	394
Article_3048	Article_0379	link	144
other-internal	Article_0825	external	109
Article_2314	Article_0555	link	22
other-internal	Article_0068	external	30
Article_2625	United_States	link	423
Article_0773	Article_0533	link	151
other-search	Article_0306	other	319
Article_3272	Article_0119	link	49
Article_3479	Article_0075	link	14
Article_2234	Article_0079	link	489
other-internal	Article_0754	external	373
Article_0514	Germany	link	390
other-internal	Article_0191	external	152
other-internal	Russia	external	24
other-internal	Article_0014	external	59
Article_3950	Article_3653	link	467
Article_1672	India	link	319
Article_0856	Article_0017	link	254
Article_3880	Article_0011	link	452
Article_2307	Article_0295	link	328
Article_2789	Article_0010	link	247
Article_0744	Article_0583	link	186
Article_2795	Article_0746	link	390
other-search	Article_3675	other	316
Article_0126	Article_0145	link	170
Article_0390	Article_0239	link	391
Article_3462	Article_0948	link	277
Article_2305	Article_0251	link	45
Article_1775	Article_0081	link	399
Article_1600	Article_0296	link	278
Article_3983	Article_0012	link	450
Article_3440	Article_0102	link	213
other-internal	United_States	external	14
other-internal	United_Kingdom	external	304
Article_2398	Article_0341	link	82
Article_3964	World_War_II	link	470
other-internal	Article_0049	external	284
other-internal	Article_0017	external	345
Article_1292	Article_0188	link	50
Article_3441	Article_0110	link	434
other-internal	Article_3666	external	21
other-internal	Article_3993	external	17
Article_3210	India	link	436
other-internal	Article_0750	external	305
Article_2667	United_States	link	67
other-internal	Article_0441	external	302
Article_2192	Russia	link	163
Article_3791	Article_0010	link	475
other-internal	Article_1794	external	341
other-internal	Article_1390	external	81
Article_0661	Article_0202	link	179
Article_2749	Article_0170	link	37
other-internal	Article_1670	external	102
Article_3673	Article_0354	link	213
other-internal	Germany	external	356
Article_3912	Article_0292	link	480
other-internal	Article_0105	external	99
Article_0699	United_States	link	111
Article_0189	Article_0501	link	172
other-internal	United_States	external	51
Article_2639	Article_0049	link	123
Article_2293	Article_0021	link	353
other-search	Article_0038	other	277
Article_0281	Article_0189	link	331
other-search	Article_0047	other	343
Article_2562	Article_2692	link	275
Article_3177	Article_0116	link	17
Article_0111	World_War_II	link	116
Article_0806	United_States	link	239
other-internal	Article_0404	external	120
other-internal	Article_2131	external	294
other-internal	Article_0072	external	397
Article_3695	United_States	link	256
other-internal	Article_0026	external	290
Article_3780	Article_1920	link	58
Article_0114	Article_0071	link	359
Article_3760	Article_0259	link	245
Article_2942	China	link	372
other-internal	Article_2480	external	346
Article_0927	Article_0031	link	314
Article_3138	Article_1102	link	375
other-internal	Article_1806	external	319
Article_2733	Article_0020	link	304
Article_3201	Article_0246	link	187
Article_0500	Article_1594	link	53
Article_1372	India	link	414
Article_1386	Article_0936	link	363
Article_0788	France	link	407
other-internal	Article_0128	external	15
Article_1969	Article_0056	link	67
other-internal	Article_2106	external	288
other-internal	Article_0012	external	110
Article_2903	Article_2388	link	283
Article_3215	Article_1359	link	490
Article_1495	Article_0061	link	178
other-search	Article_0489	other	81
Article_1438	Article_1018	link	197
Article_3253	Article_0844	link	293
other-internal	India	external	108
Article_2133	Article_0089	link	337
Article_2750	Article_0620	link	425
Article_3336	Article_0844	link	196
other-internal	Article_0310	external	152
Article_3048	Article_2355	link	242
Article_1331	Article_0410	link	97
Article_0728	Article_0117	link	185
Article_3582	China	link	444
Article_3460	China	link	180
other-internal	Article_0038	external	37
Article_1563	Article_0765	link	123
other-internal	Article_0153	external	131
Article_0975	Article_1237	link	466
Article_1394	Article_0020	link	241
Article_2500	United_States	link	410
Article_1594	India	link	89
Article_2343	United_States	link	331
other-internal	Article_0385	external	278
Article_0779	Article_3570	link	37
other-internal	Article_0771	external	165
Article_2905	Germany	link	312
Article_3088	Article_3810	link	319
Article_3092	YouTube	link	150
other-internal	United_Kingdom	external	228
other-internal	Article_0065	external	211
Article_2138	Russia	link	473
other-internal	Article_0029	external	281
other-internal	Article_1931	external	237
Article_3303	Article_1473	link	375
Article_2329	Article_0203	link	159
Article_0891	Article_0258	link	258
Article_0150	China	link	167
Article_2854	Article_0010	link	423
Article_3080	Article_0640	link	442
other-internal	Article_0402	external	335
Article_1706	United_States	link	350
Article_3038	Article_1306	link	82
other-search	Canada	other	43
other-internal	Article_1620	external	72
Article_2650	Article_1563	link	465
Article_1776	Article_0250	link	29
other-internal	Article_0465	external	234
Article_0777	United_States	link	428
Article_1452	Article_0099	link	16
Article_3748	Article_0038	link	89
other-internal	Article_1483	external	45
Article_1010	Article_0046	link	241
other-internal	Article_0165	external	115
Article_1823	Article_0049	link	183
Article_0837	Article_0084	link	241
Article_0810	United_States	link	175
other-internal	YouTube	external	244
Article_0518	World_War_II	link	471
other-internal	Article_1210	external	369
Article_1517	Article_0558	link	443
Article_2735	Russia	link	440
Article_1819	Article_0017	link	210
other-internal	Article_2555	external	376
other-internal	Article_0012	external	373
other-internal	Article_0025	external	127
Article_2263	Article_0028	link	370
Article_2976	Article_0836	link	179
Article_2718	Article_0468	link	366
Article_2510	Article_2565	link	209
Article_3165	Germany	link	492
Article_0137	Article_2990	link	84
other-internal	Article_0010	external	226
other-internal	Article_0849	external	99
Article_3482	Russia	link	212
Article_3929	Article_0105	link	394
Article_2449	Article_0157	link	131
other-internal	Article_0913	external	171
Article_1641	Article_0400	link	248
other-internal	YouTube	external	269
other-internal	Article_0472	external	355
Article_2032	Article_0017	link	288
Article_2337	United_Kingdom	link	383
other-internal	Article_0027	external	302
Article_2177	Article_0988	link	350
other-internal	Article_0027	external	155
Article_0696	France	link	59
Article_1353	Article_0058	link	129
Article_2088	World_War_II	link	92
Article_1069	China	link	423
other-internal	World_War_II	external	185
other-internal	Article_0091	external	364
Article_2421	United_States	link	121
Article_3522	Article_3306	link	358
Article_2767	Article_0138	link	266
Article_3617	China	link	82
Article_1595	Article_0075	link	74
Article_2267	Article_0166	link	68
other-internal	Article_3275	external	285
other-internal	China	external	62
Article_0228	Article_1637	link	265
Article_0212	Article_0110	link	61
other-internal	Article_0263	external	241
other-internal	Article_0034	external	319
Article_2635	Article_3102	link	258
other-internal	World_War_II	external	16
other-search	United_States	other	255
Article_2855	Article_0408	link	342
other-internal	Article_0335	external	158
other-internal	United_States	external	123
other-internal	Article_1035	external	346
Article_0303	Article_0017	link	245
Article_1412	Article_0165	link	204
Article_0421	Article_3542	link	473
Article_2848	Article_3582	link	225
Article_0257	Article_0038	link	464
Article_0988	Article_1706	link	27
other-internal	Article_0263	external	274
Article_0662	YouTube	link	439
Article_2768	Article_1478	link	166
Article_3975	Article_0182	link	291
Article_2526	Article_3078	link	12
Article_0481	Article_0132	link	368
Article_1133	World_War_II	link	107
other-search	YouTube	other	384
other-internal	Article_0336	external	161
Article_2856	Article_1151	link	151
Article_2181	Article_3719	link	206
Article_1258	Article_0021	link	99
other-internal	Article_0023	external	80
Article_0564	Article_0103	link	220
other-internal	Article_0032	external	328
Article_3330	Article_3381	link	17
Article_2039	Article_0414	link	154
Article_3262	Article_1320	link	353
Article_3514	Article_0035	link	96
other-internal	Article_2708	external	372
Article_2061	Article_1197	link	163
Article_2817	Article_0073	link	207
Article_0329	India	link	174
Article_2610	India	link	62
Article_3147	United_States	link	271
Article_1448	United_States	link	361
other-internal	Article_1803	external	324
other-internal	United_States	external	135
Article_1254	Article_0077	link	224
Article_2059	Article_1286	link	230
other-internal	Article_0024	external	215
Article_1422	Article_0047	link	242
Article_0680	Article_0741	link	35
other-internal	YouTube	external	385
Article_2708	Article_0768	link	193
Article_2717	China	link	307
Article_0702	Article_0011	link	462
Article_1884	Article_2301	link	144
Article_2499	Article_0031	link	410
Article_3114	Article_0100	link	127
Article_3193	Article_0027	link	31
Article_0264	Article_0031	link	258
Article_1966	Article_0016	link	40
Article_1115	Article_0807	link	439
other-internal	Canada	external	129
Article_0693	Article_1571	link	462
Article_1477	Article_0034	link	176
other-internal	India	external	176
other-internal	United_States	external	29
China	Article_0091	link	131
Article_3126	Article_0883	link	498
Article_1734	India	link	233
other-internal	Article_0217	external	294
Article_1793	Article_0059	link	366
Article_0992	Article_1974	link	384
other-internal	Article_0505	external	388
Article_0548	Article_3833	link	116
Article_2595	Article_0069	link	147
Article_1570	Article_0093	link	111
Article_2426	United_Kingdom	link	123
Article_2444	Article_2599	link	343
other-internal	United_States	external	249
Article_3299	Article_0428	link	471
Article_3001	Article_0020	link	490
Article_0064	Article_3120	link	466
Article_2009	Article_0119	link	221
Article_0949	United_States	link	85
Article_2224	Article_0138	link	463
other-internal	Article_0120	external	60
other-internal	Article_0099	external	262
Article_1890	Article_0046	link	24
other-search	Article_0117	other	62
Article_2849	Article_0058	link	198
Article_3206	Article_1083	link	72
Article_1917	Article_1903	link	377
Article_2453	Article_3504	link	216
Article_3593	Article_0100	link	169
Article_3904	India	link	236
Article_2564	Article_0538	link	199
Article_2198	United_States	link	219
Article_3666	Canada	link	315
Article_2820	United_States	link	44
Article_2222	Article_1780	link	360
other-internal	Article_0016	external	342
Article_1189	United_States	link	362
other-internal	United_States	external	299
Article_3912	Article_1858	link	172
other-internal	Article_2048	external	260
other-internal	Article_0021	external	83
Article_3844	United_States	link	394
Article_0312	Article_0012	link	444
other-internal	United_States	external	251
other-internal	Article_0041	external	362
Article_2697	Article_0131	link	147
Article_2741	Article_1846	link	65
Article_0744	Article_0145	link	385
other-internal	Article_0094	external	379
other-internal	Article_0323	external	299
other-internal	Article_0354	external	347
Article_0551	World_War_II	link	163
other-internal	Article_0022	external	224
Article_0478	Article_0314	link	113
other-internal	Article_0030	external	64
Article_3347	Article_0046	link	289
Article_3030	India	link	76
Article_1199	Article_1240	link	60
Article_1014	Article_0802	link	154
other-internal	Article_1314	external	78
Article_0933	India	link	152
other-internal	Article_2480	external	321
Article_3931	Article_0112	link	29
Article_2707	Article_0034	link	159
Article_0860	Russia	link	226
Article_3499	Article_0053	link	371
Article_1527	Article_0038	link	46
Article_3063	Article_0040	link	32
other-internal	Article_0458	external	346
other-internal	United_States	external	397
other-internal	United_States	external	244
Article_1760	Article_0258	link	49
Article_2987	Article_1900	link	141
Article_0942	Article_0944	link	105
other-internal	Article_0052	external	29
other-internal	Article_2175	external	40
Article_3153	Article_1681	link	251
Article_3372	Russia	link	474
Article_1789	Article_0132	link	276
Article_3123	Article_1950	link	225
Article_1187	Article_1473	link	269
Article_1244	Article_0013	link	211
Article_1391	Article_0145	link	261
Article_0644	Article_0108	link	340
Article_0591	United_Kingdom	link	79
Article_0098	Article_0014	link	356
Article_3659	India	link	183
Article_0559	Article_2806	link	357
other-internal	Article_0024	external	244
other-internal	Article_0190	external	252
Article_1400	United_States	link	82
other-internal	Article_0147	external	82
other-internal	Article_0127	external	191
other-internal	World_War_II	external	388
Article_1925	Article_0557	link	100
Article_0596	Article_0243	link	476
Article_2864	Article_0205	link	21
other-search	Article_0272	other	233
other-internal	Article_0388	external	376
Article_3238	Article_0055	link	48
Article_0658	Article_0387	link	424
Article_2722	Article_0037	link	493
other-internal	Article_1471	external	121
Article_2980	World_War_II	link	185
other-internal	Article_0514	external	284
Article_1658	Article_0142	link	304
other-internal	United_States	external	149
Article_3979	Article_0018	link	208
Article_1540	Article_0869	link	366
other-internal	Article_0220	external	380
Article_1921	Article_0839	link	322
other-internal	Article_2577	external	237
Article_3907	Article_0841	link	85
Article_0496	United_Kingdom	link	172
Article_0660	Article_1070	link	157
Article_1419	Article_0062	link	175
Article_2966	India	link	438
Article_3304	France	link	456
other-internal	Article_0055	external	321
Article_0403	United_States	link	36
Article_3591	Article_1443	link	256
Article_0217	Article_2536	link	489
Article_0159	World_War_II	link	329
other-internal	Article_0848	external	47
Article_3671	Article_1743	link	132
Article_1675	Article_0486	link	226
Article_0706	India	link	216
other-internal	Article_0543	external	184
Article_2494	Article_1037	link	34
other-search	China	other	284
Article_0347	Article_0046	link	385
Article_3812	Article_0027	link	166
Article_3031	Article_1263	link	11
Article_1789	Article_0177	link	477
Article_1390	YouTube	link	86
Article_0830	Article_0164	link	232
Article_0141	Article_2560	link	349
other-internal	Article_1272	external	234
Article_1621	Article_3510	link	326
Article_3256	France	link	447
other-internal	Article_0300	external	215
other-internal	China	external	297
Article_2393	Article_0070	link	49
Article_0019	Russia	link	120
Article_3735	Article_3389	link	382
Article_0969	Article_0095	link	238
Article_2910	Article_0778	link	152
Article_2036	Article_2396	link	386
Article_3675	Article_0140	link	256
Article_1073	Article_1034	link	144
other-internal	Article_0235	external	23
other-internal	Article_0032	external	39
Article_1314	Article_0396	link	382
other-internal	Article_0546	external	171
Article_2126	Article_0688	link	24
Article_0215	Article_0482	link	326
Article_1694	Article_3188	link	208
Article_2628	Article_0075	link	468
Article_1175	Article_0051	link	54
Article_2108	Article_0247	link	167
Article_2540	Article_2407	link	301
Article_3007	Article_1107	link	29
Article_2257	Article_0745	link	293
other-internal	Article_0017	external	322
Article_0488	Article_0288	link	484
other-internal	India	external	283
other-internal	Article_3503	external	338
Article_2979	Article_1893	link	226
Article_1069	Article_0328	link	460
other-internal	Article_0141	external	318
other-internal	Article_1645	external	180
other-internal	United_States	external	168
Article_0759	Article_0165	link	315
other-internal	Article_0145	external	155
Article_2629	Article_0031	link	154
Article_3034	Article_0222	link	463
other-internal	Article_2112	external	20
United_States	Article_1845	link	239
other-internal	Article_0324	external	234
Article_1739	Article_0050	link	315
Article_0835	Article_0023	link	105
other-search	Article_0023	other	25
other-internal	Article_1721	external	380
Article_2122	Article_0025	link	228
Article_1168	India	link	216
other-internal	Article_0603	external	297
Article_1096	India	link	150
other-internal	Article_0139	external	129
other-internal	Article_0010	external	335
Article_3939	Article_2374	link	176
Article_3097	Article_0024	link	205
Article_0988	Article_0064	link	356
Article_0335	United_States	link	321
other-internal	Article_1735	external	56
Article_0212	Article_0163	link	495
other-internal	Article_0055	external	314
Article_2583	Article_0123	link	308
Article_3324	Article_0036	link	483
other-search	China	other	143
Article_3137	Article_0489	link	30
other-internal	United_States	external	23
Article_1515	Article_0315	link	215
Article_0252	Article_0055	link	446
Article_0110	China	link	129
Article_3168	Article_2179	link	407
Article_1240	Article_0122	link	400
Article_1567	Article_0259	link	11
Article_1852	Article_3496	link	339
Article_1857	India	link	204
Article_2641	YouTube	link	293
other-internal	China	external	377
other-search	Article_0902	other	107
Article_1119	Article_0082	link	69
Article_0936	Article_0010	link	236
other-internal	United_States	external	148
other-internal	Article_0335	external	291
Article_1663	Article_0226	link	105
Article_2997	Article_0983	link	316
Article_3410	Article_0313	link	343
Article_0988	Article_0318	link	358
Article_0195	Article_0053	link	166
Article_0899	Article_0011	link	47
Article_2605	Article_0331	link	311
Article_2738	Article_1253	link	369
Article_2841	India	link	443
Article_1818	Canada	link	305
Article_2054	Article_0017	link	378
other-internal	Article_3887	external	78
Article_2692	Article_0077	link	53
other-internal	Russia	external	124
Article_2816	Article_2966	link	287
other-internal	YouTube	external	24
Article_2721	Article_0022	link	142
Article_1431	YouTube	link	144
Article_0250	Article_0066	link	427
other-internal	Article_1759	external	321
Article_3884	Article_0279	link	222
other-search	Article_0242	other	105
other-internal	United_States	external	258
Article_0027	United_States	link	422
Article_0125	Article_0600	link	134
Article_0615	Article_0073	link	349
other-internal	Article_0254	external	239
Article_1829	Article_2531	link	248
other-internal	Article_0125	external	316
Article_0628	Article_2926	link	412
other-internal	World_War_II	external	378
other-internal	Article_0177	external	14
Article_1542	Article_0066	link	377
Article_3437	Article_2554	link	121
Article_3112	Article_0907	link	412
Article_0761	Article_0016	link	57
Article_1103	Article_0534	link	110
Article_3163	India	link	480
Article_1235	Article_0540	link	382
other-internal	Article_0552	external	111
other-internal	United_States	external	386
other-internal	Article_0097	external	92
Article_2142	Article_0129	link	414
Article_2430	Article_0216	link	132
Article_0349	Article_0055	link	450
Article_2653	Article_0935	link	101
Article_0483	YouTube	link	110
Article_3548	India	link	92
other-internal	Article_0317	external	289
Article_1854	Article_1794	link	207
Article_0847	Article_0032	link	117
Article_2122	United_States	link	299
other-internal	Article_0011	external	298
Article_0382	Article_0486	link	241
Article_3138	Article_2913	link	251
Article_2084	YouTube	link	44
other-internal	Article_0010	external	164
Article_2723	Article_0099	link	307
other-internal	Article_0152	external	53
Article_3951	Article_0018	link	339
Article_3309	Article_0096	link	41
Article_0431	United_States	link	414
other-internal	India	external	104
Article_1329	Article_2818	link	455
other-internal	Article_0504	external	350
Article_3505	Article_0367	link	309
other-internal	Article_0910	external	309
other-internal	Article_2419	external	117
other-internal	Article_0044	external	67
other-internal	World_War_II	external	93
Article_2187	Germany	link	166
Article_2211	Article_0013	link	24
Article_2419	Article_3292	link	108
other-internal	United_States	external	208
Article_3908	Article_1178	link	450
Article_1795	France	link	144
Article_2318	Article_1134	link	210
Article_1635	Article_3537	link	133
Article_1134	Article_0047	link	165
Article_3833	Article_0153	link	285
Article_1390	Article_0029	link	493
Article_0255	Article_0121	link	189
Article_3756	Article_0010	link	459
Article_0988	Article_0257	link	109
other-internal	Article_2519	external	225
other-search	Article_0250	other	171
Article_1629	United_States	link	170
Article_3443	Russia	link	110
Article_3962	Article_0795	link	43
Article_3973	France	link	196
Article_3606	Article_0022	link	345
Article_0034	Article_0347	link	164
Article_3676	Article_0120	link	389
Article_2740	World_War_II	link	169
Article_1731	Article_1017	link	289
Article_1958	Article_0729	link	131
Article_2051	Article_0032	link	152
other-search	Article_0215	other	369
Article_3868	Article_0256	link	489
Article_2157	Article_0122	link	453
Article_3223	Article_0433	link	28
Article_0679	Article_0186	link	335
Article_2324	Article_0217	link	476
other-internal	United_States	external	378
Article_2830	Article_0750	link	308
Article_1934	India	link	210
Article_0054	Article_0021	link	37
Article_0465	Article_0131	link	228
Article_3701	Article_3084	link	276
Article_2590	Article_0496	link	476
Article_2485	Article_1883	link	399
other-internal	Article_1449	external	308
Article_2927	World_War_II	link	24
other-internal	Canada	external	345
other-internal	United_States	external	100
Article_2724	Article_0511	link	113
Article_2235	Article_0016	link	244
Article_2219	China	link	307
other-internal	World_War_II	external	182
Article_1490	Article_0010	link	439
Article_2656	Article_0021	link	356
Article_1669	India	link	415
other-internal	Article_2723	external	373
other-internal	United_States	external	382
other-internal	Article_0733	external	205
Article_3062	Article_0015	link	98
other-internal	Article_0714	external	261
other-internal	YouTube	external	357
Article_1339	Article_0236	link	465
Article_1656	Article_0043	link	133
Article_3636	Article_0390	link	183
Article_1046	Article_0021	link	49
Article_2490	Article_0029	link	29
other-search	Article_0036	other	117
Article_2263	Article_0155	link	440
Article_3461	United_States	link	379
Article_3762	Article_1457	link	196
Article_3514	Article_0115	link	467
Article_3740	Article_1053	link	129
Article_3432	Article_0048	link	46
Article_3232	Article_2022	link	433
other-search	India	other	250
other-internal	China	external	391
Article_0613	Article_0085	link	364
Article_0906	World_War_II	link	322
Article_0893	Article_0409	link	143
Article_1624	Article_0022	link	334
Article_1889	Article_0019	link	364
Article_2931	Article_0218	link	74
other-internal	Article_1704	external	24
Article_1650	Article_0032	link	145
Article_3585	YouTube	link	251
other-internal	Article_0159	external	144
other-internal	Article_0730	external	143
other-internal	Article_0304	external	297
Article_1570	Article_0909	link	425
Article_3539	Article_0674	link	223
Article_0926	Article_0380	link	341
Article_1272	World_War_II	link	189
Article_0723	Article_0323	link	446
Article_3360	Article_0382	link	423
Article_0847	Article_1188	link	417
Article_1911	United_States	link	189
Article_0849	Article_0017	link	239
other-internal	World_War_II	external	226
Article_1565	Article_0472	link	194
other-internal	Canada	external	19
Article_1714	YouTube	link	17
Article_3741	Article_0586	link	443
Article_1935	Article_1539	link	248
Article_0861	Article_0138	link	189
Article_1907	Article_1307	link	123
Article_3909	Article_0011	link	490
other-internal	India	external	383
other-internal	Article_0310	external	79
Article_1702	Article_3551	link	23
other-internal	Article_0310	external	108
Article_3015	Article_0018	link	294
other-search	Article_2578	other	69
Article_0452	Article_0152	link	245
Article_0836	Article_0811	link	153
Article_1445	Article_0129	link	144
Article_3867	Article_0532	link	466
Article_2121	United_States	link	277
Article_2239	Article_0199	link	258
Article_3979	Article_0195	link	472
Article_0521	Article_0043	link	395
Article_1006	Article_0540	link	338
other-internal	Article_2805	external	103
Article_1528	Article_0805	link	452
Article_1274	Article_1292	link	295
Article_3854	Article_0049	link	388
Article_1125	Article_1136	link	190
Article_2606	Article_0150	link	104
Article_2033	United_States	link	309
Article_2175	Article_0072	link	305
Article_0204	Article_0496	link	78
other-internal	Article_0093	external	355
Article_2866	Article_3858	link	290
other-internal	YouTube	external	299
other-internal	United_States	external	158
other-internal	Article_0013	external	200
other-internal	Article_0221	external	93
other-search	Article_0410	other	112
Article_1562	United_Kingdom	link	385
Article_1141	Article_0065	link	32
other-internal	Article_1801	external	301
other-search	Article_3059	other	183
other-internal	Article_0299	external	351
other-internal	Article_3223	external	54
Article_2075	Article_2890	link	428
other-internal	Article_0518	external	125
Article_3134	Article_0303	link	451
other-internal	United_States	external	272
Article_2129	Article_1147	link	142
Article_1249	Article_1117	link	489
other-search	Article_3832	other	224
Article_1165	Article_0102	link	138
Article_2869	Article_0568	link	98
other-internal	Article_0173	external	216
Article_2798	Article_0181	link	228
Article_3971	Article_1138	link	469
Article_2142	Article_0201	link	228
other-internal	Article_0331	external	293
Article_1147	Article_1129	link	100
other-internal	Russia	external	57
Article_2995	Article_2544	link	170
other-internal	Article_2213	external	53
Article_0749	Article_0041	link	22
Article_3357	Article_1888	link	265
Article_1216	Article_0030	link	39
Article_1457	Article_0012	link	205
Article_1104	Article_0102	link	84
other-internal	Canada	external	95
other-internal	Article_0215	external	313
Article_0970	Article_0503	link	478
Article_1382	Article_0217	link	68
Article_1346	United_States	link	476
Article_3476	United_Kingdom	link	56
Article_2398	Article_0656	link	488
other-internal	Article_0024	external	242
Article_3844	Article_0164	link	178
Article_1861	Article_3252	link	51
other-internal	Article_0232	external	67
other-search	Article_0024	other	47
Article_3142	Article_0218	link	86
other-internal	Article_0631	external	370
Article_1951	Article_0127	link	186
other-internal	Article_2124	external	226
other-internal	Article_1815	external	263
other-search	Article_1066	other	22
Article_1227	Article_0485	link	69
Article_3028	Article_0471	link	340
other-internal	Article_0013	external	240
Article_0333	Article_0503	link	485
Article_2868	Article_0122	link	103
Article_3224	China	link	183
other-search	YouTube	other	372
Article_3621	Article_0089	link	223
Article_2339	Article_2263	link	485
Article_1120	Article_2203	link	224
Article_1841	Article_0506	link	408
Article_2244	Article_0010	link	174
other-internal	Article_0027	external	222
other-internal	United_States	external	281
Article_3193	Article_1827	link	454
Article_0047	Article_0858	link	363
Article_2739	India	link	456
Article_1982	United_Kingdom	link	346
other-search	Article_0113	other	390
Article_0243	Article_0584	link	283
Article_3780	Article_0136	link	415
Article_2002	India	link	451
Article_3049	Article_0781	link	40
Article_3834	Article_2357	link	427
Article_3035	Article_2222	link	391
Article_3849	India	link	42
Article_0278	Article_0373	link	281
Article_2387	YouTube	link	212
Article_1760	Article_0012	link	78
Article_2914	France	link	296
Article_3261	Article_2093	link	37
other-internal	Canada	external	280
Article_1267	Article_1988	link	317
Article_3568	Article_3437	link	350
Article_2503	Article_2065	link	163
other-internal	Article_3865	external	30
Article_0974	Article_0718	link	349
Article_1480	Article_1829	link	104
Article_3216	Article_0307	link	391
Article_2107	Article_3994	link	187
other-internal	Article_0302	external	315
Article_3716	India	link	184
Article_1819	Article_0211	link	239
other-internal	Article_2304	external	70
other-internal	Article_0178	external	72
Article_3589	Article_0010	link	393
Article_3997	Article_2146	link	78
Article_1195	Article_0580	link	98
other-search	India	other	136
Article_0272	Article_0629	link	466
Article_0779	United_States	link	18
other-internal	Article_0385	external	319
other-internal	Article_1895	external	293
Article_0665	Canada	link	495
other-internal	United_States	external	360
other-search	India	other	379
Article_2871	China	link	199
Article_1127	Article_0044	link	179
Article_3966	Article_0477	link	156
other-search	Article_0240	other	311
other-internal	Article_0255	external	31
Article_3725	Article_1281	link	364
other-internal	Article_2109	external	61
Article_3752	United_States	link	345
other-internal	Article_0031	external	342
Article_1802	Article_3970	link	151
Article_2924	Article_0724	link	336
other-internal	Article_3842	external	58
other-search	Article_0754	other	187
Article_2750	Article_3614	link	224
other-internal	Article_0053	external	221
Article_1559	Article_1499	link	430
Article_1273	China	link	48
Article_0451	Article_1002	link	419
Article_0934	World_War_II	link	473
Article_2688	Article_0866	link	231
Article_3824	Article_0503	link	309
other-internal	Article_0023	external	294
Article_1932	Article_0123	link	190
other-internal	Article_0068	external	320
Article_1218	Article_3482	link	324
other-internal	Article_3540	external	275
Article_0642	Article_0576	link	120
Article_0265	Article_0725	link	427
other-internal	Article_0014	external	39
Article_3491	China	link	228
Article_1704	Article_0051	link	304
Article_3902	Article_0981	link	189
Article_3681	Article_3045	link	496
Article_1267	Article_0339	link	343
other-internal	Article_1464	external	230
Article_0220	Article_0091	link	484
Article_2100	Article_0104	link	287
Article_2207	United_States	link	319
Article_2340	Article_0194	link	468
other-internal	Article_0289	external	173
other-internal	Article_2874	external	239
Article_0744	Article_1213	link	139
Article_3319	Article_0039	link	488
Article_3278	Article_0174	link	320
other-internal	Article_0040	external	253
Article_3288	Article_0266	link	118
other-internal	Article_0030	external	125
Article_2926	Article_0584	link	477
other-internal	Canada	external	328
Article_1977	Article_0792	link	120
other-internal	Article_3743	external	122
other-internal	Article_1156	external	34
other-internal	Article_1346	external	54
Article_0339	Article_3601	link	415
other-internal	Article_0059	external	32
other-internal	Article_0023	external	172
Article_1584	Article_0023	link	40
Article_3608	Article_0360	link	49
other-internal	Article_0193	external	278
other-internal	Article_0135	external	365
Article_0676	Article_0059	link	362
Article_1587	United_States	link	467
Article_1061	Article_0408	link	461
Article_0960	China	link	270
other-internal	Article_0015	external	185
Article_0021	Article_3561	link	292
Article_1731	Article_0024	link	201
other-internal	Article_0885	external	28
other-internal	India	external	194
other-internal	Article_0613	external	344
other-internal	Article_0755	external	232
Article_2926	Article_0044	link	391
other-internal	Article_1885	external	83
Article_2437	Article_1328	link	413
Article_2162	Article_3090	link	222
Article_3746	United_States	link	146
Article_2515	Article_0030	link	266
other-internal	Article_2296	external	153
Article_1836	Article_2305	link	371
Article_2339	Article_0218	link	341
Article_1438	United_States	link	113
Article_2319	Article_0138	link	332
other-internal	Article_0809	external	313
other-internal	Article_3781	external	333
other-internal	Article_0871	external	241
Article_0178	Article_0623	link	51
Article_2469	Article_1372	link	19
Article_0279	Article_0089	link	296
other-internal	United_Kingdom	external	133
other-search	Article_0243	other	350
Article_1686	Article_2831	link	268
Article_3390	Article_2034	link	304
other-internal	Article_0103	external	22
other-search	Article_0227	other	223
Article_0692	Article_0163	link	86
Article_0149	India	link	214
other-internal	Article_0236	external	234
Article_1001	Article_0018	link	367
Article_0784	Article_2311	link	252
other-internal	Article_0087	external	30
Article_3032	Article_2437	link	258
Article_2351	United_States	link	151
other-internal	Article_0198	external	18
Article_2563	Article_1519	link	337
Article_3503	Article_1042	link	404
Article_0505	Article_1216	link	279
Article_1782	Germany	link	477
other-internal	Article_0584	external	297
Article_1754	Article_0635	link	242
other-search	Article_0421	other	360
Article_0723	Article_3580	link	464
Article_1210	Article_2423	link	203
other-internal	United_States	external	174
Article_2275	Article_0932	link	237
other-search	Article_2176	other	338
Article_2928	Article_3922	link	316
Article_1463	Article_0011	link	38
Article_3883	Article_2158	link	441
other-internal	Article_0142	external	220
Article_2517	Article_1054	link	111
Article_3608	Article_0800	link	42
Article_1982	Article_0026	link	356
other-search	United_States	other	321
other-internal	Article_3657	external	186
Article_2396	Article_2315	link	237
Article_2514	Article_0030	link	156
Article_3812	Russia	link	182
Article_2700	Article_0442	link	379
Article_1893	World_War_II	link	287
Article_1011	Article_1150	link	105
other-search	India	other	233
Article_3776	Article_0396	link	12
Article_3030	Article_0796	link	324
other-internal	Article_0402	external	182
Article_3882	Article_0319	link	305
other-internal	Article_0057	external	229
Article_2769	World_War_II	link	82
Article_3672	Article_1007	link	495
other-internal	Article_1457	external	181
Article_1172	Article_0022	link	285
Article_2707	Article_0035	link	238
other-internal	Article_0023	external	96
other-internal	Article_0037	external	323
other-internal	Article_1331	external	344
other-internal	Article_0358	external	70
other-internal	Article_0013	external	278
Article_3774	Article_0012	link	157
other-internal	Article_0363	external	210
Article_0217	Article_0262	link	320
Article_0670	Article_0015	link	139
other-internal	Article_2352	external	19
Article_3469	Article_1283	link	233
Article_1633	Article_0016	link	189
Article_3054	Article_0024	link	224
Article_2400	Article_0071	link	220
Article_3995	United_Kingdom	link	78
other-internal	Article_0667	external	276
other-internal	Article_1899	external	315
Article_0388	Article_0053	link	243
other-internal	Russia	external	109
Article_3100	Article_0493	link	352
Article_1087	Article_0035	link	314
Article_3885	United_States	link	174
other-internal	Article_0920	external	37
Article_3533	Article_0248	link	444
Article_0865	YouTube	link	288
other-search	Article_0131	other	320
Article_0330	Article_0443	link	376
Article_1300	Article_0027	link	288
Article_1985	World_War_II	link	19
other-internal	Article_0457	external	42
Article_2784	Article_0040	link	79
Article_1784	Russia	link	422
other-internal	Article_1408	external	324
other-internal	China	external	171
Article_0197	Article_0017	link	75
other-internal	Article_0087	external	175
Article_1013	Article_0011	link	391
Article_0476	Article_1181	link	46
Article_3915	Russia	link	85
Article_2923	Article_0013	link	115
Article_3188	Article_0052	link	292
Article_0901	Article_1425	link	280
Article_3310	Article_0068	link	480
Article_3933	Article_0014	link	390
Article_0553	Article_0707	link	172
Article_1069	Article_0968	link	378
Article_2255	Article_0263	link	71
other-internal	World_War_II	external	218
Article_1246	Article_0054	link	331
other-internal	United_States	external	247
other-internal	Article_3194	external	64
Article_1181	United_Kingdom	link	446
Article_1859	United_States	link	164
other-internal	Article_0447	external	340
Article_0970	Article_0013	link	152
Article_0458	Article_0691	link	381
Article_2348	Article_0183	link	416
other-internal	Article_0521	external	94
Article_2515	Article_0183	link	475
Article_2242	Article_1992	link	194
Article_0159	Article_3165	link	377
Article_2984	Canada	link	343
other-internal	United_States	external	340
other-search	Article_0762	other	327
other-internal	France	external	292
Article_0525	Article_0303	link	145
other-internal	Article_0084	external	90
Article_3466	Article_0827	link	168
Article_0374	Article_0899	link	123
Article_1431	India	link	221
Article_2983	Article_2038	link	484
Article_2107	Article_3036	link	358
Article_2151	Article_2692	link	317
other-internal	Article_3374	external	201
Article_3573	Article_0020	link	304
other-internal	Article_1055	external	185
other-internal	Article_1588	external	183
other-internal	Article_1218	external	83
other-internal	Article_0471	external	19
Article_2164	Article_0469	link	276
Article_2051	Article_0014	link	404
Article_2739	Article_0020	link	34
Article_2189	China	link	297
Article_1515	Article_0153	link	408
Article_0248	Article_0018	link	131
Article_1213	Article_1176	link	167
Article_3279	Article_3056	link	129
other-internal	China	external	391
other-internal	Article_0238	external	166
other-search	United_Kingdom	other	262
Article_2572	Article_0054	link	410
Article_2273	Article_3510	link	285
Article_0281	Article_0014	link	301
Article_0390	Article_1903	link	296
Article_2127	Canada	link	193
Article_3575	Article_0209	link	220
other-internal	Article_0128	external	327
Article_1433	United_Kingdom	link	405
Article_1733	Article_0265	link	167
other-internal	Article_2300	external	264
Article_1565	Article_0012	link	155
Article_0769	Article_0147	link	344
Article_3325	Article_0494	link	58
Article_3899	Article_2940	link	378
Article_1298	France	link	265
other-internal	United_States	external	246
Article_2573	United_States	link	76
Article_3266	Article_0107	link	248
Article_3356	Article_0415	link	388
Article_2693	Article_3959	link	492
other-internal	Article_2834	external	370
other-internal	Article_0077	external	379
Article_2557	Article_1904	link	267
Article_1079	Article_0010	link	189
other-internal	World_War_II	external	393
other-internal	Article_0230	external	266
Article_2134	YouTube	link	312
Article_2768	China	link	318
Article_1579	Article_0025	link	175
Article_0017	Article_0033	link	212
Article_1358	Article_0014	link	167
Article_1372	Article_0075	link	294
Article_0769	Article_0752	link	418
Article_2238	India	link	416
Article_1857	Article_0110	link	286
other-internal	Article_0933	external	266
Article_0909	Article_0032	link	37
other-internal	Article_0817	external	127
Article_3622	China	link	439
other-internal	Article_0028	external	232
Article_0890	Article_0497	link	287
Article_2853	Article_1127	link	499
Article_0323	United_States	link	201
Article_3739	Article_0235	link	276
Article_1934	United_States	link	448
Article_2702	Article_2681	link	476
Article_0662	Article_0180	link	384
Article_2590	Article_0014	link	209
Article_2019	China	link	34
Article_0868	China	link	277
other-internal	Article_0700	external	147
Article_2221	YouTube	link	396
Article_0061	Article_1156	link	116
Article_1329	Article_0289	link	261
Article_3301	Article_2284	link	408
Article_0774	Article_0012	link	416
Article_0102	China	link	290
other-search	Article_1439	other	345
Article_3829	Article_0334	link	251
Article_2746	Article_0122	link	276
other-internal	Article_0519	external	243
Article_3286	Article_0051	link	249
other-internal	Article_0467	external	119
Article_0039	Article_0829	link	90
Article_0014	Article_0040	link	383
Article_2232	China	link	125
Article_3512	Article_0096	link	180
Article_3117	Article_0018	link	287
Article_1281	Article_3048	link	185
Article_1643	Article_0084	link	69
Article_2339	YouTube	link	336
Article_3361	Germany	link	370
Article_1063	Article_3049	link	480
Article_0401	Article_1433	link	96
Article_2736	Article_0745	link	406
Article_1381	Article_1270	link	51
other-search	Article_1845	other	46
Article_1168	Article_0891	link	97
other-internal	World_War_II	external	276
Article_1187	India	link	69
Article_1499	Canada	link	112
Article_3537	Article_0386	link	277
other-internal	Article_0056	external	134
Article_2381	World_War_II	link	358
Article_1140	Article_1016	link	264
Article_3650	India	link	237
other-internal	Article_3067	external	285
Article_3211	Article_0122	link	49
Article_2730	Article_0301	link	204
other-internal	Article_0266	external	370
other-internal	Germany	external	106
Article_3712	United_States	link	233
Article_3165	Article_2041	link	320
Article_3135	France	link	334
other-internal	Article_0782	external	326
Article_2336	Article_3708	link	489
Article_0284	Article_0897	link	375
other-internal	Article_0051	external	83
Article_1053	Article_0015	link	244
Article_1124	Article_0203	link	491
other-internal	Article_0191	external	227
Article_2540	Article_1903	link	190
other-search	Article_0034	other	295
Article_0680	Article_3461	link	175
other-search	World_War_II	other	270
other-internal	Article_0116	external	302
other-internal	Article_0070	external	292
Article_1788	Article_0858	link	470
other-internal	Article_1496	external	359
Article_2350	Article_1210	link	482
other-internal	Article_0083	external	379
other-internal	Article_0043	external	231
other-internal	Article_0420	external	197
Article_3926	Article_0117	link	414
Article_0527	Article_2666	link	86
other-internal	Article_0026	external	311
other-internal	Article_0041	external	185
other-internal	Article_3180	external	251
Article_3150	Article_0313	link	276
Article_1433	Article_2891	link	302
Article_1521	Article_0206	link	425
other-internal	Article_0786	external	335
other-internal	Article_0630	external	225
Article_2896	Article_2628	link	133
Article_0220	Article_0080	link	272
Article_3780	Article_0214	link	302
Article_3193	Article_1909	link	22
Article_1925	Article_0243	link	483
Article_1260	Article_0011	link	485
Article_3422	Article_0950	link	377
Article_1950	Article_0862	link	187
other-internal	Article_0019	external	212
Article_3436	United_States	link	313
Article_3223	Article_0046	link	339
Article_2636	Article_0525	link	412
Article_1125	Article_0165	link	37
Article_3182	Article_3377	link	422
Article_2686	Article_0035	link	421
Article_0451	Article_0035	link	30
YouTube	United_States	link	259
Article_0209	Article_0389	link	79
Article_2262	Article_0936	link	91
Article_1375	Article_0070	link	99
other-internal	Article_0068	external	36
Article_2432	United_States	link	402
Article_3503	Article_3947	link	217
Article_0470	Canada	link	443
other-internal	Article_3761	external	166
other-search	Article_0207	other	273
other-search	Article_2257	other	218
Article_0775	Article_0153	link	443
Article_3092	Article_1205	link	212
Article_2613	Article_0304	link	25
Article_1933	Article_0043	link	164
Article_1030	Article_0049	link	155
other-search	Article_2427	other	56
other-internal	Article_3273	external	349
Article_1464	Article_0019	link	97
other-internal	Article_0016	external	337
Article_2404	Article_2709	link	74
Article_2370	Article_0048	link	405
Article_1164	Article_0112	link	410
Article_3483	Article_0571	link	377
other-internal	Article_0170	external	384
Article_2409	United_States	link	199
Article_1616	Article_0045	link	24
Article_1433	Article_0017	link	163
other-internal	Article_0177	external	46
Article_1404	World_War_II	link	193
other-internal	YouTube	external	350
other-internal	Article_0482	external	36
Article_0726	Article_3417	link	468
Article_3864	Article_1198	link	36
Article_1544	Article_0028	link	186
other-internal	Article_0029	external	24
Article_3031	Article_0399	link	53
Article_0595	Article_0036	link	124
Article_3039	Article_3934	link	171
Article_3793	YouTube	link	424
Article_1691	Article_1003	link	94
Article_3383	Article_0149	link	271
other-internal	Article_2577	external	14
Article_2143	Article_0119	link	57
Article_1293	United_States	link	12
Article_3868	Russia	link	283
Article_1335	Germany	link	380
Article_2322	Article_0030	link	389
Article_0742	Article_0027	link	151
other-internal	Article_0060	external	390
other-internal	Article_0367	external	259
Article_1778	India	link	341
other-internal	Article_0057	external	102
other-internal	Article_0419	external	82
other-search	United_States	other	383
Article_1697	Canada	link	488
other-internal	World_War_II	external	54
Article_2523	Germany	link	96
other-internal	Article_0368	external	203
Article_2320	Article_0321	link	105
Article_0073	Article_0039	link	270
Article_3528	Article_0015	link	315
Article_1422	Article_0030	link	253
Article_3291	Article_0065	link	225
Article_2389	Russia	link	350
other-internal	Article_2614	external	77
other-internal	Article_1161	external	25
Article_1974	Article_0357	link	205
Article_2460	United_States	link	227
Article_2928	YouTube	link	35
Article_3512	Article_3863	link	385
Article_1244	Article_1432	link	201
other-internal	Article_3478	external	46
Article_1060	United_States	link	403
Article_1604	Article_3209	link	21
Article_2413	Article_3546	link	204
Article_2462	Article_1055	link	446
Article_2371	Article_0037	link	123
other-internal	Article_0015	external	171
other-internal	Article_0072	external	279
other-internal	Article_2250	external	131
Article_2481	World_War_II	link	450
other-internal	World_War_II	external	189
Article_1183	Article_3225	link	348
Article_2554	Article_0066	link	208
Article_2420	Article_3060	link	311
other-internal	United_States	external	332
Article_2245	Article_0449	link	92
other-internal	Article_2558	external	57
Article_1697	Article_0034	link	328
other-internal	Article_3783	external	301
Article_0475	Article_0111	link	345
Article_0172	Article_1886	link	341
other-internal	Germany	external	271
other-internal	Article_3230	external	101
other-internal	Article_2343	external	333
Article_3836	Article_0067	link	193
Article_0157	United_States	link	159
Article_2375	Article_0696	link	107
Article_3443	Article_1081	link	82
other-internal	Article_0754	external	301
Article_2395	Article_1954	link	451
Article_2490	YouTube	link	104
Article_1433	Article_0273	link	324
Article_0300	Article_0566	link	106
other-internal	Article_0407	external	172
Article_0995	Article_0040	link	48
Article_1898	Article_0128	link	128
Article_1096	United_States	link	159
other-internal	India	external	357
Article_2294	India	link	222
Article_3272	Article_0473	link	225
other-internal	Article_0026	external	228
Article_3761	United_Kingdom	link	459
Article_2338	Article_0235	link	354
Article_2009	Article_0047	link	498
other-search	World_War_II	other	195
other-internal	Article_0850	external	153
Article_1363	United_States	link	472
Article_1931	Article_0345	link	316
other-search	Article_0272	other	306
Article_2739	Article_0059	link	178
Article_1016	Article_0196	link	445
other-internal	Article_0063	external	102
Article_1706	Article_1699	link	416
Article_0851	China	link	69
Article_0412	Article_2454	link	90
Article_3133	Article_0933	link	305
Article_2194	Article_3868	link	470
Article_3181	Article_0803	link	34
Article_0082	United_States	link	100
Article_3916	Article_1791	link	492
Article_2907	Article_0116	link	220
Article_1079	Article_2548	link	273
Article_3666	India	link	478
other-search	Article_0560	other	123
Article_2785	Article_0184	link	109
other-internal	Article_1326	external	245
Article_0233	Russia	link	117
other-internal	China	external	181
other-internal	United_States	external	128
Article_3466	Article_1001	link	231
other-internal	Article_0257	external	200
Article_0688	Article_0233	link	195
Article_0365	Article_3773	link	138
Article_3529	Article_0130	link	319
other-internal	China	external	11
Article_3375	Article_0269	link	318
Article_1799	India	link	168
Article_3146	Article_0206	link	228
other-internal	YouTube	external	369
other-search	Article_0124	other	151
other-search	Article_0015	other	156
Article_1922	Article_0751	link	350
other-internal	Article_0021	external	224
Article_3265	United_States	link	483
other-internal	United_States	external	286
other-internal	Article_0053	external	255
Article_2700	Article_0454	link	204
Article_0617	United_States	link	335
other-internal	Article_0509	external	100
Article_0613	Article_0134	link	78
other-search	Article_1075	other	32
other-internal	Article_0044	external	358
other-internal	Article_3604	external	135
other-internal	Article_0821	external	127
other-internal	Article_0307	external	287
other-internal	Article_3110	external	277
Article_1500	Article_1278	link	274
Article_3126	United_States	link	384
Article_2308	Germany	link	384
Article_3117	Article_0424	link	32
Article_1511	Article_0100	link	244
Article_2867	Article_2627	link	352
Article_2880	Russia	link	291
other-internal	Article_0042	external	315
Article_2434	Article_0092	link	88
Article_0825	Article_3002	link	310
Article_0225	Article_0027	link	133
Article_2652	Article_0022	link	182
Article_1801	United_States	link	287
other-internal	United_Kingdom	external	215
Article_2758	World_War_II	link	96
Article_3734	Article_1011	link	72
other-internal	China	external	80
Article_0555	Article_0101	link	376
Article_0212	Article_1003	link	135
Article_1710	Article_0158	link	28
Article_1853	Article_0309	link	417
other-internal	Article_0010	external	108
Article_2209	Article_0049	link	86
Article_0883	Article_2068	link	240
Article_0109	Article_0789	link	298
Article_0910	Article_0486	link	48
Article_3613	India	link	110
Article_3839	Article_0431	link	275
other-search	Article_0206	other	211
Article_1635	Article_1777	link	202
other-search	United_States	other	51
Article_0907	Article_0031	link	84
Article_0202	Article_0469	link	93
Article_2632	Article_0056	link	479
Article_0923	China	link	481
other-internal	Article_3885	external	392
Article_1115	Article_0361	link	267
other-internal	World_War_II	external	335
other-internal	Article_1261	external	265
other-internal	Article_2494	external	381
Article_0889	Article_0716	link	303
other-internal	Article_0072	external	42
Article_1631	United_Kingdom	link	299
Article_1508	Article_0546	link	109
Article_1762	Article_3147	link	354
other-search	Article_0468	other	320
Article_1493	Article_0025	link	320
other-internal	Article_1477	external	218
other-internal	Article_3611	external	308
Article_3994	Article_2056	link	209
Article_0567	Article_0035	link	225
Article_0855	Article_0344	link	49
Article_1982	Article_0017	link	33
Article_3920	Article_2734	link	346
Article_1636	Article_0050	link	473
other-internal	China	external	98
Article_3857	India	link	96
Article_3532	Article_0046	link	220
other-search	Article_1540	other	363
Article_3921	Article_0084	link	195
other-internal	Article_2752	external	294
other-search	Article_0588	other	114
other-internal	Article_1213	external	24
Article_0950	United_States	link	108
Article_1173	Article_0134	link	90
Article_0577	Article_0257	link	15
Article_3828	United_States	link	338
other-internal	Russia	external	213
other-search	India	other	134
other-internal	Article_0336	external	186
Article_3682	Article_0053	link	423
Article_0771	United_States	link	233
other-internal	United_States	external	310
Article_1404	United_Kingdom	link	452
Article_2152	Article_0046	link	151
Article_2852	Article_0013	link	415
other-internal	Germany	external	71
Article_2646	Article_1032	link	411
other-internal	Article_2263	external	87
Article_0876	Article_0170	link	391
Article_2281	Article_0042	link	468
Article_3771	United_States	link	17
other-internal	Article_0225	external	285
Article_3072	Article_0155	link	210
Article_3398	Article_0396	link	312
other-internal	Article_0083	external	13
Article_0861	Article_0899	link	248
other-internal	Article_0221	external	243
Article_2061	Article_0673	link	116
other-search	Article_0039	other	191
Article_2251	United_States	link	15
Article_2273	Article_0604	link	345
Article_0057	India	link	485
Article_0553	Article_2360	link	349
Article_0960	Article_0567	link	230
Article_0947	Article_0107	link	23
other-internal	Article_0080	external	285
Article_0922	Article_3041	link	221
Article_2487	Article_0807	link	488
other-search	Article_2593	other	221
Article_0585	Article_0029	link	430
Article_0745	United_States	link	248
Article_2408	Article_1074	link	222
Article_2874	Article_0125	link	387
other-internal	Article_0010	external	265
Article_0345	Article_0018	link	346
Article_3543	Article_0820	link	369
Article_1420	Article_1189	link	360
Article_2595	Article_1787	link	277
Article_0925	United_States	link	461
Article_3159	Article_0234	link	106
other-internal	Article_0120	external	179
Article_1682	Article_1305	link	352
other-internal	United_States	external	316
other-internal	Article_0014	external	81
Article_3302	Article_0106	link	40
other-internal	Article_0548	external	89
Article_1253	India	link	246
Article_1265	Article_0082	link	438
Article_0984	Article_0186	link	330
Article_3926	Article_0124	link	488
Article_2747	Article_1090	link	454
other-internal	Article_1875	external	99
Article_0091	Article_0015	link	364
Article_0129	United_States	link	55
Article_2176	Article_0219	link	251
Article_3192	Article_3737	link	213
other-internal	Article_0121	external	207
Article_3201	Article_2336	link	463
other-internal	Article_0343	external	198
Article_3875	Article_1669	link	252
other-internal	World_War_II	external	268
Article_3999	Article_3725	link	87
Article_2678	France	link	68
Article_3015	Germany	link	205
Article_3801	Article_0665	link	268
Article_2329	Article_0187	link	126
Article_1876	Article_0080	link	192
Article_3340	Article_0544	link	398
Article_3605	Article_0052	link	447
other-internal	China	external	190
Article_2028	Article_1285	link	295
other-internal	Article_0974	external	192
Article_1456	Article_0100	link	181
Article_3385	United_States	link	148
other-internal	Article_0017	external	273
other-internal	Article_0119	external	41
other-internal	Article_1855	external	215
other-search	Article_0039	other	24
Article_1902	Article_0030	link	15
Article_3449	Article_0401	link	248
Article_2734	United_States	link	242
other-internal	United_States	external	343
Article_3282	United_States	link	322
other-internal	Article_0695	external	89
Article_3684	YouTube	link	354
other-internal	Article_3570	external	238
Article_3120	Article_0055	link	427
Article_2883	Article_0139	link	477
Article_2916	China	link	481
other-internal	Article_0360	external	181
other-internal	Article_0066	external	365
other-search	Article_3772	other	287
Article_2200	Article_0090	link	31
Article_3807	Article_0014	link	411
Article_0502	Article_0724	link	28
other-internal	United_States	external	121
Article_3196	Article_0110	link	488
Article_0083	Article_0098	link	90
Article_3751	Germany	link	392
Article_1973	Article_1007	link	47
Article_2158	Russia	link	159
Article_2671	Article_0037	link	316
Article_3829	Article_0994	link	488
Article_0059	Article_1583	link	92
Article_1327	Article_0549	link	249
other-search	Article_0018	other	159
other-internal	Article_2154	external	299
Article_2846	Article_2667	link	398
Article_2794	Article_0456	link	390
Article_3707	Article_0593	link	45
Article_1588	United_Kingdom	link	89
other-internal	Article_0023	external	206
other-internal	Germany	external	318
Article_3900	Article_3405	link	441
Article_2285	Article_0028	link	42
other-internal	Article_0102	external	351
other-internal	Article_0055	external	306
other-internal	Article_0014	external	114
other-internal	Article_0012	external	326
other-internal	World_War_II	external	372
Article_1366	Article_0166	link	127
Article_0136	United_States	link	331
other-internal	Article_0842	external	282
Article_2147	Article_0132	link	460
Article_1251	Article_0023	link	422
Article_0427	United_States	link	105
Article_1847	Article_0063	link	205
Article_1211	Article_0025	link	462
other-search	Article_3093	other	178
other-internal	Article_0192	external	79
Article_3489	Article_0055	link	93
other-internal	United_States	external	143
other-search	Article_0253	other	143
Article_0620	Article_0010	link	120
Article_0918	Article_0348	link	24
other-internal	Article_1362	external	33
Article_3709	India	link	465
Article_2468	Article_2154	link	416
other-internal	Article_0615	external	297
Article_2676	Germany	link	150
other-internal	Article_0267	external	69
Article_2218	Article_3108	link	273
Article_2790	Germany	link	259
Article_3033	Article_0149	link	133
Article_3339	World_War_II	link	130
other-internal	India	external	12
Article_1603	Article_0370	link	302
Article_3541	Article_0410	link	225
Article_3941	Article_0052	link	451
Article_1642	Article_2979	link	193
Article_3199	United_Kingdom	link	160
Article_3945	France	link	453
other-internal	Article_3928	external	299
Article_2168	United_States	link	178
Article_3397	China	link	23
Article_2155	World_War_II	link	291
Article_1814	Article_0324	link	212
other-internal	Article_0079	external	156
Article_2716	Article_0409	link	157
Article_0642	Article_2083	link	351
Article_1191	Article_1665	link	287
Article_3225	World_War_II	link	131
other-internal	Article_0020	external	340
other-internal	Germany	external	289
Article_3042	Article_1295	link	339
Article_1460	China	link	242
Article_3989	Article_1675	link	179
Article_3234	Article_1303	link	434
other-internal	Article_0060	external	267
Article_1258	Article_0046	link	370
Article_3372	India	link	111
Article_2558	Article_0545	link	207
Article_1723	Article_1433	link	400
Article_2957	Article_0228	link	467
other-search	India	other	287
other-internal	Article_0088	external	358
Article_1790	Article_1900	link	386
Article_1007	Article_0041	link	354
Article_1171	Article_0042	link	142
Article_2807	Article_0035	link	130
Article_2013	China	link	17
Article_0705	Article_1900	link	325
Article_2024	United_States	link	76
Article_2642	Article_0015	link	132
Article_3253	Article_0819	link	199
other-internal	Article_3438	external	106
other-internal	Article_0073	external	271
other-search	Article_0513	other	205
Article_1229	Article_0061	link	130
Article_0557	Article_0116	link	306
Article_0179	Article_2424	link	185
other-internal	Article_1381	external	317
other-internal	Article_0032	external	58
Article_1874	Article_0571	link	191
Article_3448	Article_0109	link	479
Article_2105	Article_0049	link	331
Article_2585	United_States	link	143
other-internal	Article_0020	external	240
Article_0238	Article_0602	link	473
other-internal	Article_1851	external	101
Article_2757	Article_0420	link	279
other-internal	Article_0016	external	31
Article_3309	Article_0242	link	412
Article_2967	Article_2006	link	108
Article_0230	Article_0026	link	490
Article_2827	Article_1166	link	198
Article_2249	Article_1977	link	449
other-search	YouTube	other	195
Article_3337	Russia	link	139
other-internal	Article_0661	external	130
Article_2581	Article_0908	link	43
Article_2385	Germany	link	242
Article_3424	Article_1060	link	359
Article_0185	Article_3760	link	245
other-internal	Article_0203	external	205
Article_0535	Article_0477	link	30
other-internal	Article_1825	external	174
Article_3336	Article_0138	link	283
Article_3439	Article_0313	link	469
Article_3397	Article_3149	link	210
other-internal	Article_1249	external	276
Article_0967	Article_0538	link	21
Article_3163	Article_0087	link	389
Article_3180	Article_3517	link	240
Article_0493	Article_0024	link	412
other-internal	Article_1023	external	93
Article_0581	Article_0327	link	163
Article_0889	Article_0193	link	428
Article_1356	Article_1937	link	290
Article_3368	Article_0182	link	189
Article_0607	Article_1300	link	83
other-internal	Article_2768	external	176
Article_3404	Article_0888	link	162
Article_0465	YouTube	link	17
Article_1806	Article_0033	link	441
Article_1673	Article_0209	link	268
other-internal	United_Kingdom	external	133
other-internal	Article_0373	external	195
Article_0679	United_States	link	274
Article_2747	Article_1813	link	115
Article_2234	United_States	link	63
Article_0746	Article_0661	link	42
Article_3467	Article_0016	link	169
other-internal	Article_0134	external	136
other-internal	Article_1955	external	35
other-internal	Article_0014	external	16
Article_3712	Article_2808	link	295
Article_2674	Article_0159	link	367
Article_2157	Article_3219	link	22
Article_3956	Russia	link	244
Article_2455	Article_0361	link	451
Article_0673	Article_3311	link	474
Article_0733	Article_0028	link	226
other-internal	Article_0017	external	82
Article_0597	Article_0051	link	429
Article_1349	Article_0033	link	27
Article_3853	Article_1082	link	136
Article_2196	Article_3726	link	94
other-internal	Article_0011	external	98
Article_2079	China	link	76
Article_0520	Article_0132	link	443
Article_1903	Article_1092	link	261
Article_3726	United_States	link	479
other-internal	Article_3828	external	248
other-search	Article_0326	other	273
Article_0044	Article_0856	link	272
Article_0118	Article_2839	link	473
other-internal	Article_0105	external	230
Article_3065	Article_3069	link	413
other-internal	Article_0336	external	185
Article_0755	Article_3527	link	431
Article_2439	Article_0011	link	130
Article_1937	Article_0070	link	268
Article_2036	Article_0133	link	168
other-search	World_War_II	other	150
Article_1434	Article_0863	link	209
Article_3798	World_War_II	link	450
other-search	Article_0023	other	164
other-internal	Article_0181	external	132
other-internal	Article_0329	external	106
Article_3902	Article_1888	link	53
other-internal	Article_0542	external	134
Article_2464	China	link	461
Article_2584	Article_0014	link	353
Article_3511	Article_0498	link	360
Article_2828	Article_1415	link	21
Article_3324	Article_0155	link	488
other-search	Article_0315	other	121
Article_0681	Article_0542	link	431
other-internal	Article_2694	external	131
other-internal	Article_0077	external	72
other-search	Article_0364	other	140
Article_0121	Article_0206	link	239
other-internal	Article_0034	external	374
Article_3805	Article_0034	link	29
other-internal	United_States	external	330
Article_1794	Article_0088	link	341
Article_2708	Article_0808	link	231
other-internal	United_States	external	60
Article_0364	Article_0010	link	55
other-internal	Article_0202	external	242
Article_0955	Article_0021	link	116
other-internal	Article_0032	external	204
Article_3331	Article_0011	link	144
Article_2637	China	link	249
Article_0892	Article_0163	link	112
other-search	China	other	317
Article_2349	United_States	link	166
other-internal	United_States	external	231
Article_1943	Article_0081	link	145
Article_1311	World_War_II	link	380
Article_3673	Article_1202	link	242
Article_0186	Article_0015	link	82
Article_3687	Article_2075	link	58
other-internal	Article_1097	external	340
Article_0408	Article_0688	link	273
Article_0119	Article_0053	link	211
Article_1188	Article_2535	link	80
Article_3496	Article_0055	link	298
Article_2572	Article_0026	link	245
other-search	Article_0569	other	36
other-internal	Article_0283	external	254
other-internal	Article_0401	external	42
Article_0056	United_Kingdom	link	317
Article_2703	Article_0131	link	427
other-internal	Article_3014	external	325
other-internal	World_War_II	external	71
other-internal	Article_1011	external	228
other-internal	Article_2864	external	10
Article_2862	Article_2222	link	237
Article_1210	Article_0015	link	309
Article_3170	Article_2269	link	17
other-internal	Article_1029	external	108
other-internal	Article_0202	external	158
Article_1782	Russia	link	134
Article_3902	India	link	466
Article_3236	Article_0950	link	455
Article_1944	Article_0060	link	94
other-internal	India	external	27
Article_2829	United_States	link	169
Article_1738	Article_0225	link	250
Article_1918	Article_0148	link	200
other-internal	Article_0533	external	59
Article_3557	Article_0786	link	354
Article_1412	Article_0654	link	407
other-internal	Article_0050	external	164
Article_1503	Article_1304	link	472
Article_0182	United_States	link	254
Article_1217	India	link	488
other-internal	Article_0015	external	380
other-internal	Russia	external	250
Article_3226	Article_0276	link	190
other-search	Article_0535	other	115
Article_0063	Article_0186	link	73
other-search	Article_0092	other	361
other-internal	United_Kingdom	external	131
other-internal	China	external	153
Article_3354	Article_0035	link	332
Article_2074	Article_0360	link	143
other-search	Article_0026	other	193
Article_3840	Article_0241	link	77
other-internal	Article_0093	external	247
Article_0935	Article_0208	link	68
Article_1790	Article_0212	link	147
Article_3132	Russia	link	264
Article_0180	Article_3900	link	194
Article_2647	Germany	link	114
other-internal	World_War_II	external	85
Article_3623	Article_0152	link	176
Article_2638	Article_1711	link	288
Article_0352	Article_2080	link	342
Article_0558	Article_0632	link	224
Article_0529	Article_0390	link	319
other-internal	Article_2548	external	334
Article_1611	Article_0783	link	88
Article_2323	Article_0404	link	70
other-internal	Article_0164	external	377
Article_0894	Article_0104	link	495
Article_3856	Article_0203	link	85
Article_2263	India	link	263
other-internal	United_States	external	91
other-internal	Article_2486	external	182
other-internal	Article_0307	external	90
Article_2324	China	link	370
Article_0669	Article_0372	link	49
Article_2093	Article_0052	link	234
Article_2906	Article_1122	link	95
other-internal	Germany	external	233
Article_3287	Article_0063	link	305
other-search	Article_0348	other	360
Article_2736	Article_0186	link	209
other-internal	Article_0587	external	319
Article_2681	Article_0098	link	95
Article_3760	Article_3064	link	470
other-internal	Article_0230	external	358
Article_1490	Article_0135	link	387
Article_2068	United_States	link	28
Article_1920	Article_0016	link	133
other-internal	United_States	external	317
Article_1366	Article_2334	link	151
other-internal	Article_2230	external	201
Article_3707	Article_2514	link	46
Article_0940	Article_1284	link	470
other-internal	Article_0564	external	331
other-internal	Article_0094	external	158
Article_1592	Article_0799	link	396
other-internal	Article_0845	external	269
Article_2270	India	link	197
Article_1409	Article_1413	link	394
Article_2874	United_States	link	413
Article_3595	China	link	445
Article_0164	Article_0639	link	153
Article_3010	Article_0012	link	114
Article_3587	Article_0064	link	478
other-internal	Article_0090	external	364
Article_0848	Article_3167	link	100
Article_3288	Article_0308	link	487
Article_0508	Article_0131	link	257
other-internal	Article_2862	external	215
other-search	Article_0336	other	23
Article_0405	Article_0412	link	318
Article_2613	Article_0348	link	327
Article_1592	China	link	341
Article_1791	Article_0281	link	284
Article_3439	Article_0048	link	213
other-search	Article_0126	other	59
Article_3707	Article_1562	link	101
Article_0842	Article_0064	link	182
Article_3402	Article_0398	link	463
Article_1078	United_States	link	488
other-internal	Article_0016	external	205
other-internal	Article_0318	external	327
other-internal	YouTube	external	362
other-internal	United_States	external	277
Article_0263	Article_0034	link	349
Article_1448	Article_1822	link	116
Article_3636	Article_2404	link	408
Article_1038	Article_1487	link	358
Article_2552	Article_1201	link	499
other-internal	Article_0324	external	143
Article_3627	Article_0450	link	193
Article_0406	Article_0089	link	126
other-internal	Article_0011	external	388
Article_1403	Article_1468	link	449
other-internal	Article_0130	external	239
Article_1485	Article_0019	link	286
other-internal	Article_1750	external	252
other-internal	United_States	external	394
Article_3288	Article_0239	link	308
other-internal	Article_0440	external	311
Article_3495	Article_1497	link	312
Article_1737	France	link	89
Article_2829	Article_0191	link	448
other-internal	United_States	external	293
Article_2559	United_States	link	102
other-internal	Article_0220	external	238
other-internal	Article_0023	external	111
other-internal	Article_0064	external	111
Article_1178	Article_0346	link	248
other-internal	China	external	392
Article_1556	Article_0801	link	404
Article_2132	Article_1783	link	108
Article_1095	Article_0041	link	168
Article_3472	Article_1968	link	455
other-internal	China	external	122
Article_0600	World_War_II	link	18
Article_0616	Article_0444	link	499
Article_0156	Article_0016	link	449
Article_0209	Russia	link	280
Article_1810	Article_0240	link	361
Article_2194	Article_0336	link	226
Article_2327	Article_0243	link	452
Article_1640	Article_0026	link	80
other-internal	Article_2852	external	316
Article_3861	Article_0305	link	236
Article_2297	Article_0052	link	454
Article_2076	Article_1347	link	65
Article_2195	United_States	link	160
Article_1263	YouTube	link	228
other-internal	YouTube	external	241
other-internal	United_Kingdom	external	24
Article_3126	Article_1453	link	129
Article_0911	Article_0020	link	408
other-internal	Article_1579	external	56
other-internal	Article_0432	external	219
other-internal	Article_0979	external	101
Article_2008	Article_2218	link	260
Article_1806	Article_0633	link	408
Article_1033	Article_3377	link	336
other-internal	Article_0071	external	167
Article_1398	Article_0402	link	226
Article_0254	Article_3226	link	276
other-internal	Article_0101	external	102
Article_1762	Article_0121	link	266
other-internal	Article_0012	external	250
Article_3365	United_States	link	222
Article_2158	Article_1352	link	484
Article_3872	Article_0603	link	435
Article_1725	Article_1363	link	260
Article_3308	Article_3516	link	391
other-internal	Article_0524	external	135
Article_3631	Article_2334	link	143
other-internal	Article_1148	external	183
Article_1950	Article_0012	link	327
other-internal	Article_2660	external	350
Article_2616	Article_0059	link	375
other-internal	Article_0024	external	298
Article_1867	Article_0135	link	202
Article_2087	Article_0167	link	276
other-internal	Article_0517	external	349
other-internal	Article_0343	external	244
Article_1398	Article_1597	link	490
Article_3475	Article_0452	link	315
Article_0651	Article_0414	link	260
Article_1241	Article_2565	link	67
other-search	Article_0281	other	308
other-internal	Article_0023	external	102
Article_2319	Article_0030	link	12
other-internal	Article_1267	external	27
Article_1908	Article_0256	link	465
Article_3362	Article_0059	link	494
other-internal	Article_0974	external	372
Article_3348	Article_2758	link	384
Article_2913	Article_0750	link	32
Article_3141	Article_0096	link	20
Article_0802	Article_0052	link	127
Article_1283	United_States	link	285
Article_0233	Article_0136	link	197
Article_1300	Article_0023	link	80
other-internal	Article_0047	external	113
Article_2557	Article_0015	link	292
Article_1676	Article_0035	link	82
Article_0781	Article_3009	link	362
Article_2241	Article_2152	link	338
Article_3755	Article_0958	link	139
Article_3920	Germany	link	275
Article_0939	Article_0835	link	299
Article_1073	Article_0074	link	289
Article_3849	United_States	link	67
Article_2879	Article_0478	link	304
Article_0740	Article_3295	link	107
Article_0477	Article_1915	link	337
Article_1485	Article_0218	link	374
Article_0140	Article_3153	link	152
Article_2295	Article_0054	link	394
other-internal	Article_1571	external	13
Article_1577	Article_1321	link	449
Article_0927	Article_0034	link	196
other-internal	Article_2093	external	238
Article_2336	Article_0216	link	407
other-search	World_War_II	other	250
Article_0720	Article_0701	link	327
other-internal	Article_0037	external	86
other-internal	Article_0057	external	221
Article_2073	Article_0021	link	177
Article_1063	Article_0014	link	471
Article_1768	United_States	link	339
Article_0950	Article_0430	link	428
other-internal	Article_1182	external	393
Article_1804	Article_0033	link	449
Article_1448	Article_0516	link	251
other-internal	Canada	external	18
other-internal	Article_0357	external	132
other-internal	India	external	306
Article_2406	Article_0893	link	403
Article_1706	Article_0064	link	146
Article_0701	Article_0742	link	250
other-internal	United_States	external	42
Article_3429	Article_1343	link	222
other-internal	Article_0471	external	240
Article_0859	Article_0427	link	447
other-internal	Article_1108	external	52
other-internal	Article_0225	external	339
Article_3435	Article_0296	link	282
Article_0603	Article_0121	link	65
Article_3890	Article_0204	link	453
Article_2447	United_States	link	118
other-internal	Article_1029	external	359
Article_3354	Article_0051	link	286
other-internal	Article_0072	external	117
Article_2845	Article_0760	link	103
Article_3039	Article_1577	link	210
Article_0314	Article_3739	link	24
Article_1657	Article_0035	link	457
Article_0249	Article_0151	link	398
Article_3473	Article_0329	link	186
Article_3384	Article_0013	link	268
Article_3491	United_States	link	371
Article_1374	Article_0213	link	385
other-search	World_War_II	other	237
Article_0340	Article_0310	link	16
Article_2358	Article_0335	link	157
Article_3738	Article_0059	link	175
Article_1823	India	link	402
other-internal	Article_0053	external	275
Article_1661	Canada	link	370
Article_2521	Article_1595	link	97
Article_3098	World_War_II	link	143
Article_3401	Article_3351	link	468
Article_1667	Article_0672	link	242
Article_0043	Article_0618	link	271
Article_2420	India	link	273
other-internal	Article_0031	external	82
other-internal	Article_0246	external	241
Article_2436	Article_0092	link	467
other-internal	Article_0018	external	250
Article_3677	Article_0012	link	322
other-internal	Article_0726	external	330
other-internal	World_War_II	external	243
other-internal	Article_0033	external	316
other-internal	Article_0069	external	103
Article_3972	Article_0123	link	466
Article_3336	Article_0706	link	125
Article_2991	Article_0863	link	86
Article_2833	Article_2931	link	47
Article_1627	United_States	link	286
other-internal	Article_0033	external	271
Article_2320	United_States	link	464
Article_0319	Article_2195	link	100
other-internal	Article_2416	external	176
Article_2778	United_States	link	262
Article_3553	United_States	link	95
Article_1537	Article_0027	link	409
Article_3951	Article_0531	link	114
other-internal	Article_0075	external	144
other-internal	Article_0014	external	373
Article_3858	Article_2537	link	248
Article_3343	Article_0189	link	480
Article_3853	Article_0180	link	392
other-internal	World_War_II	external	37
other-internal	YouTube	external	371
Article_3948	Article_0356	link	156
Article_1944	Article_0161	link	183
other-internal	YouTube	external	231
other-search	World_War_II	other	269
other-search	Article_0747	other	71
other-internal	Article_0043	external	282
Article_3681	India	link	309
other-internal	India	external	240
Article_2535	Article_0059	link	70
other-search	Article_0018	other	237
Article_0187	Article_1458	link	443
other-internal	Article_2040	external	245
Article_1181	Article_2154	link	193
Article_0716	Article_0793	link	15
Article_0693	Article_1122	link	236
Article_0582	Article_3709	link	263
Article_3177	Article_1264	link	157
Article_3796	Article_0210	link	190
Article_3329	Article_0180	link	90
Article_0739	Article_3975	link	386
Article_3985	Russia	link	12
Article_1705	United_Kingdom	link	387
other-internal	United_States	external	11
other-internal	Article_2051	external	227
Article_1346	Article_0013	link	336
other-internal	Article_0759	external	166
other-internal	Article_0038	external	163
Article_1510	Article_3679	link	54
Article_3680	Article_0028	link	165
other-internal	Article_0814	external	119
Article_0337	India	link	408
other-internal	Article_0081	external	395
Article_2746	Article_0303	link	42
Article_1279	Article_0330	link	95
Article_1074	Article_0013	link	495
Article_3229	Article_0024	link	327
Article_0984	Article_0013	link	232
Article_0196	World_War_II	link	412
Article_2819	Article_0017	link	489
other-internal	Article_0872	external	83
Article_3134	Article_3839	link	72
other-internal	Article_1145	external	249
Article_1704	Article_0183	link	121
Article_1912	Article_3684	link	320
Article_2368	Article_1920	link	400
Article_3612	YouTube	link	392
Article_2945	Article_0032	link	378
Article_1753	Article_1175	link	76
other-internal	Article_0139	external	296
Article_0375	Article_0293	link	162
Article_3832	Canada	link	217
Article_0484	Article_1237	link	108
other-search	Article_0078	other	201
other-internal	Article_0034	external	147
other-internal	Article_0062	external	214
other-search	Article_0024	other	199
Article_3286	Article_0169	link	98
Article_3691	Article_0042	link	154
Article_0583	United_States	link	34
Article_3990	Article_0627	link	19
Article_1033	Germany	link	244
other-internal	Article_1642	external	362
Article_0730	United_States	link	64
Article_3027	Article_0108	link	338
Article_1356	Article_2898	link	430
other-internal	Article_1318	external	72
other-search	Article_0011	other	302
Article_3576	Article_0059	link	191
Article_0288	Article_0094	link	329
other-search	United_Kingdom	other	340
Article_0057	Article_1844	link	129
Article_0474	Article_3405	link	158
other-internal	Article_0024	external	355
Article_3840	Article_3344	link	257
other-internal	United_States	external	153
Article_2280	Article_0262	link	195
Article_0755	United_States	link	146
Article_1665	United_States	link	466
Article_1118	Article_0130	link	453
Article_3845	Article_0290	link	92
other-internal	United_States	external	350
Article_0211	Article_2857	link	235
Article_1595	Article_3428	link	191
Article_3926	Article_3424	link	197
Article_2002	Article_0043	link	218
Article_2741	Article_1061	link	487
other-internal	Article_0093	external	102
Article_2409	Article_1085	link	18
Article_3875	France	link	366
other-internal	World_War_II	external	384
Article_1311	United_States	link	147
other-internal	Article_0087	external	332
Article_2081	Article_0893	link	72
Article_2156	China	link	221
Article_2143	Article_1102	link	387
Article_1414	United_States	link	76
Article_1295	Russia	link	201
Article_1045	Germany	link	175
Article_0299	YouTube	link	215
Article_3623	Article_0011	link	396
other-internal	Article_0885	external	306
other-internal	United_States	external	117
Article_1312	Article_0466	link	372
Article_1621	Article_1336	link	293
other-internal	Article_0178	external	145
Article_1734	Article_0048	link	186
Article_3717	Article_0012	link	146
Article_3976	Article_0397	link	271
other-internal	Article_0014	external	378
other-internal	United_States	external	198
Article_1185	Article_1338	link	171
Article_1874	Article_3530	link	243
Article_2533	Article_0320	link	286
Article_0424	Article_0198	link	116
other-internal	United_States	external	346
Article_1770	Article_0026	link	36
Article_3840	World_War_II	link	142
Article_2159	YouTube	link	162
Article_2813	United_States	link	384
Article_3086	Article_0166	link	489
Article_0206	India	link	208
Article_3683	Article_0046	link	297
Article_3955	United_States	link	265
Article_3060	Article_2347	link	468
Article_2773	Article_1543	link	116
Article_2528	Article_1056	link	207
other-internal	Article_0078	external	227
Article_3255	Article_0354	link	174
other-internal	Article_0039	external	98
Article_3749	Article_0108	link	457
Article_2516	Article_0727	link	269
Article_1590	Article_1908	link	287
Article_2256	Article_0037	link	464
Article_2134	Article_1763	link	191
other-internal	Article_1166	external	330
other-internal	Article_1494	external	152
Article_0787	YouTube	link	158
Article_2629	United_States	link	55
other-internal	Article_0011	external	163
other-internal	Article_0186	external	258
Article_0593	Article_0226	link	131
Article_3536	Article_0108	link	370
other-internal	Article_0017	external	176
other-internal	France	external	203
Article_0154	Article_0911	link	406
other-internal	Article_0031	external	32
other-internal	Article_0013	external	67
Article_2236	Article_0282	link	423
Article_1947	Article_0041	link	360
other-internal	Article_0151	external	84
Article_0561	India	link	374
other-internal	Article_0031	external	334
Article_3368	Article_2852	link	335
Article_0674	Article_0085	link	125
other-internal	World_War_II	external	233
other-internal	India	external	69
Article_2994	Article_0561	link	328
Article_1674	World_War_II	link	164
Article_3088	Article_0070	link	429
other-internal	United_States	external	129
Article_2969	United_States	link	454
Article_2661	United_States	link	32
other-internal	Article_0788	external	22
other-internal	United_States	external	308
Article_2793	Article_1768	link	256
Article_1943	Article_0916	link	165
other-internal	Article_0118	external	206
Article_2854	United_States	link	262
other-internal	Article_0378	external	367
Article_0557	Article_0011	link	190
other-internal	Article_0011	external	200
other-internal	Article_0072	external	98
Article_1882	United_States	link	19
Article_0790	Article_0024	link	281
Article_3123	Article_0018	link	321
Article_2687	Article_0046	link	378
Article_0468	Article_0026	link	461
Article_0182	United_Kingdom	link	258
other-internal	Article_3761	external	352
Article_0308	Article_0026	link	334
Article_3680	Article_0655	link	387
other-search	Article_0037	other	92
Article_3096	Article_3793	link	11
other-internal	Article_0023	external	355
Article_2080	Article_0500	link	297
other-internal	Article_0910	external	301
Article_3232	India	link	492
other-internal	Article_2048	external	90
other-internal	Article_0157	external	119
Article_3006	Article_0010	link	66
other-search	Article_0124	other	309
Article_1413	Article_3622	link	466
Article_3206	Article_1594	link	161
Article_0603	Article_0243	link	407
other-internal	Article_2663	external	393
Article_1752	Article_0215	link	376
Article_3070	Article_0138	link	82
Article_3344	India	link	279
Article_2871	Article_0143	link	387
Article_3995	United_States	link	282
other-internal	Article_2968	external	28
Article_2240	Article_0053	link	164
Article_0812	Article_3634	link	397
Article_1216	Article_0188	link	257
Article_2333	YouTube	link	252
other-internal	Article_0453	external	171
other-internal	India	external	360
other-internal	Article_1323	external	371
Article_1877	Article_1064	link	375
other-internal	Canada	external	355
Article_3973	Article_1693	link	45
Article_1995	Article_0015	link	81
Article_1669	Article_0013	link	466
Article_1133	Article_0018	link	145
Article_2535	Article_0094	link	54
Article_1248	Article_0364	link	469
Article_2930	Article_3109	link	65
other-internal	Article_0161	external	312
Article_0685	India	link	390
other-internal	Article_0575	external	109
Article_3186	YouTube	link	74
Article_3231	Article_0651	link	408
Article_2173	Article_0017	link	471
Article_0500	Article_0341	link	303
Article_1129	Article_0754	link	178
Article_2555	Article_0013	link	187
other-internal	Article_1015	external	252
other-internal	Article_0016	external	162
other-internal	India	external	285
other-internal	India	external	217
Article_2806	Article_0262	link	174
Article_1223	Russia	link	39
other-internal	United_States	external	224
other-internal	Article_2892	external	136
Article_3883	United_States	link	122
Article_1322	United_States	link	200
other-search	Article_0037	other	303
Article_1411	Article_0209	link	461
Article_2283	Article_0186	link	224
Article_2475	Article_0030	link	315
Article_1756	Article_0047	link	189
Article_0739	Article_0144	link	231
other-internal	Article_0012	external	376
other-internal	Article_0027	external	19
other-internal	Article_0040	external	145
Article_1702	Article_0281	link	309
Article_3701	Article_0418	link	312
Article_3021	Article_0017	link	170
Article_0423	France	link	166
Article_2237	World_War_II	link	453
Article_1248	Article_0461	link	10
Article_0264	Article_3251	link	155
Article_1625	Article_0011	link	426
Article_0370	Article_3072	link	174
Article_0779	Article_0236	link	391
other-internal	Article_0658	external	35
Article_1621	World_War_II	link	342
Article_2971	Article_0321	link	229
Article_0094	Article_0184	link	144
other-internal	Article_1450	external	189
other-internal	Article_0865	external	269
Article_0465	United_States	link	324
Article_3532	Article_2091	link	407
other-internal	Article_1588	external	168
other-internal	United_States	external	271
Article_3453	Article_0037	link	91
other-search	Article_0716	other	49
Article_2290	Article_0523	link	342
other-internal	Article_0212	external	103
Article_0473	Article_0014	link	67
other-internal	Article_0363	external	106
other-internal	Article_2964	external	87
Article_2923	Article_0027	link	337
other-internal	Article_0061	external	214
Article_2431	Article_0103	link	39
other-internal	China	external	85
Article_2807	Article_0693	link	219
Article_3739	Article_0051	link	416
other-internal	Article_0850	external	22
Article_2574	Article_0026	link	150
Article_0187	Article_0017	link	225
Article_2870	United_States	link	23
other-internal	United_Kingdom	external	272
Article_3925	Article_3431	link	207
other-internal	United_States	external	335
other-internal	Article_0014	external	122
Article_1182	Article_0043	link	417
other-search	Article_0214	other	14
Article_1489	United_States	link	184
other-internal	Article_0742	external	23
Article_2131	Article_0203	link	439
other-internal	Russia	external	217
Article_0330	Article_0521	link	429
Article_2822	Article_1855	link	34
Article_3494	Article_0028	link	77
Article_2682	China	link	440
other-internal	France	external	256
Article_3553	Article_0090	link	181
other-internal	China	external	143
Article_3309	Article_1049	link	84
Article_0560	Article_0010	link	393
Article_3116	Article_3403	link	29
Article_0821	Article_1291	link	260
other-internal	Article_0131	external	393
Article_0125	Russia	link	102
Article_0389	Article_1983	link	439
Article_1029	Article_0040	link	133
other-internal	Article_0494	external	136
Article_1547	Article_1007	link	272
Article_3587	Article_1766	link	182
other-internal	Article_0026	external	66
other-search	United_Kingdom	other	156
Article_0132	India	link	374
other-internal	Article_0266	external	296
Article_1350	Article_2165	link	264
other-search	Article_0227	other	295
Article_3868	Article_0070	link	355
other-internal	Article_0315	external	103
Article_0591	Article_0015	link	52
Article_3297	Article_1486	link	75
Article_2758	United_Kingdom	link	290
Article_2653	Article_0056	link	44
other-internal	Article_0047	external	375
other-internal	Article_1290	external	168
other-internal	Article_1619	external	13
Article_2546	Article_0410	link	423
other-search	India	other	194
other-internal	United_States	external	344
Article_3889	Article_0167	link	132
other-search	China	other	218
Article_1907	Article_1318	link	445
Article_0676	Article_0213	link	177
other-internal	Article_2940	external	114
Article_0605	Article_0444	link	269
Article_3021	Article_0720	link	464
Article_0219	Article_0036	link	262
Article_3894	Article_0024	link	10
Article_3398	Article_0038	link	211
other-search	Article_2689	other	45
Article_3988	Article_0379	link	291
other-internal	World_War_II	external	17
Article_2083	United_States	link	255
other-internal	Article_2599	external	241
Article_1388	Article_0135	link	22
other-internal	Article_0466	external	124
other-internal	Article_0011	external	26
Article_3609	Article_0063	link	232
other-internal	Article_0651	external	76
other-internal	Article_0212	external	279
other-internal	United_States	external	176
other-internal	China	external	110
Article_0881	Article_1131	link	463
Article_3764	Article_3043	link	243
other-internal	Article_0242	external	126
other-internal	Article_1806	external	354
Article_3854	United_States	link	308
Article_1360	United_States	link	405
Article_0297	United_Kingdom	link	301
other-internal	Article_1406	external	380
other-internal	China	external	306
Article_2544	Article_0347	link	225
Article_0860	Article_0123	link	381
Article_0461	Article_0069	link	160
other-internal	Article_0411	external	286
Article_2285	Article_0153	link	290
other-internal	Russia	external	254
Article_3921	Article_1070	link	61
Article_0642	Article_0054	link	22
Article_1845	Article_0360	link	311
Article_0760	World_War_II	link	166
Article_0921	World_War_II	link	285
Article_0065	Article_0081	link	279
other-internal	India	external	47
other-internal	Article_0026	external	116
Article_2235	Article_1083	link	373
Article_3930	Article_0327	link	338
Article_2075	Germany	link	205
Article_3071	Article_3750	link	273
Article_1018	Article_3443	link	179
other-internal	Article_0116	external	23
Article_2996	Article_0283	link	392
Article_1854	Article_1885	link	240
other-internal	Article_0011	external	103
Article_2399	Article_0454	link	346
Article_3381	United_States	link	475
Article_3230	Article_0895	link	45
Article_3507	Article_2307	link	255
other-internal	Article_0018	external	274
Article_0401	Article_0056	link	114
other-internal	Article_0023	external	290
Article_1878	Article_0219	link	459
Article_1932	Article_0017	link	327
Article_2797	Article_1504	link	83
Article_0387	Article_1941	link	68
Article_3179	Article_0559	link	33
Article_0469	Article_3929	link	167
Article_0288	United_States	link	403
Article_3622	Article_0028	link	499
Article_0302	Article_2684	link	294
other-search	Article_0010	other	193
Article_3322	Canada	link	15
Article_1006	Article_0110	link	33
Article_0192	United_States	link	138
Article_2440	Canada	link	309
other-internal	Article_0046	external	300
Article_3671	United_States	link	44
other-internal	Article_0021	external	157
Article_1061	Article_0025	link	105
Article_2050	United_States	link	56
other-internal	Article_3982	external	297
other-internal	United_Kingdom	external	294
Article_2595	Article_0423	link	352
other-internal	India	external	287
Article_3071	Article_1288	link	450
Article_0200	Article_1147	link	421
other-internal	Canada	external	126
Article_2000	World_War_II	link	265
Article_3068	India	link	143
Article_1228	Article_0011	link	183
Article_3977	Article_0035	link	233
other-internal	Article_0015	external	336
Article_2169	Article_0309	link	244
Article_1606	Article_0118	link	46
other-internal	Article_0037	external	350
Article_3577	Article_0089	link	281
Article_2554	Article_0044	link	59
Article_3555	Article_0029	link	268
other-internal	Article_2122	external	285
Article_3173	Article_0128	link	272
Article_3079	Article_0487	link	165
other-internal	Article_0076	external	237
Article_3850	Article_0291	link	333
Article_1236	Article_0017	link	159
Article_3448	United_Kingdom	link	335
Article_0922	Article_0025	link	401
Article_1985	Article_0062	link	415
other-internal	Article_0061	external	106
Article_2956	Article_0029	link	499
Article_2592	Article_0015	link	282
Article_3491	Article_2307	link	474
other-internal	Article_1529	external	98
other-internal	Article_3329	external	130
Article_2628	Article_0822	link	245
other-internal	United_States	external	262
Article_2546	Article_0460	link	255
Article_3573	China	link	113
Article_0982	Russia	link	426
other-internal	Article_2146	external	57
Article_2366	Article_0038	link	418
Article_0437	India	link	271
other-internal	Article_0481	external	370
Article_0885	Article_0050	link	124
Article_1961	Article_0012	link	372
Article_2651	United_States	link	186
other-internal	Article_0048	external	43
Article_1446	Article_0192	link	375
Article_0324	Article_0011	link	167
Article_0846	Article_3115	link	336
other-internal	Article_1380	external	201
other-internal	Article_2539	external	145
Article_3032	Article_0200	link	135
Article_1404	China	link	157
Article_1404	Article_2321	link	324
Article_2202	China	link	417
Article_2770	Article_0413	link	133
Article_2310	United_States	link	56
Article_1660	Article_0420	link	197
Article_1227	Article_0689	link	162
Article_1623	France	link	394
other-internal	Article_0250	external	205
Article_2676	Article_0131	link	41
other-internal	Article_0010	external	79
Article_3344	Article_0193	link	144
Article_3207	Russia	link	366
Article_3259	Article_2904	link	325
Article_1867	Article_0864	link	120
other-internal	Article_1105	external	234
Article_0136	Article_3780	link	260
Article_1434	Article_0024	link	344
other-internal	Article_3202	external	56
other-internal	Article_0193	external	358
Article_1676	Article_1494	link	382
Article_3858	Article_0106	link	269
other-internal	China	external	340
Article_0384	Article_0072	link	229
Article_3418	Article_2813	link	92
other-search	Article_0017	other	156
other-internal	Article_3525	external	143
Article_0256	Article_2179	link	174
Article_3301	Russia	link	114
Article_2726	China	link	305
Article_1307	Article_0028	link	465
other-internal	Article_0123	external	319
other-internal	Article_0014	external	258
other-internal	Article_0442	external	384
Article_2045	Article_2648	link	481
Article_2372	Article_0027	link	478
other-internal	Article_1352	external	323
other-internal	United_States	external	131
Article_1183	Article_0843	link	195
Article_3176	Article_0019	link	83
other-search	Article_0160	other	382
Article_3727	France	link	153
Article_1442	Article_2356	link	435
other-internal	India	external	398
Article_3125	Article_3796	link	94
other-search	Article_3413	other	248
Article_1518	France	link	293
other-internal	Article_0021	external	30
other-internal	World_War_II	external	398
Article_1861	Article_0577	link	375
Article_0697	Article_1210	link	346
Article_2804	Article_0166	link	191
other-internal	World_War_II	external	65
Article_3104	Article_1538	link	83
Article_1082	Article_0434	link	391
other-internal	Article_0214	external	251
Article_3954	China	link	394
Article_3340	Article_0048	link	434
Article_0425	Article_0116	link	320
Article_3370	United_Kingdom	link	215
other-internal	China	external	313
other-internal	Article_1974	external	117
Article_3330	Article_0939	link	181
Article_1973	Article_0098	link	311
Article_3155	Article_0500	link	119
other-internal	Article_1184	external	130
Article_3588	Article_0281	link	121
Article_0643	Article_0474	link	231
other-internal	Article_0474	external	26
other-internal	Article_0147	external	37
Article_0712	Article_1458	link	72
Article_2434	Article_0876	link	92
other-internal	United_States	external	220
Article_3926	United_Kingdom	link	493
Article_1436	Article_0021	link	423
other-internal	Article_0057	external	96
Article_2350	Article_1170	link	326
Article_2518	World_War_II	link	435
Article_1721	Article_0021	link	32
Article_2166	Article_3100	link	112
Article_3376	Article_0095	link	326
Article_1739	Article_3173	link	35
other-internal	Article_1760	external	172
Article_2254	Article_0521	link	85
Article_2796	Article_0077	link	341
Article_1699	World_War_II	link	246
Article_3801	Article_0197	link	116
other-internal	Article_3954	external	80
Article_2265	Article_0061	link	312
Article_3806	Article_0131	link	306
Article_2911	Article_0082	link	481
Article_3488	Article_0755	link	123
other-search	Article_0895	other	80
other-internal	China	external	183
other-internal	Article_1408	external	304
other-internal	Article_1421	external	46
Article_1468	United_States	link	86
Article_2457	United_States	link	178
other-internal	India	external	273
other-internal	Article_0025	external	317
other-internal	Article_0319	external	58
other-internal	Article_1391	external	94
other-internal	Article_3282	external	250
other-internal	Article_0051	external	244
other-search	United_States	other	287
Article_2357	Article_2072	link	401
Article_2872	Article_0010	link	327
Article_3057	Article_0029	link	387
Article_0016	Article_0065	link	38
other-internal	France	external	111
Article_2677	Article_0023	link	155
other-internal	Article_0137	external	280
other-internal	Article_3434	external	376
Article_2058	Article_0632	link	122
Article_2625	Article_0947	link	253
other-internal	Germany	external	55
Article_0496	Article_2984	link	131
Article_1010	Article_0468	link	425
Article_0878	Russia	link	197
Article_2053	Article_0042	link	179
Article_1556	Article_0013	link	430
Article_3927	Article_0557	link	406
other-search	Article_0027	other	40
Article_3956	Article_0342	link	176
Article_2625	Article_0159	link	292
other-internal	Article_2228	external	367
Article_2294	Article_0648	link	36
other-internal	United_States	external	370
Article_0739	Article_0832	link	391
Article_0236	Article_0803	link	293
Article_2718	Article_1243	link	431
Article_0823	China	link	463
other-internal	Article_0013	external	262
Article_0616	United_States	link	56
other-search	Article_0095	other	258
Article_1493	Article_2710	link	110
other-internal	Article_0149	external	392
Article_1722	Article_0518	link	142
Article_1476	Article_2448	link	442
other-internal	Article_0150	external	127
Article_1841	Article_0194	link	431
Article_1590	Article_0277	link	407
Article_1588	Article_0029	link	212
other-internal	Article_0094	external	139
Article_1570	Article_0617	link	127
Article_2707	Article_0357	link	124
Article_0897	Article_0106	link	331
Article_3421	Article_0135	link	121
Article_0296	Article_1603	link	283
Article_2158	India	link	424
Article_0086	Article_0273	link	80
Article_2935	Article_0010	link	78
other-internal	Article_0132	external	375
other-internal	Article_0654	external	60
Article_1140	Article_0169	link	344
Article_0417	Article_0076	link	315
Article_2629	Article_0275	link	200
Article_2396	United_States	link	429
Article_3016	Article_0022	link	451
Article_3440	Russia	link	339
Article_3410	YouTube	link	284
Article_2763	Article_0647	link	277
Article_2444	Article_0014	link	479
Article_1226	Article_1748	link	33
Article_3644	Article_0055	link	59
other-internal	Article_3092	external	201
other-internal	Article_0642	external	390
other-internal	Article_0858	external	146
Article_2516	Article_1416	link	293
Article_1553	Article_1486	link	177
Article_0163	India	link	295
other-internal	World_War_II	external	243
Article_3019	Article_0027	link	241
other-internal	Article_0468	external	309
Article_2563	Article_0756	link	310
Article_1997	Article_1321	link	450
Article_1766	Article_0055	link	378
other-internal	Article_0861	external	386
other-internal	Article_0394	external	234
Article_1484	Article_0212	link	142
other-internal	Article_3556	external	387
Article_1903	Article_0104	link	437
Article_3040	Article_3795	link	21
Article_2475	Article_1152	link	340
other-internal	United_States	external	276
other-search	Article_0041	other	265
other-internal	France	external	138
Article_0783	Article_3719	link	321
Article_0472	Article_0125	link	216
other-search	Article_0101	other	378
Article_1729	Article_2392	link	100
Article_3657	Article_0010	link	430
Article_0176	Article_0050	link	166
Article_1656	Article_0103	link	79
Article_3435	Article_0340	link	462
other-search	World_War_II	other	161
Article_2344	Article_0404	link	261
Article_0249	Article_0021	link	340
other-internal	Article_0539	external	204
other-internal	Article_0048	external	144
Article_3256	Article_0040	link	437
Article_0134	Article_1601	link	461
Article_2337	Article_0920	link	491
Article_2467	Article_2362	link	185
Article_1787	United_States	link	455
other-internal	Article_0935	external	296
other-internal	Article_0138	external	80
Article_0428	Article_1728	link	454
other-internal	Article_0266	external	22
other-internal	Article_2377	external	87
other-internal	Article_0037	external	224
Article_3895	YouTube	link	97
Article_3223	Article_0025	link	325
Article_1529	India	link	479
other-internal	Article_0270	external	27
Article_2392	Article_0070	link	421
other-internal	Article_2156	external	374
Article_3396	Article_0259	link	311
Article_3745	Article_0760	link	54
other-internal	Article_0251	external	36
Article_3272	World_War_II	link	436
other-internal	Article_0036	external	110
Article_1279	Article_0240	link	164
other-internal	China	external	382
Article_1744	Article_0507	link	380
Article_0648	Article_1107	link	335
Article_2304	Article_0153	link	423
Article_1962	Article_0277	link	172
Article_3232	Article_1459	link	136
Article_2328	Article_0126	link	341
Article_0623	Article_1772	link	158
other-internal	Article_0216	external	385
other-internal	Article_0044	external	130
Article_1384	Article_0636	link	39
Article_2742	Article_1324	link	22
other-internal	Article_0163	external	152
other-internal	YouTube	external	185
Article_1465	Article_0010	link	325
other-internal	Article_0145	external	24
Article_0064	Article_0055	link	479
Article_1179	YouTube	link	235
other-internal	Article_2789	external	387
Article_1254	Article_0131	link	254
other-internal	Article_0214	external	364
other-internal	Article_1284	external	173
other-internal	Article_0011	external	64
Article_1449	United_Kingdom	link	299
Article_1264	Article_0941	link	195
other-internal	Article_0198	external	375
Article_1395	Article_2280	link	341
other-search	Article_0010	other	153
other-search	Article_0180	other	358
Article_1577	Article_3483	link	365
Article_2186	United_States	link	387
Article_0562	Germany	link	187
Article_2876	Article_1450	link	329
Article_1520	Article_1392	link	203
Article_1466	Article_1779	link	127
other-search	Article_0701	other	306
other-internal	China	external	257
other-internal	Article_0014	external	87
other-internal	Article_0989	external	347
Article_3541	Article_0424	link	267
other-internal	Article_0114	external	227
other-internal	Article_0315	external	91
Article_0603	Article_0012	link	114
Article_1267	United_States	link	311
other-internal	World_War_II	external	12
Article_1822	Article_3684	link	241
other-internal	Article_2093	external	13
Article_1762	Article_0528	link	450
Article_2923	World_War_II	link	422
other-internal	Article_0163	external	264
other-internal	Article_0051	external	120
Article_3494	Article_0848	link	89
Article_1600	India	link	180
Article_0893	China	link	328
other-search	France	other	14
other-search	Article_0158	other	399
Article_1491	Canada	link	470
Article_1203	Article_0028	link	195
Article_3481	Article_0282	link	212
Article_2862	United_States	link	226
Article_3533	Article_3917	link	433
other-internal	Article_3941	external	187
Article_3641	Article_3844	link	348
other-internal	Article_0665	external	90
Article_1312	United_States	link	254
Article_1223	Article_0627	link	169
Article_0429	Article_1454	link	241
other-search	Article_0022	other	88
Article_1202	Article_0013	link	312
other-search	Article_0337	other	126
other-search	Article_0027	other	254
Article_3352	Article_3864	link	443
Article_2847	Article_0067	link	311
Article_0608	Article_0018	link	341
Article_0672	Article_0082	link	424
other-internal	Article_0114	external	134
other-internal	Article_0310	external	98
other-internal	France	external	287
other-internal	World_War_II	external	384
Article_3525	Canada	link	471
Article_1939	Article_0127	link	396
Article_0524	Article_1395	link	416
Article_2629	India	link	386
other-internal	World_War_II	external	171
Article_1724	Article_0161	link	415
Article_0277	Article_1267	link	225
other-internal	Article_0060	external	223
other-internal	United_Kingdom	external	89
other-search	Article_0053	other	359
other-internal	Article_0729	external	66
Article_0926	Article_2376	link	267
Article_1779	Article_1883	link	150
other-internal	Canada	external	23
Article_3859	Article_0108	link	196
other-internal	Article_0017	external	120
other-internal	Article_0310	external	327
Article_3775	Article_0970	link	232
Article_0449	YouTube	link	52
Article_0075	Article_0506	link	293
other-internal	Germany	external	192
other-internal	Article_0560	external	128
other-internal	Article_1637	external	208
other-internal	Article_0128	external	208
Article_2746	Article_0107	link	405
Article_2392	Article_0638	link	273
Article_1158	Article_1010	link	180
Article_3803	Article_0131	link	298
other-internal	Germany	external	91
Article_0694	Article_0350	link	288
other-search	Article_0428	other	35
other-internal	United_States	external	323
Article_1490	Article_2076	link	293
other-internal	Article_1779	external	215
other-search	Article_0038	other	26
Article_0633	Article_0086	link	448
Article_3253	Article_0018	link	158
Article_1517	Article_1341	link	343
Article_0180	Article_2929	link	456
Article_2366	Article_0388	link	413
Article_0276	India	link	98
other-internal	Article_0174	external	130
Article_1948	Article_2183	link	483
Article_3282	Article_1256	link	254
Article_3635	Article_0447	link	339
other-search	Article_3667	other	27
Article_1093	Article_0964	link	79
Article_1192	Article_0054	link	139
other-internal	Article_0140	external	391
Article_3770	Article_0183	link	484
Article_2563	Article_0085	link	445
Article_3655	United_States	link	100
Article_2826	Article_0191	link	58
Article_1904	Article_0619	link	384
Article_0921	India	link	334
Article_3369	Article_0045	link	473
Article_3866	Article_1378	link	148
Article_3114	United_Kingdom	link	479
other-internal	India	external	58
Article_3229	United_States	link	381
other-internal	Russia	external	61
Article_3533	Russia	link	226
Article_3476	Article_0060	link	264
Article_2036	Article_0665	link	461
Article_0022	Article_0143	link	341
other-internal	India	external	89
Article_2653	United_States	link	86
Article_2018	Article_0011	link	72
Article_0921	Article_1166	link	410
Article_0085	Article_0059	link	88
Article_2626	Article_1089	link	327
Article_1433	Article_0308	link	179
other-internal	Article_0337	external	216
Article_1266	Article_1528	link	130
Article_2214	Article_3040	link	145
other-internal	India	external	265
other-internal	Article_2591	external	164
Article_2678	Article_0049	link	299
Article_1712	Article_0483	link	161
Article_0327	Article_0014	link	171
other-search	Article_0482	other	383
other-internal	YouTube	external	107
other-internal	Article_0117	external	281
other-internal	Article_2773	external	394
Article_2131	Article_0021	link	124
Article_1302	United_Kingdom	link	182
Article_2810	United_Kingdom	link	272
Article_1313	China	link	312
Article_2318	World_War_II	link	343
Article_1094	Article_1880	link	92
other-internal	United_States	external	13
Article_1992	Article_0128	link	205
Article_0914	Article_1345	link	463
Article_3004	Germany	link	213
Article_0594	Article_2103	link	34
other-internal	Article_1996	external	86
Article_1375	World_War_II	link	354
other-internal	India	external	113
other-internal	Article_0498	external	293
Article_3398	India	link	272
Article_0114	Article_0277	link	413
other-internal	Article_0066	external	190
Article_1890	Canada	link	488
other-internal	Article_0030	external	21
Article_3640	Article_1962	link	192
other-internal	Article_1781	external	64
Article_3877	Article_0027	link	426
other-internal	Article_0040	external	257
Article_3058	Article_3217	link	71
Article_1569	Article_2449	link	370
Article_1078	Article_0423	link	87
other-internal	United_States	external	373
Article_1689	Article_0013	link	366
Article_0607	United_States	link	261
Article_0366	Article_0621	link	457
Article_2066	Article_2100	link	178
other-internal	Article_0132	external	195
other-internal	Article_0109	external	268
Article_0618	Article_0015	link	298
Article_3268	Article_0846	link	18
Article_2661	Article_1476	link	97
other-internal	Article_0020	external	110
Article_1598	Article_2287	link	93
other-internal	Russia	external	123
other-internal	World_War_II	external	117
Article_1089	Article_0035	link	368
Article_2983	Article_0807	link	345
Article_1988	Article_0320	link	238
Article_3232	Article_3511	link	360
Article_2163	United_States	link	100
Article_0661	Article_0210	link	74
other-internal	Article_0919	external	120
other-internal	Article_0054	external	388
Article_2813	China	link	155
Article_3194	Article_0078	link	90
Article_1223	Article_2144	link	200
other-internal	China	external	131
Article_3381	Article_0861	link	57
other-internal	Article_1942	external	98
other-internal	Article_0437	external	153
Article_2344	Article_0092	link	10
Article_1393	Article_0454	link	104
other-internal	Article_0058	external	79
Article_0131	Article_1112	link	264
Article_2329	Article_0010	link	205
Article_3791	Article_0066	link	89
Article_3635	Article_1898	link	404
Article_3961	Article_2765	link	204
other-internal	Article_0050	external	245
Article_2590	Article_0039	link	151
Article_0890	Article_0877	link	38
other-internal	Article_0014	external	204
other-internal	India	external	35
other-internal	Article_0036	external	345
Article_2952	Article_0577	link	337
Article_2847	Article_0151	link	281
Article_1703	Article_0015	link	23
Article_1083	Article_0073	link	300
Article_1303	Russia	link	436
Article_0474	Article_1101	link	122
Article_0616	Article_0708	link	237
Article_0465	Article_0709	link	51
other-search	Article_0121	other	349
Article_2783	Article_3354	link	480
Article_0570	Article_0035	link	99
other-internal	Article_0027	external	356
Article_0924	Article_1304	link	447
Article_3568	Article_0110	link	200
Article_3814	Article_0300	link	413
Article_2091	Article_0026	link	159
Article_3838	Article_3001	link	206
Article_2675	United_States	link	149
Article_1635	Article_0047	link	61
Article_0272	Article_1368	link	413
Article_2483	Article_3512	link	255
other-internal	Article_0141	external	345
other-internal	Article_3069	external	95
Article_2000	Article_3538	link	365
other-internal	Article_0049	external	305
Article_3974	Article_3078	link	382
Article_2160	Article_1152	link	202
Article_3539	Article_0022	link	229
Article_0688	Article_0630	link	205
other-internal	Article_1133	external	272
Article_1095	Article_0568	link	187
Article_2276	Article_0391	link	47
other-internal	Article_3785	external	24
Article_0072	Article_1765	link	415
Article_3812	Article_1289	link	119
Article_0560	Article_0449	link	184
Article_0069	Article_0046	link	26
Article_1845	Article_1489	link	425
Article_1617	Article_0822	link	498
Article_0361	Article_1236	link	311
Article_2839	Article_1129	link	255
Article_3776	Article_1939	link	424
other-internal	Article_0707	external	35
other-internal	Article_0030	external	184
other-internal	Article_0036	external	332
Article_0401	Article_0093	link	145
other-internal	France	external	371
Article_3092	Article_0101	link	40
Article_3727	United_States	link	16
Article_0607	France	link	308
Article_3996	Article_0079	link	349
Article_2680	Article_0717	link	311
other-internal	Article_0029	external	210
Article_2657	Article_1294	link	325
other-internal	Article_3486	external	13
Article_1791	India	link	444
Article_0517	Article_0056	link	319
Article_2010	United_States	link	154
Article_0559	Article_2301	link	187
other-internal	Article_0522	external	178
other-internal	Article_2618	external	391
other-internal	United_States	external	49
Article_3379	Article_0274	link	393
Article_2933	Article_0072	link	449
Article_3282	World_War_II	link	62
Article_1896	Article_0497	link	191
Article_3856	World_War_II	link	159
other-internal	Article_1433	external	147
Article_1116	Article_3493	link	76
Article_2795	Article_0381	link	426
other-internal	Article_0023	external	228
Article_0032	Article_1723	link	377
Article_0808	Article_2857	link	275
other-internal	Article_0129	external	258
Article_3402	Article_0015	link	151
Article_3715	Article_0402	link	365
other-internal	Article_0156	external	72
other-internal	Article_0408	external	276
other-internal	Article_2145	external	243
other-internal	Article_0011	external	255
other-search	Article_2110	other	124
other-internal	United_Kingdom	external	306
other-internal	Article_0026	external	37
Article_2897	Article_0014	link	332
Article_1857	Article_0442	link	242
other-search	World_War_II	other	102
other-internal	Article_0222	external	211
other-internal	Article_0545	external	399
other-internal	Article_0061	external	58
Article_3636	Article_0375	link	132
Article_3431	Article_1534	link	194
Article_1388	Article_1983	link	370
other-internal	Article_3643	external	152
Article_1854	Article_2299	link	305
Article_1071	Article_0344	link	164
Article_0450	Article_0074	link	145
Article_2293	Article_0107	link	295
Article_3124	China	link	242
other-internal	YouTube	external	349
Article_1930	World_War_II	link	196
other-internal	Article_0021	external	235
Article_1179	United_States	link	206
Article_2322	World_War_II	link	125
other-internal	China	external	308
Article_0609	Article_0013	link	304
other-internal	Article_0131	external	125
Article_3270	Article_1242	link	252
Article_2433	Article_1401	link	195
Article_0234	China	link	185
Article_0953	Article_0507	link	287
Article_2477	Article_0667	link	131
Article_2105	YouTube	link	380
Article_2888	Article_0018	link	193
Article_3618	Article_2194	link	315
other-search	Article_1870	other	170
Article_2890	Article_0047	link	184
Article_3553	Article_0025	link	140
other-internal	Russia	external	277
Article_3473	Germany	link	182
Article_1113	India	link	184
Article_0410	Article_0017	link	23
other-search	Article_1684	other	57
other-internal	Russia	external	214
Article_2026	Article_1664	link	318
Article_2432	Article_0053	link	260
other-internal	Article_2898	external	36
Article_0784	Article_1893	link	34
other-internal	Article_0462	external	138
Article_2730	Article_0459	link	348
other-internal	Article_1009	external	76
other-internal	China	external	46
Article_3741	World_War_II	link	268
Article_0719	Article_0280	link	40
other-internal	Article_0019	external	40
Article_0556	Article_0965	link	16
other-internal	Article_0103	external	27
Article_1996	Article_3811	link	43
Article_0194	United_States	link	140
Article_3818	United_Kingdom	link	494
Article_2725	United_States	link	462
other-internal	Article_0171	external	41
other-internal	Article_0123	external	281
Article_3612	Article_1035	link	442
Article_0795	Article_0129	link	403
other-internal	Article_0630	external	145
other-internal	Article_0036	external	116
Article_1920	Article_3396	link	465
Article_2568	Article_0013	link	251
Article_1237	Article_0335	link	147
other-internal	Article_1986	external	345
Article_1024	Article_0839	link	392
Article_2842	Canada	link	281
other-internal	YouTube	external	34
other-internal	Article_2945	external	387
other-internal	Article_0057	external	268
Article_3751	Article_0089	link	259
other-internal	Article_0029	external	82
Article_2948	Article_0333	link	482
Article_0258	Article_0030	link	108
Article_0534	Article_0325	link	313
Article_1166	Article_0033	link	429
Article_0366	United_States	link	317
Article_0518	Article_0010	link	332
Article_2386	United_Kingdom	link	202
Article_3325	China	link	172
Article_2998	Article_1211	link	263
Article_3057	Article_3762	link	95
other-internal	India	external	251
Article_1826	Article_0117	link	397
Article_0486	Article_0016	link	10
Article_3520	Article_0482	link	490
Article_0876	Article_0418	link	435
Article_1730	Article_0010	link	305
Article_3542	United_States	link	486
other-internal	Article_0352	external	187
Article_0992	Article_0071	link	171
other-internal	Article_0341	external	331
other-internal	Article_0168	external	191
other-search	Article_0566	other	115
Article_0403	Article_2659	link	377
Article_3460	Article_0092	link	315
Article_3320	Article_0833	link	315
Article_1263	United_States	link	241
other-internal	India	external	278
Article_0952	United_States	link	351
other-internal	Article_0485	external	162
Article_3256	World_War_II	link	481
Article_2445	United_States	link	155
other-internal	Article_0013	external	221
Article_1288	Article_0072	link	413
Article_3433	Article_1342	link	97
Article_0553	India	link	53
other-internal	India	external	22
Article_1497	Canada	link	266
other-internal	China	external	44
other-internal	Article_0035	external	282
Article_3043	Article_0088	link	495
Article_3873	Article_0233	link	307
Article_3689	Article_2413	link	230
Article_2514	Article_0011	link	279
Article_0683	Article_0056	link	270
Article_2483	Article_1974	link	168
other-internal	Article_0825	external	208
Article_1456	Article_0895	link	83
Article_3271	Article_2073	link	91
Article_3614	Article_0021	link	113
Article_0281	Article_0409	link	132
other-internal	Article_2883	external	340
Article_2283	Article_0222	link	471
Article_1662	Article_0283	link	145
other-internal	India	external	183
Article_3530	Article_0668	link	403
Article_1868	Article_0104	link	163
other-internal	World_War_II	external	352
other-internal	Article_0016	external	397
Article_2772	Article_0089	link	245
Article_0055	United_States	link	288
other-internal	Article_0010	external	370
Article_3792	Article_0118	link	368
other-internal	Article_0159	external	50
Article_2053	China	link	181
Article_1472	Article_3302	link	440
other-internal	Article_0091	external	16
Article_1307	Germany	link	233
Article_0919	Article_3522	link	428
Article_3509	Article_0026	link	211
Article_2825	Article_0334	link	66
Article_1387	Article_0175	link	264
Article_3076	Article_1226	link	178
other-internal	Article_0118	external	316
other-internal	Article_0763	external	64
Article_2153	Article_0801	link	36
other-internal	Canada	external	240
other-internal	Article_1606	external	140
Article_2853	Article_0355	link	375
Article_0048	Article_0041	link	227
Article_1359	Article_0925	link	234
other-internal	Article_0011	external	71
Article_3573	Article_0039	link	52
other-internal	United_States	external	381
Article_3509	Article_0212	link	25
Article_2917	Article_0069	link	225
other-internal	Article_2839	external	190
other-internal	United_States	external	332
other-internal	Article_0771	external	206
other-internal	India	external	230
Article_0939	Article_1883	link	188
Article_0874	Article_0167	link	312
other-internal	Article_0761	external	273
Article_0916	Germany	link	347
other-internal	Article_3541	external	36
Article_2475	Article_1213	link	295
Article_3864	Article_3761	link	447
Article_1474	Article_0235	link	429
Article_3297	Article_3984	link	83
other-internal	Article_0163	external	352
Article_2914	Article_2056	link	277
Article_1548	Article_2791	link	418
other-internal	Article_0014	external	140
other-internal	Article_0955	external	214
other-internal	Article_0197	external	340
Article_2711	India	link	419
other-search	United_States	other	116
Article_2403	Article_0368	link	101
other-search	Article_0330	other	289
other-internal	Article_2286	external	27
Article_2255	Article_1673	link	478
other-internal	Article_0109	external	24
Article_2838	Article_1263	link	490
Article_1386	Article_3879	link	475
Article_3484	Article_1680	link	488
Article_3856	Article_3657	link	348
Article_1364	Article_2876	link	382
Article_1993	Article_0027	link	383
Article_0794	Article_0010	link	109
Article_1462	Article_0243	link	48
other-internal	Canada	external	150
other-internal	Article_0174	external	398
Article_3321	World_War_II	link	208
Article_2173	Article_0142	link	71
other-internal	Article_1358	external	111
Article_1456	Article_0059	link	367
Article_2166	Article_2813	link	377
other-internal	India	external	55
Article_2229	Article_0824	link	312
Article_2999	World_War_II	link	204
Article_1724	Article_0087	link	70
other-internal	United_States	external	156
other-internal	Article_2775	external	79
Article_2604	Article_0287	link	181
Article_1641	Article_1039	link	406
other-internal	China	external	122
Article_3292	India	link	294
Article_1270	Article_2522	link	152
Article_3102	Article_0020	link	213
Article_0021	Article_0075	link	373
other-internal	Russia	external	72
other-search	Article_2209	other	121
Article_1846	Article_0602	link	255
Article_3839	Article_0860	link	129
Article_2894	Article_0020	link	171
Article_3213	Article_3384	link	290
Article_1987	Article_0188	link	231
Article_2259	Article_0337	link	221
Article_1474	Article_0195	link	481
Article_1963	Article_0094	link	261
other-internal	Germany	external	239
Article_1138	World_War_II	link	493
Article_2335	India	link	267
other-internal	Article_0402	external	148
Article_0939	World_War_II	link	236
Article_0497	Article_2303	link	342
other-internal	Article_3891	external	355
other-search	United_States	other	179
Article_3387	Article_1004	link	220
Article_1814	Article_0621	link	134
Article_2741	United_Kingdom	link	41
Article_1362	Article_0051	link	347
Article_0752	Article_2187	link	456
Article_3626	Article_0131	link	218
Article_0869	Article_0726	link	460
Article_1420	United_States	link	124
Article_2328	Article_0079	link	303
Article_0724	United_States	link	184
other-internal	Article_0011	external	353
other-internal	Article_1308	external	49
Article_3688	United_States	link	454
Article_2473	United_States	link	361
Article_3904	Article_0356	link	49
Article_2153	Article_0984	link	85
Article_0053	World_War_II	link	494
other-internal	Article_0055	external	295
other-search	Article_1439	other	321
Article_3559	Article_0010	link	34
Article_1302	Article_0034	link	424
Article_1334	Article_0616	link	237
Article_2646	Article_0891	link	102
other-internal	Germany	external	92
other-internal	Article_0118	external	227
Article_3814	Article_3487	link	331
other-internal	Article_1436	external	138
other-search	Article_0061	other	172
Article_2469	Article_0337	link	440
other-internal	Article_0239	external	17
Article_2510	Article_0180	link	152
other-internal	Article_0103	external	91
Article_0390	Article_1271	link	479
Article_0356	China	link	350
Article_3363	Article_0011	link	272
other-internal	Article_3693	external	132
Article_3600	Article_0139	link	480
Article_1434	Article_0040	link	311
Article_1261	Article_3518	link	53
other-internal	Article_2260	external	45
Article_3476	United_States	link	294
Article_2326	United_Kingdom	link	227
Article_3625	Article_0814	link	186
Article_3781	World_War_II	link	70
other-internal	United_States	external	313
Article_0982	Article_3365	link	221
Article_0801	Article_0014	link	60
other-internal	Article_0104	external	35
Article_3977	Article_0021	link	484
Article_0226	Article_0043	link	90
other-internal	Article_1279	external	320
Article_0051	Article_3837	link	82
other-internal	China	external	209
Article_3324	Article_0676	link	337
Article_1139	Article_0586	link	420
Article_3220	Article_0434	link	57
other-internal	United_States	external	183
other-internal	Article_0015	external	285
other-internal	United_States	external	318
Article_0420	Article_0321	link	285
Article_0520	China	link	143
Article_1725	Article_0245	link	78
Article_0350	Article_1857	link	51
Article_1604	Article_0283	link	54
Article_2315	World_War_II	link	200
other-internal	Article_0344	external	131
Article_3463	Article_1407	link	65
other-search	YouTube	other	297
other-internal	Article_0035	external	313
Article_1220	Article_0021	link	270
Article_1800	Article_0067	link	340
other-internal	Article_1896	external	44
other-internal	Article_0110	external	86
Article_3692	Article_0016	link	125
Article_2465	Article_0062	link	138
other-internal	Germany	external	82
other-search	Article_1291	other	354
Article_1015	Article_0300	link	52
other-search	Article_0168	other	22
Article_2122	Article_2947	link	323
other-internal	Article_0911	external	127
Article_0967	Article_0407	link	112
other-internal	India	external	373
Article_1599	Article_0140	link	486
other-internal	Article_0593	external	249
other-internal	Article_0200	external	362
other-internal	Article_0056	external	201
Article_2407	Article_0026	link	452
Article_0293	India	link	174
other-internal	Article_0059	external	103
Article_0728	Article_2600	link	92
other-internal	United_States	external	352
Article_0188	Article_3147	link	63
Article_3304	Article_0309	link	369
other-internal	Article_0096	external	366
other-internal	Article_0137	external	131
Article_2369	United_States	link	265
Article_3967	Article_2098	link	469
Article_0161	Article_0814	link	297
Article_1657	Article_1778	link	383
Article_0778	Article_1254	link	22
Article_2757	Article_0141	link	156
other-internal	United_States	external	72
Article_0441	Article_0155	link	99
other-search	Article_1133	other	258
Article_0122	Article_0015	link	254
Article_0963	Article_0295	link	235
Article_2159	World_War_II	link	99
other-internal	Article_0455	external	320
other-search	France	other	288
other-internal	Article_0094	external	234
Article_1222	Article_2224	link	222
other-internal	Article_1199	external	284
Article_3301	Article_2210	link	347
other-internal	Article_0142	external	124
Article_0462	Article_1908	link	28
other-internal	Article_3147	external	240
other-internal	Article_3774	external	394
Article_1719	India	link	462
other-internal	Article_0037	external	310
United_States	Canada	link	400
Article_2681	India	link	304
other-internal	Article_1345	external	302
Article_3945	Article_0012	link	187
other-internal	France	external	290
Article_3964	Article_1263	link	385
Article_2292	United_States	link	65
other-internal	Article_1521	external	79
Article_2884	Article_0202	link	458
Article_3962	Article_0304	link	382
Article_1719	Article_0122	link	90
other-internal	Article_0222	external	209
Article_3897	Article_2354	link	342
Article_0584	Article_0227	link	14
Article_0841	Article_0017	link	140
Article_3265	YouTube	link	333
other-internal	Article_0530	external	104
other-internal	Article_0188	external	51
Article_3080	Article_3199	link	277
Article_2601	World_War_II	link	328
Article_0466	Article_1961	link	314
Article_2415	Article_3803	link	388
Article_3797	Article_0410	link	359
Article_0301	India	link	66
Article_0324	Article_0032	link	246
Article_2723	Article_0028	link	42
other-internal	Article_0632	external	98
Article_1719	Article_0538	link	290
other-internal	Article_0928	external	32
Article_0291	Article_0958	link	377
Article_2196	Article_0227	link	236
Article_1292	Article_0170	link	231
Article_2554	YouTube	link	263
Article_0056	Article_0152	link	497
Article_0214	Article_0017	link	495
Article_1216	Article_0115	link	214
Article_0348	France	link	301
Article_1639	Article_0508	link	227
Article_2619	Article_0068	link	126
Article_1242	Article_0110	link	237
other-internal	India	external	321
Article_1026	Article_0031	link	120
Article_2445	Article_0011	link	245
Article_2718	Article_0132	link	440
other-internal	Article_0021	external	64
other-search	Article_0325	other	343
Article_1073	Article_0045	link	476
Article_0353	Article_1188	link	458
other-internal	United_States	external	394
Article_0525	Canada	link	423
Article_2439	Article_0136	link	98
Article_2343	Article_0122	link	119
other-internal	India	external	372
other-internal	Article_1293	external	381
Article_0533	Russia	link	115
Article_2437	Article_1115	link	12
other-internal	Article_2667	external	98
Article_3354	China	link	122
Article_2334	Article_1197	link	200
Article_2269	YouTube	link	128
Article_3083	China	link	184
Article_0586	Article_0034	link	354
other-internal	Article_0038	external	261
other-internal	Article_0039	external	358
Article_1656	Article_0509	link	317
other-search	Article_0163	other	110
Article_2337	Article_1727	link	278
other-search	Article_0027	other	339
Article_3738	Article_0164	link	52
other-internal	Article_0025	external	221
Article_0359	Article_0285	link	219
Article_2665	Article_0487	link	349
Article_2043	Article_0996	link	92
Article_2486	Article_0575	link	43
Article_2876	Article_0042	link	378
other-internal	Canada	external	199
other-internal	Article_0523	external	370
Article_1575	Article_3915	link	94
other-internal	Article_0614	external	67
other-internal	United_States	external	335
Article_3546	Article_0027	link	267
other-internal	Article_1349	external	256
Article_3452	Article_0386	link	220
Article_0502	Article_0123	link	495
Article_2116	Article_0547	link	402
other-internal	Article_2834	external	116
Article_1881	Article_2795	link	407
other-search	Article_2304	other	140
Article_0866	Article_0708	link	54
Article_3050	Article_0059	link	159
Article_1271	Article_0342	link	402
Article_3604	Article_2864	link	16
Article_0116	Article_0120	link	424
Article_1605	Article_0985	link	26
Article_1369	Article_2750	link	372
Article_3410	Article_0013	link	498
other-internal	Article_0044	external	29
Article_2037	Article_0082	link	243
Article_2249	Article_0233	link	160
other-internal	Article_1497	external	270
Article_0130	China	link	173
other-internal	United_States	external	272
Article_3177	United_Kingdom	link	457
other-internal	Article_0020	external	340
other-internal	Article_0026	external	146
Article_2652	Article_2554	link	279
Article_1709	World_War_II	link	452
Article_2657	Article_1777	link	489
Article_0514	Article_0267	link	83
Article_3679	Article_0224	link	366
Article_1471	Article_0342	link	461
other-internal	Article_0940	external	148
other-internal	Article_0031	external	236
other-internal	Article_3120	external	57
Article_1866	Article_0477	link	305
Article_2835	Article_0123	link	218
other-internal	Article_0027	external	81
Article_2617	Article_0155	link	267
Article_1948	Article_0327	link	397
Article_0171	Article_0107	link	176
other-search	Article_0023	other	47
Article_3627	Article_0101	link	428
Article_0097	Article_0631	link	197
Article_3911	Article_0119	link	427
Article_2932	Article_0127	link	428
Article_3685	United_States	link	378
Article_3120	World_War_II	link	343
Article_0640	Article_0014	link	392
Article_1036	YouTube	link	386
Article_2980	Article_1987	link	140
Article_1920	Article_0113	link	48
Article_2414	United_States	link	192
Article_0153	Article_0202	link	449
Article_2962	Article_0401	link	174
other-internal	Article_0114	external	198
Article_0619	Article_0025	link	108
Article_0457	Article_1459	link	146
Article_3247	Article_2909	link	18
Article_2869	Article_2442	link	315
other-internal	Article_0156	external	20
Article_2814	Article_0503	link	332
Article_1135	Article_1840	link	89
Article_1532	Article_0803	link	153
Article_0798	Article_0011	link	353
Article_3117	Article_0076	link	450
Article_3004	World_War_II	link	112
other-internal	Article_0096	external	382
other-internal	Article_0122	external	306
other-internal	China	external	292
Article_2261	United_Kingdom	link	336
other-search	Article_1043	other	209
Article_0148	Article_0089	link	211
Article_0167	Article_0134	link	35
other-search	Article_0514	other	128
Article_1373	Article_0807	link	162
Article_1171	Article_0075	link	89
Article_2237	Article_0017	link	322
other-internal	Article_3202	external	326
other-internal	Article_0014	external	180
other-internal	Article_0825	external	195
Article_3182	Article_0038	link	465
other-internal	Article_1169	external	270
Article_0339	YouTube	link	482
Article_0559	Article_1970	link	375
Article_2712	Article_3430	link	382
Article_0643	Article_1446	link	399
Article_0262	Article_0017	link	127
other-internal	Article_1027	external	112
Article_1167	Article_0974	link	63
other-internal	Article_0066	external	167
Article_0149	Article_0127	link	24
Article_3869	Article_0196	link	488
Article_0758	Article_0108	link	449
other-internal	Article_0137	external	154
Article_3823	United_States	link	256
Article_2956	Germany	link	263
Article_3857	Article_2105	link	333
Article_0155	Article_0063	link	362
other-internal	Article_0767	external	64
Article_0969	Article_0196	link	326
Article_3705	France	link	188
other-internal	United_States	external	52
other-internal	Article_0010	external	386
Article_3058	United_States	link	28
Article_3050	Article_0200	link	336
other-search	Article_1863	other	395
Article_0303	Article_0401	link	313
Article_3555	Article_0077	link	196
other-internal	United_States	external	392
other-internal	Article_0024	external	174
other-internal	United_States	external	123
Article_3004	Article_0055	link	225
Article_2590	Article_1299	link	160
Article_1738	World_War_II	link	481
Article_1156	Article_0025	link	61
other-internal	Article_1125	external	323
other-internal	Article_1527	external	227
Article_3667	Article_0013	link	40
Article_2254	Article_1256	link	411
Article_3506	Article_0013	link	464
other-internal	Article_2941	external	104
United_Kingdom	India	link	373
other-search	Article_0034	other	350
Article_3627	Article_0015	link	182
Article_2844	World_War_II	link	300
Article_1007	Article_0326	link	15
other-internal	Article_0042	external	141
other-internal	Article_0037	external	378
other-internal	Germany	external	25
Article_2923	Article_0014	link	353
other-internal	United_Kingdom	external	280
Article_3522	Article_2521	link	260
other-internal	Article_0086	external	78
other-internal	Article_0010	external	363
other-search	Article_1410	other	295
Article_0030	Article_1234	link	126
other-internal	China	external	80
Article_1297	World_War_II	link	170
Article_0994	Article_1110	link	208
Article_0906	United_Kingdom	link	144
Article_1682	Article_2272	link	391
Article_3650	Article_3575	link	213
Article_3516	Article_1432	link	158
other-internal	Article_3392	external	107
other-internal	Article_0113	external	140
Article_2024	Article_0014	link	371
other-internal	Article_0414	external	127
other-internal	Article_0477	external	205
other-internal	Article_0112	external	191
Article_1387	Article_1444	link	434
Article_1290	YouTube	link	339
Article_0806	India	link	441
Article_0218	Article_0029	link	433
Article_3172	India	link	333
Article_0558	Article_2972	link	18
Article_3781	Article_0010	link	30
Article_3775	Article_0201	link	418
Article_3262	Article_0872	link	367
Article_3128	United_States	link	338
Article_2065	Article_0020	link	347
Article_1592	YouTube	link	174
other-internal	Article_0413	external	118
other-internal	India	external	226
Article_3106	Article_0270	link	413
Article_3957	Article_0027	link	140
Article_1475	Article_0464	link	398
other-internal	United_Kingdom	external	229
Article_3993	Article_0398	link	416
Article_1703	Article_3831	link	383
Article_2450	Article_0665	link	55
Article_1944	Article_0072	link	188
other-search	United_States	other	214
Article_2834	Article_0452	link	228
Article_3742	Article_2405	link	227
Article_0439	Russia	link	243
other-internal	Article_3028	external	373
other-internal	Article_0152	external	119
Article_1189	India	link	25
Article_2573	Article_0025	link	351
other-internal	Article_0914	external	159
other-internal	India	external	376
Article_1291	Article_2653	link	10
Article_3598	United_States	link	19
other-internal	Article_0019	external	384
Article_2203	Article_0140	link	173
Article_1512	Article_0635	link	218
Article_1267	Article_0051	link	396
Article_2994	World_War_II	link	237
Article_0988	Article_0032	link	266
Article_3328	Article_0073	link	435
Article_1198	India	link	32
Article_2018	Article_0621	link	249
Article_0865	Article_0437	link	248
Article_1444	Article_0035	link	166
other-internal	Article_1447	external	170
other-internal	Article_1339	external	225
Article_1680	China	link	417
Article_1043	Article_0011	link	32
Article_3279	Article_0283	link	488
Article_0478	Article_0061	link	123
Article_3892	Article_1736	link	252
other-internal	Article_0958	external	262
other-internal	Article_1011	external	325
Article_0034	Article_0025	link	447
other-internal	United_States	external	335
Article_0028	United_States	link	159
Article_3640	France	link	473
other-internal	Article_0191	external	291
other-search	Article_0023	other	64
Article_1894	Canada	link	431
Article_0239	Article_0069	link	143
Article_2370	Article_1317	link	19
Article_2892	China	link	54
Article_2387	Article_0015	link	248
Article_2872	Article_0040	link	45
Article_2091	Article_0088	link	263
Article_2172	Article_0054	link	413
other-internal	Article_0676	external	343
Article_3506	United_States	link	285
Article_2935	Article_1924	link	160
other-internal	Article_3331	external	233
Article_2142	Article_1708	link	105
Article_3483	Article_0511	link	301
Article_0021	Article_3003	link	386
other-internal	Article_1805	external	286
Article_0857	United_States	link	360
other-search	Article_3514	other	331
Article_0871	Article_3867	link	386
Article_1128	India	link	45
other-internal	Article_0025	external	22
other-internal	Article_1556	external	331
other-internal	United_States	external	307
Article_3083	United_States	link	317
other-internal	Article_2878	external	308
Article_2022	Article_1625	link	401
Article_3720	Article_0028	link	181
Article_2410	Article_0062	link	471
Article_0837	Article_0310	link	131
other-internal	Article_3313	external	334
Article_2534	Article_0411	link	432
Article_1372	Article_0015	link	190
Article_0236	Article_1471	link	496
other-internal	Article_1456	external	258
other-internal	United_States	external	324
Article_2822	Article_2770	link	69
other-internal	United_States	external	243
Article_3694	France	link	469
Article_1574	Article_1553	link	68
Article_0851	United_States	link	101
other-internal	YouTube	external	11
other-internal	Article_0182	external	267
Article_0926	Article_0082	link	22
other-internal	Article_3860	external	138
Article_2741	Article_0101	link	276
Article_1204	Article_0058	link	376
other-internal	Article_1113	external	30
Article_3063	United_States	link	160
Article_0586	YouTube	link	174
Article_2639	India	link	390
Article_1742	United_States	link	137
other-internal	Article_0037	external	95
Article_2394	Article_0144	link	32
other-internal	Article_0759	external	381
other-internal	Article_1035	external	24
Article_3075	World_War_II	link	321
other-internal	Article_0015	external	20
Article_0888	YouTube	link	387
Article_3747	Article_0052	link	125
Article_0483	Article_0025	link	225
Article_0184	Article_0653	link	46
Article_1939	Article_0141	link	473
Article_0319	Article_0165	link	421
other-internal	Article_0062	external	121
Article_0440	United_States	link	403
other-internal	Article_0040	external	298
other-internal	Article_0056	external	168
Article_2656	Article_0521	link	89
other-internal	Article_0749	external	269
other-internal	Article_0052	external	176
Article_3289	China	link	441
Article_0170	Article_0302	link	379
other-internal	United_States	external	352
other-search	Article_0853	other	176
Article_2853	Article_0013	link	353
Article_0487	Article_0727	link	190
Article_0548	India	link	71
other-internal	Article_0043	external	325
Article_3776	Article_0164	link	149
Article_2092	Article_0032	link	454
Article_0489	Article_0187	link	288
Article_0618	Article_0232	link	424
Article_3632	Article_0041	link	334
Article_2782	United_States	link	20
other-internal	Article_0019	external	49
Article_1942	Article_2484	link	134
Article_3499	Article_0030	link	95
Article_2452	Article_0110	link	92
other-internal	United_States	external	170
Article_2063	Article_0326	link	258
Article_3264	Article_0866	link	61
Article_1007	Article_1592	link	459
other-search	Article_0116	other	348
Article_2055	Article_0579	link	349
other-internal	Article_0384	external	181
Article_1174	India	link	60
other-internal	Article_3159	external	99
Article_3853	Article_3031	link	402
Article_0066	Article_0851	link	218
other-internal	Article_0121	external	216
other-internal	United_States	external	49
Article_0503	Article_2015	link	351
other-internal	Article_0040	external	35
other-internal	India	external	142
other-internal	Article_0272	external	108
Article_0450	Article_0095	link	243
other-internal	United_Kingdom	external	331
other-internal	Canada	external	55
Article_1114	Article_0021	link	145
other-internal	Article_3125	external	185
other-internal	Article_0036	external	16
other-internal	Article_1049	external	228
Article_2794	Article_0067	link	414
Article_2404	Article_1456	link	476
Article_2216	Article_1349	link	406
other-internal	Article_0017	external	274
other-internal	Article_0210	external	297
Article_1330	Article_0126	link	384
other-search	Article_0392	other	225
Article_2480	India	link	314
other-internal	China	external	353
other-internal	Article_1494	external	104
other-internal	Article_0686	external	388
Article_0422	Article_0287	link	109
Article_0243	Article_0137	link	230
Article_3350	Article_0103	link	189
Article_2742	Article_0229	link	135
other-internal	Article_0064	external	22
Article_3176	Article_0041	link	215
Article_2960	Article_0019	link	259
other-internal	Article_0011	external	178
Article_2441	Article_0088	link	211
Article_1175	World_War_II	link	380
Article_0428	Germany	link	26
Article_2082	World_War_II	link	151
Article_2406	United_States	link	472
Article_2950	India	link	257
Article_2803	France	link	285
other-search	Article_0295	other	203
other-internal	Article_0090	external	240
other-internal	Article_0058	external	229
Article_3101	Article_2450	link	401
Article_2660	Article_0028	link	136
other-internal	YouTube	external	72
Article_3847	United_States	link	25
Article_3833	Article_1779	link	142
Article_1264	Article_1083	link	87
Article_3445	Germany	link	259
Article_1046	Article_1531	link	165
Article_2459	Article_3190	link	190
Article_2104	Article_0159	link	275
Article_1575	Article_0331	link	179
Article_2206	Article_0036	link	19
Article_2522	Article_0706	link	213
Article_0201	Article_1331	link	101
Article_2359	United_States	link	358
other-internal	Article_2615	external	154
Article_3069	Article_2427	link	229
other-internal	Article_0131	external	234
Article_3028	Article_2167	link	167
other-internal	Article_0160	external	96
Article_1400	Article_0347	link	162
other-search	Russia	other	283
Article_3059	Article_0022	link	42
Article_3562	France	link	200
other-internal	Article_2369	external	296
other-internal	United_States	external	46
Article_1852	Article_3737	link	56
Article_0465	Article_0087	link	168
other-search	Article_0199	other	24
other-internal	YouTube	external	82
other-search	Article_3947	other	367
Article_0313	Article_0028	link	332
Article_1950	Article_0021	link	488
other-internal	Article_0168	external	230
Article_0358	Article_0049	link	224
other-internal	United_States	external	291
Article_0719	Article_1748	link	291
Article_2310	India	link	25
Article_1808	Germany	link	377
Article_3018	Article_0141	link	389
other-internal	Article_0366	external	382
Article_0508	Article_0914	link	424
Article_0915	India	link	432
other-internal	Article_0179	external	399
Article_2820	Article_0201	link	225
other-internal	Article_1895	external	44
other-internal	Article_0065	external	307
Article_0334	United_States	link	492
Article_3214	India	link	297
Article_0164	Article_1795	link	445
Article_2965	United_States	link	331
other-search	Article_3866	other	216
Article_2165	Article_0413	link	412
Article_1296	United_States	link	244
other-internal	Article_0042	external	323
Article_3876	Article_0479	link	269
Article_3073	Article_0154	link	164
Article_0773	India	link	397
other-internal	United_States	external	261
Article_3751	Article_0384	link	476
Article_2621	Article_0419	link	48
Article_2294	United_States	link	385
other-internal	Article_0044	external	232
Article_0305	Article_0790	link	174
Article_3666	Article_2573	link	229
Article_3797	Article_0816	link	192
Article_1069	Article_1101	link	137
other-internal	Article_0166	external	27
Article_0020	Article_2933	link	290
Article_3262	Article_0263	link	364
Article_0441	World_War_II	link	454
Article_0045	Article_1139	link	470
other-internal	Article_2993	external	148
other-search	Article_0012	other	263
Article_2239	Article_0020	link	200
other-internal	Article_0520	external	92
other-internal	World_War_II	external	221
Article_2179	Article_3429	link	395
Article_1514	Article_0134	link	292
other-internal	Article_0037	external	78
other-internal	Article_1243	external	323
Article_1036	Article_3738	link	211
Article_0507	Article_0110	link	194
other-internal	France	external	190
other-internal	Article_0029	external	61
other-search	India	other	131
Article_0130	Article_0351	link	174
other-internal	India	external	228
Article_1872	World_War_II	link	279
Article_1027	Article_0017	link	462
other-internal	Article_3522	external	368
Article_0303	Article_3785	link	432
Article_3386	Article_3332	link	249
Article_1923	Article_0826	link	315
other-internal	India	external	309
other-internal	Article_0874	external	112
Article_1801	India	link	293
Article_1206	Article_3604	link	328
Article_1827	Article_0303	link	460
other-internal	Article_0065	external	83
Article_3754	Article_0211	link	297
Article_2716	Article_0089	link	378
Article_0730	Article_2971	link	141
Article_2349	Article_0065	link	191
Article_2612	Article_0663	link	74
Article_3502	Article_3814	link	455
Article_0301	Article_0046	link	265
other-search	France	other	389
Article_1118	Article_0221	link	379
other-internal	United_States	external	244
Article_3427	Article_1615	link	254
Article_3438	Article_1094	link	372
other-internal	Article_0298	external	48
other-internal	Article_3597	external	244
Article_3929	United_Kingdom	link	317
Article_2217	Article_0115	link	83
other-search	Article_0021	other	264
Article_3969	Russia	link	247
other-search	YouTube	other	91
Article_2527	India	link	38
other-internal	Article_0103	external	218
Article_2734	Article_2344	link	475
Article_2164	Article_0023	link	330
other-internal	Article_0110	external	188
other-internal	Article_0029	external	309
Article_3668	United_States	link	423
other-internal	Article_0602	external	178
other-internal	Article_0097	external	60
Article_1917	India	link	179
Article_0784	Article_0908	link	303
Article_2801	Article_1675	link	369
Article_2222	Article_1465	link	318
other-internal	Article_3978	external	71
Article_1000	Article_0037	link	333
other-internal	Article_3371	external	77
Article_3837	Article_2900	link	87
Article_0086	Article_0455	link	477
Article_1629	Article_0042	link	297
Article_0444	Article_0111	link	226
other-internal	YouTube	external	39
other-internal	United_States	external	41
other-search	Article_0309	other	68
other-internal	Article_0393	external	78
Article_2043	Article_2486	link	269
other-internal	United_States	external	136
Article_0286	Article_1147	link	137
Article_1837	China	link	17
Article_3697	Article_0098	link	43
other-internal	Article_0210	external	211
other-search	Article_0058	other	27
Article_1178	Article_1955	link	55
other-internal	Article_0211	external	96
other-internal	Article_0085	external	231
other-internal	Article_0120	external	343
other-internal	India	external	259
Article_2134	United_States	link	227
Article_2870	China	link	69
Article_0450	Article_0063	link	91
Article_2581	World_War_II	link	10
other-internal	Article_0485	external	357
other-internal	Article_0088	external	122
other-internal	United_States	external	195
other-internal	Article_0524	external	250
Article_1077	Article_0338	link	110
Article_3684	Article_0582	link	78
Article_3334	Article_2802	link	386
Article_0016	Article_0421	link	178
Article_3050	Article_1382	link	333
Article_1480	YouTube	link	294
Article_2531	Article_1650	link	373
other-internal	Article_0740	external	204
other-internal	Canada	external	275
Article_0656	Article_2141	link	258
Article_3764	Article_0047	link	483
Article_2005	Article_0051	link	497
Article_1045	United_States	link	411
Article_2857	Article_1169	link	43
other-internal	Article_1260	external	392
other-internal	Article_0082	external	309
Article_0623	Article_0104	link	333
Article_2099	Russia	link	416
Article_0287	Article_0118	link	123
other-internal	Article_0037	external	147
Article_3827	Article_0100	link	360
Article_2292	Article_0057	link	27
other-internal	Article_2154	external	32
Article_3802	Article_0078	link	215
Article_1957	YouTube	link	404
Article_0027	United_Kingdom	link	367
other-internal	Article_0044	external	343
Article_0321	YouTube	link	230
Article_3456	Article_2435	link	157
other-search	Article_0010	other	317
Article_2242	Article_0212	link	492
Article_2583	YouTube	link	23
Article_0599	Article_0930	link	119
Article_0065	Article_2660	link	319
other-internal	Article_0029	external	104
Article_1226	Article_0542	link	481
Article_3586	Article_0048	link	362
Article_0558	Article_0293	link	257
other-internal	Article_0018	external	357
other-internal	China	external	174
Article_2944	Article_0237	link	103
Article_2417	China	link	367
other-search	Article_0046	other	255
Article_3598	Article_0019	link	171
other-internal	Article_0020	external	195
Article_2583	Article_0498	link	499
Article_1435	Article_0016	link	155
Article_2088	Article_1231	link	379
Article_1169	YouTube	link	102
Article_3309	India	link	487
Article_0342	Article_0013	link	31
Article_1474	Article_0038	link	398
Article_2349	Article_0013	link	286
Article_1504	India	link	326
other-internal	France	external	350
other-internal	Article_0473	external	328
other-internal	Article_0458	external	55
other-internal	Article_0010	external	282
Article_2509	Article_2980	link	131
Article_1363	Article_0150	link	255
Article_0788	Article_0390	link	403
Article_2942	Article_2455	link	107
other-internal	Article_0952	external	55
Article_0491	YouTube	link	173
Article_1309	United_States	link	159
Article_3345	World_War_II	link	112
other-internal	Article_0058	external	364
Article_0632	United_States	link	251
other-internal	Article_2886	external	137
Article_3795	Article_1581	link	130
Article_3334	Article_1331	link	134
other-internal	United_States	external	46
Article_0252	Article_0264	link	375
Article_2031	United_States	link	92
Article_0695	Article_1658	link	213
Article_3431	Article_0247	link	140
other-internal	Article_0179	external	101
Article_3190	Article_0855	link	110
Article_3641	Article_0012	link	142
Article_0445	Article_2171	link	91
other-internal	Article_0031	external	81
Article_1827	Article_0609	link	148
other-search	United_States	other	51
Article_0516	Article_0053	link	63
Article_1936	Article_0138	link	261
other-internal	Article_0058	external	346
Article_0330	United_States	link	433
Article_3771	Article_0249	link	74
other-internal	Article_0161	external	189
Article_0854	Article_1704	link	312
Article_0493	YouTube	link	162
Article_2845	United_Kingdom	link	461
Article_0028	Article_0010	link	63
Article_1066	YouTube	link	204
Article_3069	Russia	link	153
Article_0779	YouTube	link	499
Article_0655	Article_1006	link	440
Article_0219	United_States	link	333
Article_3111	Article_0035	link	163
Article_2845	Article_0131	link	208
Article_0138	Article_0326	link	418
Article_3651	Article_2264	link	448
Article_0807	Article_1573	link	336
Article_0513	Article_1406	link	97
Article_0146	World_War_II	link	432
Article_2297	Article_1448	link	96
other-internal	Article_0363	external	30
Article_2594	Article_3640	link	186
Article_2949	Canada	link	191
Article_2977	Article_0779	link	33
other-internal	United_States	external	228
other-internal	Article_0027	external	374
Article_0653	Article_0204	link	65
Article_3271	Article_0179	link	289
Article_1962	Article_0840	link	411
Article_0685	Article_0017	link	419
Article_0609	Article_0733	link	193
other-internal	Article_0053	external	288
Article_2890	China	link	300
Article_3634	Article_1692	link	486
Article_3571	Article_0025	link	107
Article_3753	Article_0151	link	423
other-search	World_War_II	other	129
Article_1528	Article_0042	link	77
other-internal	Article_0028	external	104
Article_0268	Article_0088	link	113
Article_1128	Article_0283	link	174
Article_2169	Article_0590	link	353
other-search	Article_3639	other	34
Article_0086	Article_2093	link	60
Article_3703	Article_0681	link	287
Article_2296	United_States	link	220
Article_2101	Article_0034	link	157
Article_3120	Article_0010	link	337
Article_1922	Article_1074	link	458
Article_1154	Article_0014	link	476
Article_0148	Article_2241	link	161
Article_3308	Article_0049	link	361
Article_3616	Article_0608	link	47
Article_3364	France	link	451
Article_3565	Article_2276	link	352
other-internal	Article_0043	external	43
Article_3385	Article_0176	link	85
Article_0333	Article_3206	link	124
Article_0750	Article_0437	link	267
other-internal	Article_1890	external	121
Article_3446	Article_0013	link	398
other-internal	Article_0122	external	101
other-internal	Article_0059	external	281
other-internal	Article_0728	external	341
Article_0733	Canada	link	439
Article_3359	Article_1142	link	112
other-internal	Article_1696	external	297
Article_3893	Article_0683	link	308
Article_1262	Article_0431	link	328
Article_3858	Article_0357	link	54
Article_3384	India	link	136
Article_3287	Article_0375	link	29
Article_0346	Article_0074	link	203
other-search	Article_0015	other	95
other-search	Article_2847	other	13
Article_0044	Article_0038	link	147
other-internal	Article_0058	external	380
other-internal	Article_0494	external	192
other-internal	United_States	external	64
Article_0441	Article_2010	link	337
other-internal	Article_1270	external	317
Article_0935	Article_0197	link	496
other-search	Article_1213	other	194
Article_1831	YouTube	link	328
other-internal	Article_0013	external	13
Article_1250	Article_0430	link	279
other-internal	Article_1365	external	100
Article_0707	Article_0154	link	38
Article_3736	Article_0011	link	228
Article_2101	United_States	link	433
other-internal	France	external	28
other-internal	Article_0480	external	91
Article_3866	Article_2991	link	201
other-internal	Article_0425	external	217
Article_3518	Article_0425	link	135
other-internal	Article_1240	external	10
Article_0614	Article_0167	link	268
Article_1450	Article_0021	link	259
Article_0826	Article_0016	link	267
Article_0357	Article_0102	link	352
other-internal	Article_0080	external	160
other-internal	Article_0015	external	340
other-internal	Article_0712	external	115
Article_1177	Article_0571	link	239
Article_2243	Article_0807	link	467
other-internal	Article_3997	external	64
Article_1174	United_States	link	221
other-internal	Article_0082	external	223
Article_0858	United_States	link	142
Article_0052	World_War_II	link	54
other-internal	United_States	external	291
Article_2025	Article_0905	link	368
Article_3302	Article_2740	link	286
other-internal	Article_2245	external	49
Article_3945	Article_0046	link	141
Article_1933	Article_0451	link	404
Article_2882	Article_0219	link	421
Article_1793	Article_0290	link	457
Article_1983	Article_0285	link	392
other-internal	Article_0113	external	52
Article_1629	Article_0727	link	227
other-internal	Article_0024	external	38
other-internal	United_States	external	51
Article_1595	Article_0131	link	438
Article_2043	Article_0879	link	364
Article_1231	Article_2966	link	74
Article_1701	Article_0617	link	23
Article_1848	Article_0046	link	133
Article_3741	Article_1624	link	270
Article_3798	Article_3715	link	74
other-internal	Article_0056	external	242
other-internal	Article_1132	external	40
Article_1370	Article_0474	link	166
Article_3897	Article_0042	link	69
Article_0754	India	link	68
Article_1930	Article_0037	link	359
Article_0580	Article_1176	link	311
Article_1972	Russia	link	146
Article_0811	Article_0014	link	365
Article_3298	World_War_II	link	141
Article_1921	Article_1491	link	73
other-internal	Article_2367	external	337
Article_3838	Canada	link	297
Article_3714	Russia	link	336
other-search	Article_3005	other	392
Article_2831	Article_1995	link	280
Article_3075	Article_0011	link	249
Article_3461	Article_0901	link	118
Article_2166	Article_0050	link	387
Article_0358	Article_0668	link	441
Article_2492	Article_2555	link	182
Article_0381	France	link	238
Article_3721	Article_0349	link	193
Article_1441	Article_0934	link	266
Article_1989	Article_0933	link	265
Article_2233	Article_0380	link	185
Article_0364	Article_0075	link	138
Article_3107	YouTube	link	421
Article_3731	Article_0020	link	118
Article_1824	Article_0011	link	363
Article_2826	Germany	link	43
other-internal	Article_0332	external	25
other-search	Article_0556	other	302
other-internal	Article_0022	external	222
other-internal	China	external	163
other-internal	Article_0123	external	179
Article_1686	Article_0594	link	123
Article_0754	Article_2020	link	253
Article_1902	Article_0633	link	179
other-internal	Article_0666	external	166
Article_2220	Article_0487	link	51
Article_0442	Germany	link	123
Article_2087	Article_0212	link	488
Article_2992	Article_1773	link	476
Article_1466	Article_1981	link	21
other-internal	United_States	external	100
other-internal	Article_0016	external	371
Article_2434	Article_3637	link	180
Article_3227	Article_0175	link	258
Article_1680	Article_0014	link	128
other-internal	Article_2467	external	364
other-internal	United_States	external	115
other-internal	Article_1044	external	233
Article_1521	Article_2163	link	89
other-internal	Article_0049	external	158
Article_3747	YouTube	link	205
Article_0905	Article_0421	link	342
Article_2408	Article_0265	link	365
Article_3942	Article_0046	link	118
Article_0345	Article_0040	link	375
other-internal	World_War_II	external	262
Article_2179	China	link	334
Article_0380	United_States	link	117
other-internal	Article_0175	external	187
Article_1912	Article_2209	link	367
other-internal	Article_2780	external	314
Article_3683	Article_0574	link	96
Article_0126	Article_0275	link	467
Article_0869	France	link	346
Article_2539	Article_2906	link	18
Article_2220	United_States	link	344
Article_2670	Article_0133	link	48
Article_1781	United_States	link	267
other-internal	Article_1250	external	173
Article_1184	Article_1941	link	471
Article_1609	Canada	link	426
other-internal	Article_0162	external	378
Article_3446	Article_0091	link	133
other-internal	Article_0973	external	53
Article_2542	Article_1745	link	94
Article_1994	Germany	link	496
Article_2768	Article_1722	link	353
Article_0063	Article_0928	link	42
Article_2182	Article_0334	link	376
other-internal	Article_0363	external	74
Article_3394	Article_0695	link	384
Article_3568	Article_0048	link	486
other-internal	United_States	external	18
other-internal	Article_0069	external	388
other-internal	World_War_II	external	244
Article_0955	Article_0877	link	487
Article_2448	United_Kingdom	link	99
other-internal	Article_1081	external	112
Article_3116	Article_0048	link	433
Article_3497	Article_2835	link	243
Article_2057	Article_3366	link	83
other-search	Article_0230	other	186
other-internal	Article_0021	external	367
Article_3841	Article_0027	link	296
Article_2786	Article_0187	link	382
other-search	Article_0095	other	296
Article_1203	Article_1063	link	133
other-internal	Article_0819	external	158
other-internal	United_States	external	175
Article_2903	World_War_II	link	162
Article_0323	Article_3688	link	276
Article_2524	United_States	link	425
Article_1979	Article_0200	link	205
other-internal	Article_0126	external	208
Article_1590	Article_0041	link	102
Article_0705	Article_3705	link	222
Article_1876	United_States	link	151
other-internal	Article_1045	external	273
other-internal	Article_0116	external	85
other-internal	Article_0315	external	135
other-internal	India	external	188
other-internal	Article_0273	external	15
other-internal	Article_0224	external	169
Article_0294	Article_0180	link	184
other-internal	Article_1540	external	350
other-internal	India	external	141
Article_0486	Russia	link	211
Article_0871	Article_0656	link	60
other-internal	Article_0078	external	390
Article_1953	Article_0209	link	361
Article_0859	Article_1608	link	106
Article_0167	Article_1287	link	453
other-internal	YouTube	external	268
other-internal	Article_0103	external	301
Article_1676	Article_1668	link	153
other-internal	Article_2659	external	395
Article_0716	YouTube	link	229
other-internal	YouTube	external	85
Article_1798	Russia	link	462
Article_2691	Article_0013	link	437
Article_2298	Article_0078	link	172
other-search	Article_0124	other	346
other-internal	Article_0122	external	72
Article_2666	Article_0216	link	338
Article_3517	Article_3380	link	398
Article_0666	Article_1996	link	456
Article_0088	Article_0215	link	196
other-internal	Russia	external	275
Article_0068	Article_1364	link	229
other-internal	United_Kingdom	external	327
Article_2319	Article_0043	link	182
other-internal	Article_0067	external	357
other-internal	France	external	77
other-internal	Article_0062	external	330
other-internal	Article_2029	external	69
Article_2222	Article_0010	link	413
other-internal	Article_0053	external	399
Article_2720	Article_1073	link	167
Article_2270	United_Kingdom	link	201
Article_0209	Article_0031	link	320
other-internal	Article_2676	external	59
Article_1540	Article_0048	link	28
Article_3112	Article_0031	link	467
Article_2682	United_States	link	136
Article_3159	World_War_II	link	74
Article_0754	Article_0334	link	497
Article_1160	Article_0272	link	299
Article_3608	Article_0153	link	267
other-internal	Article_0032	external	395
other-internal	Article_2777	external	384
Article_2893	United_States	link	106
other-internal	YouTube	external	353
other-internal	Article_3093	external	296
other-internal	Article_2162	external	201
Article_2078	Article_0017	link	327
Article_2826	United_States	link	368
Article_1724	YouTube	link	487
Article_0144	World_War_II	link	367
other-internal	Article_0013	external	221
other-internal	Article_0020	external	121
Article_3945	Article_0840	link	395
Article_1306	Article_0182	link	140
Article_1943	Article_0011	link	297
Article_2118	Article_0047	link	479
Article_0451	Article_0077	link	467
Article_1461	United_States	link	391
other-search	Article_1055	other	17
Article_2231	Article_0611	link	454
Article_2889	Article_1278	link	391
Article_0320	United_States	link	185
other-internal	Germany	external	94
Article_3664	Article_0391	link	127
Article_0552	Article_0027	link	30
Article_2592	Article_0014	link	386
Article_0872	Article_0011	link	235
Article_0929	Article_0010	link	96
other-search	Article_0508	other	50
other-search	United_States	other	28
Article_0780	United_States	link	78
other-internal	United_States	external	181
other-internal	India	external	310
Article_0750	Article_0272	link	21
other-internal	Article_0062	external	359
Article_0816	Article_2838	link	470
other-internal	Article_1358	external	90
other-internal	Article_0207	external	206
Article_3097	Article_0305	link	75
Article_2152	Article_0126	link	486
other-internal	Article_0219	external	63
Article_3910	Article_1911	link	28
other-search	Article_0014	other	321
other-internal	Article_0016	external	217
other-search	Article_0051	other	101
other-internal	Article_0521	external	25
Article_2279	Article_0580	link	464
Article_0626	Article_0181	link	247
other-internal	Article_0028	external	116
Article_0842	Article_0011	link	223
Article_3415	Article_0999	link	349
other-internal	Article_2322	external	66
other-internal	Russia	external	213
Article_2660	Article_0093	link	138
other-internal	YouTube	external	207
other-internal	Article_0057	external	282
Article_3132	India	link	69
Article_3579	Article_0987	link	183
Article_2355	Canada	link	59
Article_1766	Article_0171	link	372
Article_1143	Article_0952	link	323
other-internal	Article_0186	external	139
Article_0812	World_War_II	link	21
Article_1114	Article_0023	link	33
Article_3369	Article_0062	link	175
Article_2252	Article_0014	link	71
Article_2721	United_Kingdom	link	60
Article_0584	Article_1805	link	311
Article_2378	Article_0040	link	81
Article_1748	Germany	link	43
other-internal	Article_0089	external	252
Article_1799	Article_1085	link	356
Article_1277	Article_0114	link	10
Article_2533	Article_0260	link	225
Article_1086	Article_2601	link	474
other-internal	Article_3813	external	184
Article_1170	Article_1091	link	480
Article_1526	Article_0174	link	382
Article_0773	Article_2640	link	271
other-internal	Article_0066	external	13
Article_3701	Article_0217	link	453
Article_1785	India	link	295
Article_0673	Article_1543	link	136
other-internal	United_States	external	307
Article_1525	Article_1854	link	363
Article_0952	Article_0203	link	151
Article_2094	Article_0011	link	253
Article_2803	Article_0149	link	310
other-internal	Canada	external	94
Article_3443	Article_2202	link	296
Article_3986	Article_1472	link	95
other-internal	Article_0187	external	209
Article_1016	Article_0010	link	199
other-search	Article_0053	other	140
other-internal	Article_0722	external	92
Article_1267	Article_0055	link	465
Article_1518	China	link	306
Article_0243	France	link	352
Article_3166	United_States	link	377
other-internal	Article_0090	external	349
other-internal	Article_0123	external	105
Article_0291	Article_0043	link	41
Article_2613	Article_0374	link	323
other-search	Germany	other	313
Article_3482	Article_0201	link	266
other-internal	Article_1103	external	128
Article_3743	China	link	340
Article_0356	Article_2060	link	194
other-search	Article_0095	other	91
other-internal	Article_0052	external	16
Article_2236	World_War_II	link	260
other-internal	Article_0012	external	352
Article_3124	Article_0083	link	366
other-internal	Article_0034	external	62
Article_1766	Article_1681	link	304
Article_2025	Article_0050	link	315
Article_2753	Article_1398	link	26
Article_0288	Article_0557	link	63
Article_3474	United_States	link	265
Article_0328	Article_0017	link	225
other-internal	Article_2630	external	28
Article_3084	Article_1587	link	128
Article_2366	Article_1018	link	181
Article_3728	Article_0140	link	350
Article_2784	Article_1521	link	434
other-internal	Article_0072	external	366
other-internal	Article_3153	external	354
Article_1906	India	link	168
other-internal	Article_3559	external	331
Article_0989	Article_0052	link	484
Article_3268	Article_0035	link	436
other-search	United_States	other	311
Article_0937	Article_1015	link	312
Article_1390	Article_1892	link	263
other-internal	Russia	external	24
Article_2698	Canada	link	280
other-internal	Article_1827	external	300
Article_2504	Article_0715	link	255
other-internal	Article_0807	external	241
Article_1422	India	link	417
other-internal	India	external	321
other-internal	Article_0192	external	199
Article_0450	Article_3023	link	68
Article_1206	Article_0172	link	126
other-internal	Article_0177	external	180
other-internal	Article_0707	external	150
Article_1767	Article_0136	link	197
Article_3482	Article_3633	link	422
Article_2517	Article_0051	link	394
Article_2931	Article_2809	link	48
Article_1443	Article_0014	link	236
Article_2286	Article_1439	link	109
Article_2389	Article_0083	link	234
Article_1881	Article_0890	link	434
other-internal	Article_1176	external	215
other-internal	Article_0021	external	209
other-internal	World_War_II	external	230
other-search	Article_1539	other	354
other-internal	Article_0053	external	168
other-search	Article_0468	other	132
Article_2020	Article_0101	link	58
Article_3938	Russia	link	461
Article_1143	Article_2542	link	216
Article_3680	Article_3063	link	208
Article_2193	Article_0170	link	98
other-internal	Article_0836	external	291
Article_1293	Article_2209	link	163
Article_0862	Article_0032	link	434
other-internal	Article_0024	external	171
Article_1223	Article_0349	link	86
Article_0733	Germany	link	350
Article_1485	Article_2002	link	319
Article_3377	Article_0194	link	40
Article_2757	Article_1350	link	144
other-internal	Article_0031	external	310
Article_0156	Article_0139	link	424
Article_1413	Article_0049	link	71
Article_2944	France	link	457
Article_0778	United_States	link	74
Article_1431	Article_1719	link	458
Article_2254	China	link	188
Article_3194	United_Kingdom	link	67
Article_0525	Article_0021	link	441
Article_2872	Article_0035	link	201
Article_0767	Article_0266	link	440
other-internal	Article_3203	external	372
other-internal	Article_0939	external	230
other-internal	Article_0536	external	130
other-internal	World_War_II	external	110
Article_3678	YouTube	link	64
other-internal	Article_1120	external	358
other-internal	Article_3448	external	149
Article_1717	Article_0203	link	72
Article_2907	India	link	352
Article_1794	Article_0826	link	340
other-internal	Article_0017	external	185
Article_3083	Article_0284	link	494
other-internal	United_States	external	151
Article_1730	United_States	link	463
other-internal	Article_3259	external	371
Article_1049	World_War_II	link	287
other-search	Article_3586	other	28
Article_2260	Article_0162	link	133
Article_2652	Germany	link	322
Article_0180	Article_0043	link	149
other-internal	Article_0054	external	149
other-internal	Article_0286	external	203
other-search	Article_0397	other	286
other-internal	Article_0011	external	62
other-internal	Article_0207	external	208
Article_1780	United_States	link	390
Article_1663	Article_0275	link	264
Article_3265	Article_2673	link	484
Article_0333	Article_1642	link	57
other-internal	Article_0012	external	199
Article_2177	Article_0391	link	480
Article_3750	Article_0849	link	106
Article_0827	Article_0022	link	353
other-internal	Germany	external	192
Article_1966	Article_0022	link	133
Article_2819	Article_0511	link	443
Article_2160	India	link	428
Article_3437	Article_0376	link	458
other-internal	India	external	48
Article_2272	India	link	93
Article_3344	Article_1280	link	411
Article_1894	United_Kingdom	link	165
other-internal	Article_0022	external	198
Article_1813	Article_2301	link	492
Article_3719	Article_0756	link	24
Article_0847	Article_0451	link	420
Article_2192	Article_0019	link	103
Article_0270	United_States	link	70
Article_1490	Article_3434	link	465
Article_1580	Article_0131	link	180
Article_1461	Article_0399	link	11
Article_0711	United_States	link	54
Article_2367	India	link	332
other-internal	Article_0097	external	165
Article_2973	Article_0038	link	136
Article_1337	Article_0022	link	297
other-internal	Article_0038	external	85
other-search	Article_2814	other	52
Article_0202	Article_0028	link	419
other-internal	Article_1062	external	217
Article_3850	Article_2646	link	103
other-internal	Article_0694	external	255
other-internal	Article_0040	external	78
Article_0802	Article_0173	link	78
Article_3814	Article_0044	link	178
Article_3031	Article_2659	link	258
other-internal	Article_0084	external	267
Article_1326	World_War_II	link	92
Article_0270	India	link	472
Article_3594	Article_0469	link	213
Article_0722	Article_0226	link	192
Article_2288	Germany	link	160
other-internal	Article_0211	external	267
Article_3653	Article_1810	link	59
other-internal	United_States	external	345
other-internal	United_States	external	313
Article_3368	Article_0011	link	247
Article_1921	Article_0011	link	492
Article_2250	Article_0759	link	227
Article_3709	Article_0190	link	38
Article_2924	Article_0070	link	72
Article_1441	Article_0017	link	290
Article_0539	India	link	321
other-search	Article_0021	other	351
other-internal	Russia	external	54
Article_1507	Article_0245	link	186
other-internal	Article_0251	external	62
Article_0519	Article_2356	link	72
Article_0633	Article_0072	link	242
Article_2133	Article_2396	link	456
Article_3014	Article_0043	link	232
Article_3869	United_States	link	150
Article_2300	Article_0117	link	398
other-internal	India	external	49
Article_0239	Article_0141	link	350
other-search	Article_3713	other	260
Article_2598	Canada	link	87
other-internal	Article_0090	external	152
Article_0784	United_States	link	402
other-internal	Article_0154	external	209
other-internal	Germany	external	149
Article_3481	Article_1290	link	241
Article_3814	Article_0133	link	358
other-internal	Article_1819	external	384
other-internal	Article_3520	external	378
Article_0296	Article_1067	link	495
Article_3568	Article_0042	link	51
other-internal	Article_0200	external	220
Article_2379	Article_0109	link	32
Article_2673	Article_0014	link	64
other-internal	Article_0847	external	182
other-internal	Article_0014	external	279
Article_3722	Article_0194	link	397
Article_3183	Article_0135	link	188
Article_3494	Article_0011	link	435
other-internal	United_States	external	86
Article_0849	Article_3413	link	26
Article_1331	Article_0910	link	342
Article_2242	Article_0014	link	319
Article_1487	United_States	link	333
Article_3214	France	link	300
Article_2165	United_States	link	128
Article_1507	Article_0046	link	491
other-internal	United_States	external	40
Article_1266	India	link	181
Article_1750	Article_0144	link	122
other-search	United_States	other	79
other-internal	Article_0549	external	224
Article_2638	United_States	link	360
Article_2827	Article_0617	link	452
other-search	Article_0354	other	354
other-search	YouTube	other	337
other-internal	United_States	external	172
other-search	Article_2615	other	245
Article_2937	Article_0267	link	113
Article_0203	Article_0113	link	497
Article_1120	Article_0024	link	271
Article_1482	Article_0232	link	306
Article_0976	Germany	link	21
Article_3483	Article_2067	link	270
Article_3723	Article_0293	link	96
Article_3638	United_States	link	41
other-internal	India	external	317
Article_2222	United_States	link	152
Article_0292	Article_0205	link	242
other-internal	India	external	330
other-internal	Article_2148	external	48
Article_0387	Article_2315	link	263
Article_0413	Article_0054	link	204
other-search	Article_1028	other	339
other-internal	United_States	external	105
Article_2464	Article_0307	link	269
other-internal	Article_0010	external	366
Article_3841	Article_1074	link	166
Article_2850	Article_0062	link	310
Article_2552	Article_0210	link	386
Article_0092	Article_0052	link	79
Article_1390	Article_0051	link	389
other-search	Article_0456	other	353
Article_2733	China	link	314
Article_3528	Article_0055	link	44
Article_0896	Article_0247	link	260
other-internal	Article_1257	external	89
other-search	China	other	56
Article_3564	Article_0023	link	382
Article_0239	Article_0013	link	291
Article_3622	Article_0144	link	140
other-internal	India	external	273
Article_2800	World_War_II	link	161
other-internal	Article_1758	external	366
Article_1458	Article_0522	link	52
other-internal	Article_0845	external	219
other-internal	Article_1124	external	312
Article_1849	Article_0138	link	421
other-internal	Article_0067	external	148
other-internal	Article_0144	external	124
other-internal	India	external	335
Article_2012	Article_0026	link	422
Article_1077	India	link	483
Article_3646	Article_1166	link	293
Article_2341	Article_0792	link	460
other-internal	Article_0343	external	226
Article_3837	Article_0475	link	134
other-internal	Article_1028	external	27
Article_1471	Article_0064	link	166
Article_1506	United_States	link	100
other-search	India	other	320
Article_0050	Article_0667	link	133
other-internal	Article_1066	external	31
Article_0896	Article_2239	link	227
Article_3432	Article_2040	link	447
other-internal	Canada	external	324
Article_3597	Article_0304	link	107
other-internal	United_States	external	217
Article_3319	India	link	412
Article_3407	Article_0213	link	435
Article_1200	China	link	341
other-internal	Article_1993	external	389
Article_2667	Article_2790	link	331
Article_3025	Article_1504	link	163
Article_2468	Article_0770	link	263
Article_0638	Article_0158	link	199
Article_3811	United_States	link	468
other-internal	Article_0127	external	65
other-internal	Article_0033	external	264
Article_1808	United_States	link	361
Article_1155	Article_0766	link	233
Article_3884	Article_2013	link	44
Article_3490	Article_0452	link	379
Article_0637	Article_0275	link	292
Article_1507	Article_2345	link	394
Article_2667	Article_0344	link	62
other-internal	Article_0581	external	257
Article_2093	Article_0164	link	191
Article_3491	India	link	326
Article_0155	YouTube	link	289
Article_1558	Article_3161	link	64
Article_1433	Article_0283	link	365
Article_2754	Article_0043	link	147
Article_0090	India	link	142
other-internal	India	external	43
Article_2268	World_War_II	link	310
Article_1562	Article_0794	link	31
other-internal	Article_0181	external	384
Article_2022	Article_0175	link	195
other-internal	United_States	external	349
Article_2895	Article_0515	link	62
Article_3410	United_States	link	499
Article_2101	Article_0183	link	134
other-internal	Article_0230	external	92
Article_2330	United_States	link	243
Article_0459	Article_0107	link	383
Article_1189	Russia	link	475
Article_1264	Russia	link	446
other-internal	Article_0916	external	378
Article_0513	Article_0032	link	300
Article_1935	Article_0019	link	65
other-internal	Article_0027	external	190
other-internal	Article_0018	external	146
Article_0740	Article_0218	link	88
other-internal	Article_0674	external	284
Article_2146	Article_1441	link	302
Article_0837	Article_0040	link	127
Article_2709	Article_0218	link	180
other-internal	Article_0026	external	394
Article_1981	Article_0117	link	23
Article_1765	Article_0024	link	344
Article_2538	Article_0017	link	298
Article_2871	Article_0013	link	490
Article_0188	Article_3255	link	194
Article_3589	Article_0023	link	140
Article_3178	United_States	link	389
other-search	Article_3143	other	187
Article_1996	Article_0084	link	413
Article_0369	Article_0143	link	484
Article_0335	India	link	118
Article_0423	Article_1711	link	339
other-internal	Article_0209	external	264
other-internal	Article_3819	external	244
Article_3153	United_States	link	83
Article_3694	Article_2715	link	115
Article_0228	Article_0340	link	119
Article_1966	Article_2625	link	104
other-internal	Article_0180	external	343
Article_3113	Article_1764	link	377
Article_0261	India	link	108
other-internal	United_States	external	67
Article_2683	United_States	link	274
Article_1479	Article_0451	link	386
other-internal	Article_0013	external	66
Article_1210	United_States	link	243
Article_0636	Article_1938	link	194
other-internal	Article_0057	external	169
Article_0916	United_States	link	189
Article_2219	United_States	link	71
Article_2914	Article_2118	link	214
Article_1253	Article_0284	link	69
Article_1724	Article_0070	link	325
Article_1117	Article_0167	link	245
other-internal	Article_0064	external	256
other-internal	Article_2033	external	357
Article_0891	Article_0072	link	261
Article_2895	United_States	link	334
Article_3703	Article_3724	link	282
other-internal	Article_0161	external	191
other-internal	Article_3880	external	171
Article_1331	Article_0631	link	178
Article_2223	Article_0095	link	282
other-internal	India	external	35
Article_3865	Article_1072	link	129
other-search	Article_0035	other	269
Article_2219	Article_2201	link	450
Article_3405	United_States	link	312
Article_3218	Article_0060	link	10
other-internal	Article_0538	external	231
Article_2873	Article_1385	link	384
other-internal	Article_0451	external	263
Article_0318	Article_1701	link	27
Article_2021	Article_0054	link	219
Article_1466	Article_0219	link	65
Article_1541	Article_2401	link	64
other-internal	Article_2193	external	105
Article_2382	United_States	link	300
other-search	Article_0443	other	20
Article_0295	Article_0904	link	498
other-internal	Article_0359	external	380
Article_3135	Article_3704	link	346
Article_0566	Canada	link	478
Article_0868	Article_0021	link	227
other-search	Article_0866	other	215
Article_2677	Article_1247	link	26
other-internal	Article_0020	external	369
Article_3895	Article_0016	link	331
Article_3552	Article_0012	link	371
Article_0599	Canada	link	309
other-search	Article_0097	other	364
Article_3072	Article_0014	link	108
Article_0734	United_States	link	334
other-internal	Article_0052	external	389
Article_2359	Germany	link	329
other-internal	Article_0010	external	380
Article_0417	Article_0011	link	499
Article_1816	United_States	link	195
Article_2525	Article_0117	link	80
other-internal	Article_2142	external	86
Article_3806	Article_0116	link	326
other-internal	Article_0411	external	246
Article_0247	Article_1008	link	71
Article_0474	Article_0041	link	184
Article_0031	United_States	link	422
Article_1463	Article_0021	link	78
other-internal	Article_0199	external	80
Article_2374	Article_2255	link	475
Article_0739	Article_0958	link	92
Article_0572	Article_0169	link	40
other-internal	Article_0034	external	126
Article_1392	Article_0129	link	314
other-internal	Article_0785	external	46
other-internal	India	external	299
other-internal	United_States	external	319
Article_1085	Article_1340	link	51
other-internal	Article_0644	external	22
Article_3298	United_Kingdom	link	268
other-search	Article_1053	other	79
Article_3432	Article_0067	link	26
Article_2883	Article_0646	link	136
Article_3747	Article_0017	link	49
Article_0667	Article_0091	link	52
Article_3957	Article_0011	link	24
Article_2240	France	link	465
Article_0347	Article_0015	link	499
other-internal	United_States	external	76
Article_3529	India	link	40
Article_1404	Article_0364	link	101
other-internal	Article_0170	external	239
other-search	United_Kingdom	other	44
Article_2457	Article_3673	link	177
Article_0070	Article_0039	link	474
Article_3414	Article_0022	link	458
Article_2141	Article_3940	link	474
Article_1859	Article_0044	link	496
Article_1560	Article_0036	link	315
Article_0140	YouTube	link	431
Article_0172	United_States	link	146
Article_3673	India	link	466
Article_2536	Article_0752	link	24
Article_2662	Article_1741	link	112
Article_0401	Article_0061	link	221
Article_2437	Article_0026	link	109
Article_1552	World_War_II	link	437
Article_2861	Article_0226	link	410
other-internal	Russia	external	282
Article_3869	Article_0103	link	173
Article_3675	Article_0012	link	216
other-internal	Article_0066	external	235
Article_3540	YouTube	link	202
other-internal	Article_0515	external	26
Article_1007	India	link	337
Article_1457	YouTube	link	467
Article_1952	Article_3007	link	353
Article_2249	Article_1367	link	317
Article_2094	World_War_II	link	187
Article_0077	Russia	link	204
Article_2549	Article_0012	link	486
other-internal	Article_0589	external	105
Article_0795	Article_0348	link	314
Article_1441	Article_0054	link	355
other-search	Canada	other	40
other-search	United_States	other	124
other-internal	Article_0051	external	40
Article_2002	Canada	link	447
Article_0207	Article_0027	link	470
Article_1909	Article_0485	link	412
Article_0126	Article_2968	link	174
other-search	Article_0691	other	167
Article_3589	Article_1802	link	450
Article_2130	Article_0048	link	80
other-search	World_War_II	other	271
Article_1928	Article_3542	link	386
other-internal	Article_0029	external	177
other-internal	United_Kingdom	external	272
Article_2276	Article_0039	link	480
Article_1990	Article_2113	link	158
Article_3527	Article_0246	link	121
other-internal	Article_1896	external	162
other-search	Article_0011	other	274
Article_2617	Article_0125	link	91
other-internal	Article_2079	external	62
Article_0126	Article_0016	link	146
Article_1034	Article_0038	link	113
Article_3681	Article_0041	link	373
other-internal	United_States	external	176
Article_0467	Article_1861	link	109
other-search	Article_3452	other	276
Article_3211	Article_0797	link	111
Article_2395	China	link	107
other-internal	Article_0847	external	278
Article_2777	Article_0117	link	46
other-internal	Canada	external	352
other-internal	Article_0013	external	31
Article_0919	Article_0653	link	326
Article_1487	Article_0910	link	172
Article_1539	Article_0788	link	213
Article_0648	Canada	link	457
other-search	Article_0926	other	396
Article_2786	Article_0012	link	152
Article_1063	Article_0304	link	276
other-internal	Article_1236	external	22
other-internal	Germany	external	160
other-internal	Article_1747	external	106
Article_1223	Article_3068	link	201
Article_2768	Article_0118	link	263
Article_0104	Article_0113	link	414
other-internal	Article_0042	external	265
Article_2544	Article_0451	link	457
Article_2582	Article_1256	link	82
Article_2398	Article_0627	link	433
Article_0279	Article_0744	link	373
Article_1262	Article_0447	link	175
other-internal	Article_1289	external	121
Article_1513	Russia	link	368
other-search	Article_0408	other	390
other-internal	Article_0773	external	249
other-internal	Article_0087	external	209
Article_0546	Article_0274	link	357
Article_1021	Article_0793	link	305
Article_1345	Article_0694	link	362
Article_1449	Article_1464	link	229
Article_0962	Article_0438	link	310
Article_2054	Germany	link	367
other-internal	Article_2548	external	285
other-internal	Article_0029	external	238
Article_3858	Article_0036	link	24
Article_3540	Article_0714	link	374
Article_2191	Article_0010	link	41
other-search	Article_0428	other	226
other-search	China	other	173
other-internal	Article_0016	external	353
other-internal	Article_0046	external	40
Article_0457	Article_0112	link	189
other-internal	Article_0177	external	83
other-internal	Article_0057	external	299
Article_2575	Article_0063	link	104
other-internal	Article_0021	external	104
Article_3350	China	link	283
Article_2047	Canada	link	457
Article_3528	Article_0010	link	300
other-internal	Article_1337	external	138
Article_1280	China	link	136
other-internal	India	external	37
Article_2088	Article_0296	link	286
Article_0079	Article_0071	link	249
other-internal	Article_0815	external	133
Article_2908	Article_0586	link	329
Article_0054	Article_0776	link	470
Article_1943	Article_0113	link	283
other-internal	Article_0476	external	50
Article_1310	Article_0014	link	227
Article_3436	Article_1213	link	118
Article_2382	Article_0508	link	245
Article_3850	Article_0016	link	277
Article_0733	China	link	201
Article_1734	Article_0484	link	205
other-search	Article_0075	other	171
Article_2459	Article_2817	link	190
Article_1552	Article_0119	link	329
Article_3654	Article_1952	link	429
Article_1907	India	link	65
other-internal	Article_2789	external	227
other-internal	Article_0239	external	296
Article_3566	Article_0056	link	45
other-internal	Article_0073	external	108
Article_3497	World_War_II	link	77
Article_1858	Article_0269	link	77
Article_2320	Article_0064	link	392
Article_0274	Article_0026	link	235
Article_0957	Article_0207	link	189
Article_3677	Article_3080	link	298
Article_0129	Article_2149	link	216
Article_1955	China	link	473
Article_1454	Article_1750	link	210
Article_1629	Canada	link	261
Article_2247	Article_0019	link	442
Article_1541	India	link	130
Article_3735	World_War_II	link	175
Article_2988	Article_0640	link	123
other-internal	Article_0020	external	352
other-internal	Article_0322	external	110
other-internal	Article_0574	external	181
other-internal	Article_1854	external	174
Article_0310	Article_0347	link	317
Article_0194	Article_0486	link	198
Article_3881	Germany	link	391
Article_0723	Russia	link	483
Article_3574	United_States	link	80
Article_3849	Article_2033	link	92
Article_0456	Article_3391	link	134
Article_3664	Article_0270	link	218
other-search	Article_0039	other	80
Article_2085	Article_1466	link	16
other-internal	World_War_II	external	246
Article_3946	Article_0096	link	136
Article_2508	Article_0296	link	425
other-search	Article_3781	other	364
Article_2474	Article_1491	link	274
other-internal	Article_0019	external	95
Article_0024	United_States	link	114
other-internal	Article_0033	external	383
other-internal	Article_0452	external	360
Article_3951	Article_0010	link	307
Article_0959	Article_2648	link	44
Article_1373	Article_2818	link	84
Article_3241	Article_0146	link	83
other-internal	Article_0945	external	232
Article_0444	Article_0338	link	109
Article_3707	Article_0024	link	451
Article_3657	Article_0064	link	490
Article_3564	United_Kingdom	link	427
other-internal	Article_0022	external	176
other-internal	Article_2077	external	229
Article_0301	Article_0038	link	261
other-internal	Article_0468	external	393
Article_0044	United_States	link	140
other-internal	Article_0634	external	300
Article_3506	Article_1250	link	424
other-internal	Article_0780	external	209
Article_2550	Article_0010	link	162
other-internal	Article_0011	external	169
Article_2492	Article_1222	link	194
Article_0020	Article_0030	link	434
Article_0515	Article_0156	link	424
Article_2827	Article_1141	link	285
Article_0868	Article_0884	link	283
Article_0860	Article_2378	link	93
Article_3954	Article_1584	link	343
Article_2008	Article_0011	link	43
Article_2445	Article_0116	link	145
other-search	United_States	other	221
other-internal	Article_3880	external	205
other-internal	Article_0017	external	137
Article_3112	Article_0302	link	425
Article_3282	Article_3761	link	426
Article_3236	Article_1992	link	405
Article_2559	Article_1514	link	211
Article_0496	United_States	link	373
other-internal	Article_0015	external	298
Article_1357	Article_0018	link	383
Article_0185	YouTube	link	336
Article_2283	Russia	link	400
other-internal	United_Kingdom	external	310
Article_2429	Article_1202	link	263
other-internal	Article_0017	external	140
Article_0942	Article_0022	link	357
Article_0201	Article_0562	link	264
Article_1376	Article_0205	link	347
Article_0423	Article_0063	link	389
other-internal	Article_3113	external	178
other-internal	Canada	external	168
Article_0336	France	link	328
Article_2823	Article_0089	link	274
other-search	Russia	other	298
Article_3393	Article_1382	link	428
Article_0364	Article_0463	link	370
Article_1336	Article_1980	link	334
other-internal	United_States	external	220
other-internal	Article_0034	external	140
Article_3045	Article_3467	link	39
other-search	Article_1084	other	281
other-internal	Article_2678	external	259
Article_0382	Article_0102	link	196
Article_2092	Article_2798	link	85
other-internal	Article_0326	external	282
Article_0500	Article_0140	link	375
Article_2123	United_States	link	133
other-internal	China	external	174
Article_0135	Article_0124	link	165
Article_3980	Article_2228	link	172
other-internal	United_States	external	133
other-internal	Article_0558	external	76
Article_1447	India	link	455
Article_2143	Article_0141	link	472
Article_1580	World_War_II	link	121
Article_3156	United_States	link	458
other-internal	Article_0984	external	245
other-search	Article_0204	other	278
other-internal	Article_0865	external	146
Article_1317	Article_0045	link	160
Article_0188	Article_0034	link	405
Article_0942	Article_0140	link	160
Article_0914	Article_0141	link	123
Article_0414	India	link	281
Article_3021	Article_1630	link	433
Article_0897	Article_0829	link	63
Article_0648	India	link	18
Article_1738	Article_0500	link	437
other-internal	Article_0097	external	90
Article_3062	United_States	link	460
Article_0254	France	link	169
Article_0369	Article_0245	link	307
Article_1984	Article_0012	link	418
Article_2495	World_War_II	link	334
Article_3155	Article_0044	link	325
other-internal	Article_0014	external	132
Article_1650	Article_0011	link	172
other-internal	Article_0146	external	76
Article_0615	United_States	link	365
other-internal	Article_1834	external	21
Article_0734	Article_0010	link	404
Article_3210	Article_0027	link	300
Article_1541	Article_0875	link	229
other-internal	Article_0048	external	312
Article_3939	Article_0022	link	236
other-search	Article_0024	other	350
Article_1279	Article_0107	link	258
Article_0416	Article_0028	link	127
Article_0677	Article_0022	link	210
Article_1856	World_War_II	link	250
Article_0869	Germany	link	51
Article_2082	Article_0445	link	294
Article_0992	Article_0043	link	477
Article_0553	United_States	link	32
other-internal	Article_0017	external	243
Article_3034	Article_0342	link	113
other-internal	Article_1330	external	57
other-internal	World_War_II	external	381
Article_0626	Article_0098	link	276
Article_1852	Germany	link	389
Article_1025	Article_0257	link	478
Article_1580	Article_0086	link	73
Article_0922	Article_0409	link	14
Article_3894	Article_0152	link	68
Article_1908	Article_0235	link	426
other-internal	Article_0060	external	176
Article_0198	Article_0559	link	124
Article_3403	Article_0210	link	159
other-internal	India	external	234
other-internal	Article_0042	external	77
other-internal	India	external	114
Article_2213	Germany	link	423
Article_3213	Russia	link	464
Article_2929	Article_0015	link	131
Article_0844	United_States	link	332
other-internal	Article_0049	external	314
other-search	Article_0014	other	350
Article_1932	Article_0049	link	96
Article_0531	Article_0055	link	442
Article_1895	Article_0314	link	209
other-internal	Article_0696	external	37
Article_2106	Article_0010	link	308
Article_2518	Article_0140	link	30
other-internal	Article_2473	external	358
Article_2633	India	link	340
Article_3857	Article_1113	link	304
Article_3859	Article_0015	link	90
other-internal	United_States	external	162
Article_1008	Article_0187	link	216
other-search	United_States	other	135
Article_3486	United_States	link	100
Article_2428	Article_2393	link	243
Article_1183	Article_0057	link	165
Article_0424	Article_1158	link	112
other-internal	Article_0143	external	281
Article_1159	Article_1884	link	112
other-internal	Article_1929	external	320
Article_3670	Article_0938	link	360
Article_2093	Article_0575	link	165
Article_0940	Russia	link	498
other-internal	YouTube	external	310
other-internal	Article_2458	external	141
Article_2950	Article_0029	link	150
Article_3741	Article_0371	link	28
Article_3881	Article_1021	link	482
other-internal	Article_0941	external	230
Article_0025	Article_0280	link	244
other-internal	Article_0040	external	378
Article_3972	United_States	link	459
other-search	Article_0137	other	266
other-search	Article_0013	other	265
Article_0605	Article_0023	link	347
Article_2458	Article_0015	link	198
Article_3528	Article_1088	link	459
Article_2041	Article_1932	link	168
Article_2351	Article_0015	link	199
other-internal	Article_2639	external	359
other-search	Article_0035	other	293
Article_0665	India	link	328
Article_3392	India	link	337
Article_0194	Article_0203	link	199
other-internal	Article_0371	external	201
Article_2038	Article_1039	link	478
Article_0603	Article_2316	link	435
other-internal	Article_0025	external	388
Article_1039	Article_2224	link	222
Article_1503	United_States	link	339
Article_1963	India	link	146
other-internal	Article_2498	external	160
Article_1938	Article_0061	link	121
Article_0903	Article_0018	link	287
Article_3325	Article_0483	link	345
other-internal	Article_0904	external	73
other-internal	Russia	external	110
Article_0395	Article_0187	link	382
Article_3127	Article_1193	link	46
other-internal	Article_0478	external	257
Article_0278	Article_0774	link	268
Article_3243	Article_0204	link	385
Article_1031	Article_1966	link	85
Article_2907	Article_0128	link	367
Article_2817	Article_0018	link	152
other-internal	Article_1062	external	281
Article_2079	Article_1631	link	388
Article_1697	Article_0011	link	379
other-internal	Article_0165	external	273
Article_3537	Article_1213	link	174
other-internal	Article_0292	external	64
Article_1930	Article_0689	link	373
Article_0846	Article_0010	link	429
other-internal	Article_0022	external	292
other-internal	Article_2036	external	72
other-internal	Article_0206	external	305
Article_1998	Article_3916	link	110
Article_0721	Article_0497	link	218
Article_1095	Article_0542	link	155
Article_1990	Article_0055	link	435
Article_0894	Article_2950	link	106
Article_0932	YouTube	link	55
Article_2126	Germany	link	291
Article_1118	Article_0112	link	87
other-internal	Article_0027	external	374
Article_1504	Article_0600	link	430
Article_2074	Article_0061	link	383
Article_1530	Article_1907	link	488
other-internal	Article_0044	external	185
Article_2013	Article_2449	link	88
Article_3877	China	link	169
Article_1706	France	link	197
Article_1520	Article_1167	link	14
Article_1257	Article_2543	link	274
Article_3039	Article_1570	link	415
Article_0261	Article_1315	link	154
Article_3660	Article_0046	link	344
other-search	United_States	other	39
Article_2197	Article_3716	link	45
Article_0568	China	link	201
Article_2939	Article_2302	link	332
other-internal	Article_0018	external	45
Article_2817	YouTube	link	42
other-internal	Article_0811	external	88
Article_0944	Article_2140	link	86
other-internal	Article_0570	external	144
Article_3417	India	link	26
Article_2428	Article_0236	link	120
other-internal	Article_0059	external	18
Article_2623	Article_0117	link	489
Article_0160	Article_2110	link	135
Article_2137	United_States	link	306
Article_2358	Article_0039	link	257
Article_2390	Article_2281	link	21
Article_1810	Article_0144	link	77
Article_2315	Canada	link	433
Article_0519	Article_0025	link	431
other-internal	Article_0559	external	354
other-internal	Article_0476	external	95
Article_1632	India	link	50
Article_0905	Article_0713	link	139
other-internal	Article_0269	external	84
Article_0828	Article_0016	link	190
other-internal	United_States	external	352
Article_0599	Article_0035	link	432
other-search	Article_1893	other	122
Article_3350	Article_0393	link	316
Article_3255	Article_0069	link	124
Article_2468	Article_0224	link	447
Article_2025	China	link	10
Article_1687	Article_0461	link	58
Article_3030	United_States	link	107
other-search	Article_1747	other	203
other-internal	Article_2528	external	330
other-internal	Article_0102	external	68
Article_1434	United_States	link	179
other-internal	Article_0510	external	187
Article_1145	World_War_II	link	51
other-internal	Article_0945	external	382
Article_0336	Article_2710	link	288
Article_2294	China	link	453
other-internal	Article_0021	external	352
other-internal	India	external	258
Article_3758	Article_0278	link	172
other-internal	Article_1076	external	238
Article_2530	China	link	485
Article_1580	Article_0060	link	468
Article_1380	Article_0033	link	353
Article_2179	Article_0090	link	363
Article_1125	Article_3537	link	399
other-internal	Article_0554	external	300
Article_3808	Article_0014	link	471
Article_1417	World_War_II	link	469
Article_1830	Article_0037	link	274
Article_3749	Article_3897	link	20
Article_0697	Article_0015	link	479
Article_0277	Article_0010	link	177
other-internal	Article_0080	external	363
Article_1988	Article_0959	link	351
Article_3810	Article_1163	link	83
Article_0418	China	link	137
other-internal	Article_0013	external	40
Article_1256	YouTube	link	448
other-internal	Article_1079	external	160
other-internal	Article_0047	external	176
Article_0663	Article_2842	link	464
Article_1932	Article_2905	link	396
Article_2666	Article_0484	link	429
Article_0103	Article_0826	link	225
other-internal	Article_0778	external	293
Article_1456	Article_0127	link	241
Article_2042	Article_0952	link	372
Article_1841	Article_0936	link	58
Article_0171	World_War_II	link	308
Article_2843	Germany	link	375
Article_2033	India	link	413
Article_3913	Article_0295	link	369
Article_2728	Article_0212	link	437
Article_2896	United_States	link	122
Article_1066	Article_0045	link	123
Article_3011	Article_1644	link	158
other-internal	Article_3724	external	92
Article_1801	Article_0285	link	320
Article_3961	Article_0060	link	189
Article_2959	Article_0396	link	210
other-internal	United_States	external	69
Article_2883	Article_0252	link	191
Article_1692	France	link	355
Article_1759	Article_0031	link	111
other-internal	Article_0050	external	358
other-internal	Canada	external	145
other-internal	Article_2151	external	164
other-internal	Article_0039	external	166
Article_3000	Article_0059	link	31
other-internal	Article_2135	external	57
Article_1930	Article_1678	link	413
other-internal	United_Kingdom	external	332
Article_1774	United_States	link	412
other-internal	Article_0027	external	169
Article_3923	Article_0844	link	266
Article_1625	United_States	link	260
Article_2330	China	link	151
other-internal	World_War_II	external	226
Article_0869	United_States	link	340
other-internal	Article_0090	external	219
other-internal	Article_0155	external	151
Article_1219	United_States	link	268
other-internal	China	external	358
Article_3916	Article_3716	link	228
Article_3273	United_States	link	218
other-internal	Article_0327	external	144
Article_2218	Article_0016	link	47
Article_2782	Article_0021	link	381
Article_3141	United_States	link	258
Article_0658	Article_2078	link	183
Article_2830	Article_0350	link	383
Article_3431	Article_0387	link	304
Article_2222	Article_0157	link	490
Article_2298	Article_0214	link	494
Article_1737	Article_1237	link	256
other-internal	Article_0073	external	68
other-internal	Article_0259	external	383
Article_2981	Article_3459	link	221
Article_1522	YouTube	link	453
Article_1387	Article_0616	link	474
Article_2177	Article_0010	link	428
Article_3949	Article_0204	link	107
Article_2407	Article_0156	link	394
Article_0965	United_States	link	494
other-internal	United_States	external	334
Article_3159	Article_0471	link	111
other-internal	Article_0443	external	83
Article_0314	World_War_II	link	369
other-search	Article_0142	other	393
Article_2454	Article_2316	link	266
Article_2322	Article_0136	link	479
Article_2355	China	link	361
Article_0366	Article_0851	link	157
other-search	Article_3386	other	151
other-internal	Article_2933	external	288
Article_0070	Article_0032	link	294
other-internal	Article_0149	external	35
Article_2414	Article_0121	link	314
other-internal	World_War_II	external	56
Article_0879	Germany	link	478
Article_0344	Canada	link	319
other-internal	United_States	external	71
other-internal	United_States	external	372
Article_1302	Article_3438	link	376
Article_2834	World_War_II	link	227
Article_1426	United_States	link	192
Article_1929	Article_0072	link	316
Article_0300	World_War_II	link	250
Article_1591	YouTube	link	295
Article_3643	India	link	397
Article_0747	Article_0612	link	298
Article_3869	Article_0096	link	446
Article_0831	Article_0330	link	437
Article_0688	Article_1983	link	123
Article_2200	Article_0058	link	164
Article_2026	Article_0043	link	176
other-search	Article_0860	other	272
other-internal	Article_0031	external	42
other-internal	Article_0359	external	330
Article_3782	YouTube	link	246
Article_3190	Article_2716	link	11
other-internal	Article_0390	external	88
Article_0564	United_Kingdom	link	93
Article_2606	Article_0036	link	478
Article_2698	China	link	291
other-internal	France	external	15
Article_0601	Article_0094	link	195
Article_1129	Article_3901	link	197
Article_3530	Russia	link	244
Article_3976	United_States	link	392
other-internal	Article_0038	external	225
Article_0745	Article_3841	link	160
other-internal	Article_1959	external	127
Article_3257	United_States	link	378
Article_1747	Canada	link	482
other-internal	Article_0510	external	302
Article_1682	India	link	140
other-internal	Article_0349	external	243
Article_1019	YouTube	link	214
Article_0936	China	link	324
Article_3761	Article_2686	link	142
Article_2743	India	link	29
other-internal	Article_0685	external	284
Article_2353	World_War_II	link	401
other-internal	Article_3521	external	291
Article_1048	Article_0463	link	331
Article_0793	Article_0354	link	229
Article_1131	Article_1173	link	429
Article_1554	Article_0017	link	442
Article_3399	Article_2445	link	93
other-internal	Russia	external	262
Article_3515	Article_0082	link	122
Article_2312	Article_0200	link	68
other-internal	Article_0075	external	271
Article_0464	Article_1135	link	31
other-internal	Article_0024	external	268
Article_3934	Article_0141	link	257
Article_0697	Article_0238	link	373
Article_0461	Article_0172	link	24
Article_3141	Article_3274	link	386
Article_3625	Article_1042	link	114
Article_0297	France	link	186
other-internal	Article_0060	external	260
Article_3455	Article_0848	link	106
Article_3658	France	link	101
other-internal	Article_0339	external	328
other-internal	United_States	external	362
other-internal	Article_0207	external	348
Article_0066	Article_0258	link	46
other-internal	Article_0184	external	111
other-internal	Article_0018	external	147
Article_2181	United_Kingdom	link	239
Article_1539	India	link	193
Article_3819	Article_1441	link	400
Article_2535	Article_0332	link	23
other-internal	Article_0261	external	259
Article_2570	India	link	120
Article_0763	Article_0323	link	227
Article_2744	Article_0092	link	290
Article_2225	Article_0088	link	227
Article_2529	United_States	link	83
Article_0745	Article_0335	link	460
other-internal	United_States	external	312
Article_3744	China	link	391
Article_0468	Russia	link	171
other-internal	Article_0033	external	339
Article_1868	Article_0505	link	71
Article_2059	Article_2278	link	198
Article_0487	Article_0945	link	154
other-search	Article_0052	other	109
Article_1989	Article_1640	link	404
Article_3348	Article_0396	link	88
other-internal	Article_3395	external	226
other-internal	Canada	external	251
Article_2679	YouTube	link	14
other-internal	Article_0109	external	64
Article_1939	Article_0043	link	348
Article_0313	Article_3733	link	368
Article_0935	Article_0129	link	21
Article_2655	India	link	444
Article_0013	China	link	34
other-internal	Article_0618	external	317
Article_2024	Article_0238	link	228
Article_2428	Article_0017	link	206
Article_3013	India	link	226
Article_1258	Article_0493	link	194
Article_3423	YouTube	link	191
other-internal	India	external	157
Article_0076	Article_0378	link	142
other-internal	Article_0027	external	98
other-internal	Article_3673	external	229
Article_1331	Article_2331	link	235
Article_1466	China	link	88
other-internal	Article_0049	external	53
Article_1699	Article_0020	link	351
other-internal	YouTube	external	26
other-internal	Article_1808	external	28
Article_3499	Article_0180	link	90
other-internal	Article_0015	external	314
other-internal	Article_0022	external	379
Article_3845	Article_1971	link	255
Article_3326	Article_0030	link	100
Article_0010	Article_3303	link	115
other-internal	Article_0023	external	168
Article_0826	Article_1160	link	278
other-internal	Article_0014	external	19
Article_1557	Article_0020	link	406
other-internal	Article_0034	external	53
other-internal	Article_2591	external	173
Article_3651	Germany	link	438
Article_0026	Article_0426	link	301
Article_0648	Article_0136	link	204
other-internal	Article_2523	external	357
other-internal	YouTube	external	16
other-search	United_States	other	278
other-internal	Article_2195	external	306
other-internal	World_War_II	external	332
Article_2618	United_Kingdom	link	184
other-search	Article_0041	other	253
Article_2996	Article_0415	link	471
other-internal	Article_0333	external	66
Article_0447	Article_0265	link	381
Article_0289	Article_1134	link	385
Article_0505	Article_1921	link	338
Article_2980	Article_0022	link	228
Article_3238	Article_2121	link	98
other-internal	India	external	377
other-internal	Article_0490	external	384
World_War_II	Article_1088	link	115
Article_2652	France	link	359
Article_1492	Article_0225	link	33
Article_2270	Article_1030	link	301
Article_3209	Article_0840	link	297
Article_3230	Article_1771	link	352
other-search	Article_0028	other	245
other-internal	Canada	external	143
Article_2609	Article_0099	link	255
Article_2708	Article_0130	link	359
other-internal	Article_0121	external	20
other-internal	Article_0726	external	65
Article_1980	United_States	link	182
other-internal	China	external	128
Article_2222	Article_1060	link	132
other-internal	China	external	311
other-internal	China	external	294
other-internal	Article_0127	external	234
Article_0228	United_States	link	364
other-search	China	other	75
other-internal	Article_3471	external	272
Article_1068	China	link	411
Article_1847	Article_1500	link	288
other-internal	Article_0022	external	361
Article_1883	Article_0038	link	13
Article_2584	Article_0310	link	438
Article_1385	Article_0013	link	141
Article_3533	YouTube	link	237
other-internal	Article_0019	external	192
other-internal	Article_0872	external	242
Article_1408	India	link	53
other-search	Canada	other	77
Article_0959	Article_0040	link	492
other-internal	Article_0064	external	197
Article_1725	Article_0372	link	51
Article_2318	Article_0093	link	156
Article_2538	Article_1146	link	18
Article_0913	Article_0722	link	302
other-internal	Article_0098	external	172
Article_2532	Article_0052	link	75
Article_3622	Article_1609	link	409
other-internal	Article_1858	external	30
other-internal	Article_0238	external	321
Article_2948	Article_0367	link	171
Article_0143	Article_2038	link	221
Article_0827	Article_0208	link	300
other-internal	Article_0771	external	362
Article_2517	China	link	196
Article_3939	Article_1533	link	143
other-internal	Article_0042	external	111
other-search	Article_0097	other	106
Article_2924	Article_0015	link	195
other-internal	Russia	external	328
Article_0191	Article_0077	link	198
Article_1996	Article_0482	link	102
other-internal	Article_0087	external	203
Article_2225	Article_0077	link	187
Article_1268	Article_0080	link	64
Article_0422	India	link	431
other-search	World_War_II	other	301
Article_3685	India	link	284
Article_0299	Article_0122	link	19
Article_1567	Article_0160	link	151
other-internal	United_States	external	80
Article_1670	Article_0026	link	225
Article_0919	Article_0432	link	207
Article_2349	Article_0022	link	212
Article_1577	Article_0870	link	86
Article_3008	Article_0129	link	430
other-internal	Article_0013	external	12
Article_3467	Article_3574	link	123
other-search	Article_0384	other	212
Article_1262	India	link	165
Article_0930	Article_0643	link	208
Article_3629	United_States	link	265
Article_2868	Article_0273	link	474
Article_1854	Article_0148	link	257
other-internal	Article_0352	external	43
other-internal	Article_0300	external	253
Article_1694	India	link	191
Article_1373	Article_3363	link	402
Article_0813	Article_1071	link	201
other-internal	United_States	external	83
other-internal	Article_0575	external	235
Article_3952	Article_0016	link	387
other-internal	YouTube	external	206
Article_2866	Article_0272	link	140
other-internal	Article_0198	external	193
other-internal	Article_0135	external	73
other-internal	Article_2581	external	133
other-search	Article_0051	other	388
Article_0510	Article_0341	link	143
other-search	United_States	other	115
Article_1793	Article_0014	link	226
Article_1409	Article_0846	link	17
Article_0234	Article_0665	link	352
Article_3516	India	link	21
other-internal	Article_0030	external	25
other-internal	Article_3414	external	162
other-internal	Article_0016	external	228
other-internal	Article_0041	external	118
Article_0909	Article_1699	link	448
Article_0933	Article_0015	link	56
other-search	Article_0045	other	342
Article_0714	Article_2288	link	78
Article_0320	Article_0960	link	34
Article_0032	Article_1121	link	442
Article_2594	Article_1495	link	126
Article_2593	Article_0082	link	79
Article_3168	Article_0485	link	495
Article_2177	YouTube	link	440
Article_3867	Article_0033	link	353
other-internal	Article_1315	external	93
other-internal	Article_0014	external	33
Article_3275	Article_0050	link	152
Article_3975	Article_0160	link	473
Article_2833	Article_0024	link	324
other-internal	Article_0108	external	54
other-internal	Article_0133	external	341
Article_2812	United_States	link	356
other-search	Article_0516	other	312
Article_2479	United_States	link	457
other-internal	Article_0276	external	329
Article_2799	Article_3515	link	206
Article_0481	China	link	139
Article_0889	Article_1044	link	343
Article_3787	Article_0498	link	56
other-internal	Article_2552	external	260
Article_0940	Article_2079	link	488
Article_3870	Article_3655	link	458
Article_2572	Article_1909	link	206
Article_3386	Article_0125	link	494
Article_2185	Article_0058	link	260
Article_3442	Article_0011	link	390
other-internal	Article_0025	external	31
other-internal	Canada	external	388
Article_1585	Article_0028	link	16
other-internal	Article_3287	external	144
Article_1086	Article_0085	link	330
Article_0482	Article_0100	link	275
Article_3615	Article_1141	link	31
Article_3234	Article_0560	link	33
other-internal	Article_0189	external	276
Article_3225	United_Kingdom	link	359
other-internal	Article_0621	external	238
other-internal	Article_0026	external	186
other-internal	Article_0170	external	298
other-internal	World_War_II	external	162
other-search	China	other	254
Article_0446	Article_0052	link	461
Article_3502	China	link	60
other-internal	Article_0113	external	297
Article_2157	Article_0165	link	270
Article_0018	Article_1225	link	247
Article_3210	Article_3562	link	270
Article_3991	Article_0060	link	57
Article_1821	Article_2161	link	216
Article_3688	Article_0034	link	212
Article_0285	Article_0767	link	81
other-internal	Article_0121	external	82
other-internal	Article_2880	external	189
Article_0071	Article_0041	link	445
Article_1421	Article_1400	link	93
other-internal	Article_0112	external	307
Article_1388	Article_2437	link	40
other-internal	Article_3221	external	302
Article_0078	World_War_II	link	331
Article_1924	Article_1188	link	46
other-search	Article_2027	other	44
Article_3530	United_States	link	307
Article_3127	Article_0196	link	441
other-internal	Article_0028	external	215
Article_2340	United_States	link	76
Article_1274	Article_0126	link	324
Article_1910	France	link	431
Article_2579	Article_2452	link	368
Article_2913	Article_0253	link	149
Article_2743	Article_0247	link	376
other-internal	Article_0251	external	250
Article_3394	Article_2200	link	307
other-internal	Article_0372	external	10
other-internal	Article_1745	external	261
other-search	Article_0313	other	101
other-internal	Article_0152	external	274
Article_1858	Article_1750	link	396
Article_2858	Article_0536	link	14
Article_2544	Article_2586	link	155
other-search	United_States	other	357
Article_2596	Article_1616	link	246
Article_3968	Article_0322	link	237
Article_3428	Article_0643	link	82
Article_1451	Article_0636	link	368
other-internal	India	external	333
Article_3044	Article_0117	link	64
other-internal	Article_0869	external	87
other-internal	Article_0010	external	188
other-internal	Article_0841	external	252
Article_1590	Article_0372	link	495
Article_3187	YouTube	link	63
Article_0099	Article_0753	link	267
Article_0435	Article_2644	link	229
other-internal	Article_0615	external	387
other-search	Article_0622	other	197
Article_2489	Article_1021	link	44
Article_0057	Article_2819	link	111
Article_1218	Article_0028	link	46
other-search	Article_0054	other	148
Article_0142	Article_0012	link	57
Article_0224	Article_2018	link	22
Article_2058	Article_0027	link	497
Article_3455	Russia	link	169
other-internal	India	external	68
Article_3035	Article_1771	link	265
other-internal	Article_1160	external	386
Article_3925	India	link	29
Article_0017	Article_0143	link	467
Article_3688	YouTube	link	228
Article_3189	Article_0432	link	348
Article_0810	Article_0300	link	482
Article_1062	Article_0094	link	98
Article_2227	United_States	link	19
Article_3884	Article_0111	link	458
Article_2534	China	link	448
Article_2652	Article_1090	link	490
Article_1458	Article_2524	link	401
Article_0844	World_War_II	link	354
Article_1326	Article_0224	link	286
Article_1695	Article_0410	link	12
other-internal	United_States	external	57
other-internal	Article_0078	external	282
other-internal	Article_0182	external	158
Article_0812	Article_1832	link	450
other-internal	Article_0649	external	316
Article_2586	Article_0010	link	200
Article_2162	YouTube	link	331
Article_0108	Article_2493	link	44
Article_0757	Article_0303	link	62
other-internal	Article_2996	external	254
other-internal	Article_0486	external	305
other-internal	United_States	external	253
other-internal	France	external	57
other-internal	Russia	external	331
Article_1650	India	link	461
YouTube	China	link	425
Article_1926	Article_1721	link	487
Article_2730	Article_3051	link	330
Article_3597	Article_0566	link	407
Article_2579	Article_3047	link	402
Article_1903	Article_0503	link	186
Article_3038	Article_1907	link	13
Article_0728	Article_0018	link	487
Article_1955	Article_0076	link	198
other-internal	Article_0135	external	365
Article_1249	Article_2784	link	106
Article_0278	Article_0045	link	453
Article_3919	Article_0315	link	163
Article_1352	Article_0035	link	467
other-internal	Article_2957	external	237
Article_3797	Article_3537	link	214
Article_0914	Article_0034	link	442
other-internal	Article_2758	external	287
other-search	Article_0711	other	159
other-internal	Article_1012	external	90
Article_3219	Article_0072	link	149
Article_2661	Article_0044	link	29
Article_2218	Article_3840	link	142
other-search	Article_2672	other	93
other-internal	Article_0178	external	67
Article_3973	Article_0325	link	216
other-internal	World_War_II	external	172
Article_3509	Article_0015	link	348
Article_3337	Article_0082	link	47
Article_2819	World_War_II	link	33
other-search	Article_2228	other	122
other-internal	Article_0162	external	340
other-internal	Article_0549	external	176
other-internal	Article_0018	external	44
other-internal	Article_0460	external	385
Article_2579	YouTube	link	138
Article_2433	Article_3824	link	119
other-internal	United_States	external	122
other-search	Article_0833	other	172
Article_1341	Article_0040	link	281
Article_0644	Article_0027	link	191
Article_2285	YouTube	link	155
Article_3667	Article_0085	link	207
other-search	Article_0132	other	75
Article_3664	Article_0102	link	120
Article_0370	Canada	link	314
Article_2260	Article_2671	link	448
other-internal	United_States	external	336
Article_1908	China	link	207
Article_0751	Article_0527	link	85
Article_2036	Article_0034	link	293
Article_1737	Article_0384	link	209
other-search	Article_0431	other	124
Article_2488	Article_0048	link	141
Article_0547	India	link	423
other-internal	United_States	external	36
Article_1537	Article_1652	link	411
Article_1941	Article_0041	link	145
Article_1942	Article_0028	link	296
other-internal	World_War_II	external	147
Article_3097	Article_3039	link	199
other-search	Article_0292	other	53
Article_2498	Article_3400	link	73
Article_0328	India	link	337
Article_0510	Article_0035	link	457
Article_3904	Canada	link	185
Article_1509	Article_0022	link	399
Article_3255	Article_0243	link	28
Article_2731	Article_1707	link	359
Article_0966	Article_2331	link	20
Article_3044	Article_0013	link	36
other-internal	Article_1335	external	152
other-internal	Article_0940	external	165
Article_2028	Article_0099	link	349
other-search	Article_0532	other	372
Article_1866	United_States	link	122
Article_0378	United_States	link	339
Article_2564	Article_0720	link	216
Article_2770	YouTube	link	181
other-internal	Article_0660	external	183
other-internal	Article_1797	external	100
other-internal	Article_0936	external	345
other-internal	Article_0112	external	131
other-internal	Article_0046	external	102
Article_1549	YouTube	link	417
other-internal	Article_0020	external	66
Article_0633	Article_0035	link	385
Article_2858	Article_0118	link	54
other-search	YouTube	other	192
Article_1646	India	link	139
Article_3252	Article_0012	link	485
Article_0658	China	link	102
Article_1951	Article_0044	link	369
Article_1286	Article_1764	link	237
Article_1793	Article_0142	link	351
other-internal	Article_2869	external	263
Article_0452	Article_0910	link	198
Article_2392	YouTube	link	357
other-internal	Article_2901	external	73
Article_0386	Article_0038	link	172
other-internal	United_States	external	331
Article_0921	Article_0366	link	49
Article_0429	Article_0178	link	193
Article_0919	Article_0304	link	107
Article_2835	Article_0066	link	285
other-search	Article_0011	other	323
Article_3768	Article_0182	link	31
Article_0842	Article_0088	link	469
Article_1857	Article_3089	link	476
Article_0422	Article_1009	link	37
other-internal	Article_0124	external	198
Article_0971	Canada	link	283
Article_0950	Article_1250	link	78
other-search	Article_0015	other	39
Article_1777	Article_0416	link	380
Article_0234	Article_0457	link	331
Article_0072	Russia	link	88
Article_1305	United_States	link	465
Article_1485	World_War_II	link	135
Article_3458	Article_0485	link	126
other-internal	United_States	external	236
other-internal	YouTube	external	262
Article_3076	Article_3739	link	416
other-internal	United_States	external	173
Article_2914	Article_0113	link	216
other-search	United_States	other	149
other-internal	Article_0016	external	122
other-internal	Germany	external	278
Article_2770	Article_0449	link	61
Article_3522	Article_1541	link	167
other-internal	United_States	external	62
Article_3298	Article_0099	link	241
other-internal	Article_0106	external	22
Article_1030	Article_0157	link	172
other-internal	Russia	external	154
other-internal	Article_0016	external	174
Article_2240	Article_1608	link	496
other-search	Article_0098	other	235
Article_3956	Article_0050	link	140
other-internal	Article_0102	external	361
Article_2784	Article_1147	link	228
Article_0013	United_Kingdom	link	98
Article_0775	Article_0564	link	284
Article_1767	Article_0011	link	492
Article_1206	Russia	link	78
Article_2414	India	link	244
Article_3460	Article_0045	link	205
Article_1685	France	link	486
Article_1670	Article_0012	link	480
other-internal	Russia	external	61
other-internal	Article_0741	external	96
other-internal	Article_0198	external	340
Article_3376	Article_0371	link	345
Article_3263	Article_1365	link	422
Article_0588	United_States	link	147
other-search	Article_0016	other	266
other-internal	India	external	236
Article_3503	Article_2038	link	217
Article_2211	Article_3642	link	181
Article_2230	United_States	link	235
Article_0099	Article_2508	link	46
Article_3512	Article_2951	link	367
Article_0332	Article_0804	link	231
other-internal	Article_0807	external	347
other-internal	Article_0084	external	125
Article_3468	Article_0062	link	191
Article_2352	Article_0013	link	64
Article_2293	Article_0172	link	180
Article_2532	China	link	89
Article_3925	Article_0014	link	188
other-internal	Article_0080	external	347
Article_3443	Article_1263	link	496
other-internal	Article_0762	external	229
Article_2731	Article_1554	link	156
Article_1946	United_States	link	437
Article_3923	United_States	link	437
Article_3346	Article_1061	link	187
Article_1387	United_States	link	478
Article_2133	Article_0130	link	158
Article_1115	Article_0021	link	444
other-internal	Article_0221	external	118
other-search	Article_0453	other	164
other-internal	Article_0239	external	321
Article_0723	Article_1577	link	33
other-internal	Article_1550	external	11
Article_3249	United_States	link	32
Article_1849	Canada	link	265
other-internal	France	external	188
other-internal	Article_3220	external	70
other-internal	Article_0262	external	298
Article_3204	India	link	261
Article_3029	Article_2326	link	351
Article_0304	Article_1536	link	345
Article_0570	Article_0012	link	144
Article_0382	Article_0302	link	498
Article_1418	India	link	55
Article_1026	Article_0017	link	378
Article_2845	Article_0802	link	471
Article_2190	Article_0266	link	212
Article_0279	Article_0824	link	414
other-internal	Article_0012	external	319
Article_3756	Article_0084	link	383
Article_2427	Article_0787	link	316
Article_0369	Article_1888	link	443
Article_1889	United_States	link	93
Article_2663	Article_1450	link	151
Article_2175	Article_0565	link	231
Article_2890	Article_1026	link	326
Article_2266	Article_0659	link	305
other-internal	France	external	386
other-internal	Article_0178	external	262
Article_2382	Article_1519	link	89
Article_0193	Article_0024	link	14
other-internal	Article_0209	external	65
Article_0066	Russia	link	356
other-internal	India	external	366
Article_1203	Article_0392	link	200
Article_0099	Germany	link	238
Article_1706	Article_1831	link	481
Article_1411	Article_2496	link	178
Article_0072	Article_0021	link	238
other-internal	Article_0288	external	304
Article_3352	China	link	64
other-internal	Article_0046	external	293
Article_1034	Article_0106	link	118
Article_2358	Article_0333	link	114
Article_3587	United_States	link	87
Article_1558	Article_1029	link	125
other-internal	Article_0014	external	258
Article_2282	Article_0060	link	457
Article_3949	Article_0016	link	23
Article_0287	YouTube	link	147
Article_1467	Canada	link	136
other-internal	France	external	265
Article_2299	India	link	197
other-internal	United_States	external	265
Article_1065	Canada	link	377
Article_2193	Article_0037	link	272
other-internal	Article_0266	external	61
Article_0102	Article_0047	link	477
other-internal	Article_0051	external	281
Article_1021	Article_0706	link	337
other-internal	Article_1361	external	285
other-internal	Article_0632	external	205
Article_3970	Article_2153	link	177
Article_1674	Article_0132	link	142
Article_0867	Article_3529	link	123
Article_1519	United_States	link	32
other-search	India	other	206
other-internal	Article_0110	external	216
Article_2062	Article_0044	link	61
other-internal	Article_1540	external	125
Article_1279	Article_0065	link	392
Article_2990	Article_0128	link	325
other-internal	Article_0662	external	145
Article_1901	Article_0054	link	85
Article_0245	Article_0059	link	498
other-internal	United_States	external	193
other-internal	Article_0139	external	231
Article_3882	Article_0015	link	104
Article_2407	United_States	link	369
Article_0094	United_States	link	105
Article_3231	United_States	link	384
Article_0713	Article_2846	link	292
Article_0565	Article_0126	link	177
other-search	Article_0500	other	213
Article_3332	Article_0010	link	454
other-internal	Article_0164	external	136
other-internal	Article_0393	external	70
Article_3712	Article_0092	link	13
Article_1348	Article_1952	link	94
Article_1378	Article_0102	link	25
other-internal	Article_3543	external	210
Article_3447	Article_1414	link	301
Article_0450	Article_0046	link	353
Article_3067	United_States	link	292
Article_2439	Article_2276	link	450
Article_1576	Article_0739	link	97
other-internal	Article_0062	external	283
Article_3740	Article_0270	link	485
Article_1440	United_States	link	97
other-internal	Germany	external	251
Article_0027	Article_0091	link	352
Article_1342	United_States	link	272
Article_0444	United_States	link	480
Article_2458	Article_0023	link	95
other-internal	Article_0015	external	155
Article_3010	Article_0028	link	407
Article_1506	Article_0611	link	76
Article_1095	Article_2513	link	217
Article_0924	Article_2942	link	309
other-internal	Article_0020	external	372
other-internal	China	external	273
Article_2005	Article_0550	link	266
Article_3332	Article_0026	link	272
Article_2949	India	link	162
Article_3489	Article_0230	link	185
other-internal	Article_0112	external	320
other-search	Article_2378	other	117
Article_2085	Article_3171	link	298
Article_3515	Article_0689	link	240
Article_2603	Article_2259	link	168
Article_0752	Article_1365	link	251
other-internal	World_War_II	external	374
Article_2518	Article_2878	link	265
Article_1919	Article_0018	link	411
Article_0380	Article_0130	link	202
Article_0157	Article_0283	link	66
Article_1641	Article_0139	link	406
other-internal	Article_1256	external	284
other-internal	Article_0799	external	92
other-internal	World_War_II	external	262
other-internal	Article_2514	external	343
other-internal	United_States	external	278
Article_0690	Article_1660	link	359
Article_2913	United_States	link	96
Article_2581	United_Kingdom	link	462
other-internal	Article_0132	external	119
Article_2351	Article_0020	link	452
Article_2996	Article_0077	link	195
other-search	Article_3113	other	283
Article_1223	United_States	link	296
Article_2970	Article_0015	link	146
other-internal	United_Kingdom	external	146
other-internal	India	external	363
other-internal	Article_0040	external	257
Article_3217	Article_3071	link	365
Article_2744	Article_0180	link	224
Article_3755	United_States	link	338
Article_1226	Article_0761	link	307
other-internal	Article_0931	external	335
Article_2170	Article_3319	link	175
Article_0061	Article_0379	link	120
Article_0219	Article_0328	link	427
Article_1169	Article_1291	link	297
Article_1110	Article_1767	link	309
Article_1642	Article_0158	link	403
Article_0095	Article_0021	link	307
other-search	Russia	other	242
Article_0891	Article_0015	link	357
Article_0965	Canada	link	90
Article_0890	Article_0058	link	56
Article_0957	Article_1176	link	247
other-internal	Article_0944	external	253
other-internal	Article_0129	external	370
Article_2716	Article_0030	link	208
other-internal	United_Kingdom	external	166
Article_1733	Article_0031	link	444
Article_2228	Article_0368	link	420
other-internal	Article_0893	external	68
Article_2905	Article_0021	link	178
Article_1408	Article_0058	link	184
Article_2096	YouTube	link	197
Article_0492	Article_0851	link	76
Article_1694	Article_1038	link	109
Article_0294	Article_0476	link	361
Article_1775	Article_0077	link	266
Article_3373	Article_2079	link	101
Article_0873	Article_0950	link	400
Article_2966	Article_0131	link	57
Article_3468	Article_0284	link	180
Article_1996	Article_0097	link	437
Article_1412	Article_0283	link	415
Article_2220	Article_0828	link	91
Article_2460	Article_0032	link	390
other-internal	World_War_II	external	187
Article_1257	Article_3685	link	110
other-internal	Article_2890	external	361
Article_1831	Article_0063	link	126
other-internal	Article_0014	external	189
Article_3453	United_States	link	210
Article_3426	Article_0043	link	216
Article_2219	Article_0471	link	379
Article_3713	Article_0073	link	417
Article_1833	Article_0305	link	28
Article_3885	Article_0035	link	367
Article_2643	Article_1949	link	225
other-internal	Article_1279	external	240
Article_2672	Article_0612	link	80
Article_1052	World_War_II	link	256
Article_0932	Article_0030	link	68
other-internal	Article_1673	external	321
other-internal	India	external	258
Article_2335	Article_0719	link	369
other-internal	Article_0025	external	371
Article_0298	United_States	link	112
Article_1930	Article_0339	link	455
Article_0489	Article_1971	link	216
Article_3743	Article_2981	link	155
other-internal	Article_0251	external	13
Article_2026	Article_0017	link	418
Article_2648	India	link	333
Article_0110	Article_1008	link	233
Article_2324	Article_0129	link	410
Article_1518	Article_2934	link	37
other-internal	Article_0020	external	54
Article_3363	Article_0591	link	377
other-internal	Article_2660	external	386
other-internal	United_States	external	55
Article_1965	Article_2589	link	431
Article_1376	Article_0102	link	255
Article_0038	World_War_II	link	196
Article_3912	Article_0459	link	114
Article_2262	Article_0035	link	317
Article_3475	World_War_II	link	118
other-search	Article_2484	other	359
Article_2009	China	link	210
Article_2878	Article_0784	link	41
Article_2913	Article_0177	link	125
Article_3666	United_States	link	321
other-internal	Article_0030	external	244
Article_3950	Article_0030	link	357
Article_2657	Article_1055	link	209
Article_1353	Article_0013	link	342
Article_2175	Article_1173	link	86
Article_2694	Article_0157	link	221
Article_3289	Article_1002	link	96
other-search	Article_0419	other	84
other-internal	World_War_II	external	389
Article_0514	Article_1414	link	384
Article_1854	India	link	157
Article_2548	Article_0011	link	177
other-search	Article_0060	other	114
Article_0504	Article_0014	link	316
Article_3604	Article_0574	link	481
Article_1799	Article_0933	link	465
other-internal	Article_0021	external	174
Article_0137	Article_2944	link	166
Article_3932	United_States	link	155
other-internal	Article_0018	external	350
other-internal	Article_0152	external	156
Article_3204	Article_3475	link	121
other-internal	Article_0385	external	35
Article_2293	Article_1094	link	397
other-internal	Article_0113	external	125
Article_1286	Article_0010	link	202
other-internal	Article_2650	external	240
Article_0929	Article_0572	link	78
Article_3200	Article_2717	link	114
Article_3419	Article_0213	link	66
Article_0019	Article_0035	link	62
other-internal	Article_0095	external	322
other-internal	Article_1756	external	12
Article_1968	Article_0017	link	335
other-internal	Article_0361	external	231
other-internal	United_Kingdom	external	295
Article_3051	Article_3572	link	341
other-internal	Article_0021	external	161
Article_3912	Article_3658	link	474
Article_3507	Article_0160	link	134
Article_2167	United_States	link	246
other-internal	Article_0671	external	221
other-internal	Article_0108	external	321
other-internal	United_States	external	372
Article_3145	Article_0224	link	277
other-internal	Article_0123	external	296
Article_2184	Article_2560	link	53
Article_1537	Article_0452	link	400
Article_0613	Article_0018	link	156
Article_3792	Article_0030	link	372
Article_3184	Article_0019	link	97
Article_3075	Article_1245	link	475
Article_0949	Article_0269	link	54
Article_2951	India	link	170
Article_0045	United_Kingdom	link	321
other-internal	Article_1013	external	351
other-search	France	other	358
other-search	Article_1955	other	280
other-search	Article_0012	other	15
China	Article_0163	link	104
Article_2828	Article_0028	link	365
Article_3387	Article_0918	link	221
other-internal	United_States	external	158
Article_2547	Article_0010	link	338
Article_2620	Article_0035	link	203
Article_1822	Article_3357	link	210
Article_2741	United_States	link	249
Article_0553	Article_0056	link	187
Article_2774	Article_1726	link	425
Article_0408	Article_0111	link	285
Article_1003	Article_0119	link	486
Article_3756	United_Kingdom	link	122
Article_0529	Russia	link	214
Article_0350	Article_0037	link	141
Article_2217	Article_0933	link	218
Article_2286	Article_0032	link	210
Article_3899	Article_0014	link	65
Article_1679	Article_0181	link	330
Article_0730	Article_0568	link	221
other-search	Article_0425	other	171
other-internal	Article_0263	external	322
Article_2275	Article_0105	link	472
Article_1154	Article_0169	link	35
other-internal	Article_0133	external	18
Article_3787	Article_0023	link	460
other-internal	Article_3782	external	334
Article_0158	Article_0020	link	349
Article_0154	Article_0714	link	496
Article_1773	Article_0011	link	411
other-internal	Article_3920	external	325
other-internal	Russia	external	106
Article_2833	YouTube	link	442
Article_0331	Article_0951	link	309
other-search	Article_1540	other	79
Article_1246	Article_0340	link	152
other-internal	Article_0986	external	202
other-search	Article_0131	other	365
Article_0276	Article_0013	link	449
Article_3619	Article_0018	link	92
Article_0551	India	link	407
Article_1111	Article_0143	link	195
Article_1849	Article_2527	link	303
Article_1476	Article_0108	link	217
Article_2411	Article_2045	link	286
other-search	Article_0056	other	236
Article_2275	Article_0022	link	249
other-internal	Article_0360	external	302
Article_1451	Article_1083	link	272
other-internal	Article_0381	external	398
Article_2790	United_Kingdom	link	169
other-internal	Germany	external	78
other-internal	Article_0019	external	389
Article_2831	Article_0177	link	431
other-internal	Article_2738	external	27
Article_1439	Article_0011	link	210
other-internal	Article_0022	external	338
other-internal	Article_0066	external	122
other-internal	Article_0131	external	143
Article_3041	Article_0147	link	71
Article_0400	Article_1511	link	306
Article_2113	Article_0135	link	293
Article_2891	Article_0315	link	168
Article_1309	Article_2156	link	182
other-internal	Article_2407	external	312
Article_1386	Article_0209	link	289
Article_0174	Article_0370	link	458
other-internal	Article_2284	external	256
Article_2663	Article_0017	link	143
Article_1897	Article_0158	link	182
Article_3855	Article_0055	link	52
Article_3398	Article_0051	link	334
Article_3773	Article_3789	link	481
Article_0616	Article_0013	link	313
Article_2659	India	link	274
other-internal	Article_0050	external	180
Article_1414	Article_0299	link	329
Article_1513	Article_2231	link	191
Article_0499	Article_0633	link	454
Article_2830	Article_0014	link	380
Article_1109	Article_0201	link	355
other-internal	Article_0130	external	357
Article_3054	Article_1315	link	108
Article_0584	World_War_II	link	116
Article_0214	Article_0046	link	272
Article_1292	Article_0497	link	124
other-internal	Article_0463	external	348
other-internal	Article_0076	external	358
other-internal	Article_0107	external	391
other-internal	Article_1346	external	88
other-internal	Article_2689	external	382
Article_3826	India	link	284
other-search	Article_0226	other	277
other-internal	Article_1130	external	44
Article_0398	Article_1181	link	50
other-search	Article_0344	other	78
Article_2216	Article_1581	link	407
Article_0074	United_States	link	250
other-internal	Article_0210	external	349
Article_3530	Article_1010	link	191
Article_3915	Article_0107	link	440
Article_1340	China	link	294
Article_3577	Article_0209	link	84
Article_0609	India	link	43
Article_0380	Article_0056	link	484
Article_2488	Article_0463	link	379
Article_1030	Article_0021	link	29
Article_2326	Article_2064	link	313
Article_0470	Article_1553	link	412
Article_3545	Article_0426	link	396
Article_2345	Article_0486	link	125
other-internal	Article_0057	external	256
Article_3215	Article_3209	link	85
Article_2275	Article_3596	link	40
other-search	United_States	other	315
Article_3066	Article_1571	link	34
Article_3124	Article_0064	link	418
other-internal	Canada	external	46
Article_3964	Article_0047	link	210
Article_3048	Article_0969	link	174
Article_3532	Article_1457	link	205
other-internal	Article_0121	external	393
Article_3811	World_War_II	link	65
Article_3918	Article_3720	link	168
Article_1347	United_States	link	406
other-internal	YouTube	external	253
other-internal	Article_0693	external	245
Article_3222	United_States	link	267
Article_3271	Article_0195	link	486
Article_1508	Article_0079	link	131
Article_3904	Article_0793	link	240
Article_3946	Article_1279	link	441
Article_2267	Article_0820	link	31
other-internal	United_States	external	74
Article_2265	Article_3423	link	12
Article_0541	Article_1017	link	450
Article_1567	Article_0755	link	28
Article_1236	Article_0237	link	36
other-internal	Article_1641	external	156
Article_0729	China	link	471
Article_1646	Article_0031	link	334
Article_1835	Article_0026	link	341
Article_0668	Article_2595	link	180
Article_1848	YouTube	link	420
other-internal	Article_0868	external	24
other-internal	Article_0024	external	238
other-search	China	other	150
other-search	Article_0085	other	365
other-internal	Article_0570	external	384
Article_2230	Article_0838	link	422
Article_0622	Article_0530	link	282
other-search	Article_0190	other	295
Article_1671	China	link	179
other-internal	World_War_II	external	218
Article_3247	Article_0015	link	63
Article_0637	Germany	link	73
other-internal	United_States	external	307
Article_2083	Article_3833	link	158
Article_0432	Article_3531	link	415
Article_2815	China	link	77
Article_3543	Article_0062	link	117
Article_3480	Article_0074	link	444
Article_3346	Article_0073	link	193
Article_1197	India	link	382
Article_1243	Article_0529	link	414
Article_0513	Article_0294	link	109
Article_0743	Article_1514	link	112
other-internal	Article_0079	external	263
Article_0233	Article_1107	link	359
Article_2458	Article_0046	link	136
Article_0102	India	link	293
Article_0568	Article_0176	link	472
Article_3420	Article_0197	link	434
Article_1296	Article_0029	link	256
Article_2655	United_States	link	54
Article_0072	Article_0116	link	415
Article_0337	Article_0013	link	412
Article_3394	Article_3019	link	142
Article_1516	Article_0786	link	193
Article_0166	United_Kingdom	link	229
Article_0670	World_War_II	link	172
Article_1924	Article_0010	link	301
Article_2374	Article_0277	link	14
Article_3653	Article_3160	link	156
other-internal	Article_1485	external	104
Article_2967	Article_0736	link	70
Article_2274	Article_1134	link	239
other-internal	Article_0040	external	151
Article_1955	Article_0025	link	479
Article_2117	Germany	link	426
Article_2116	Article_0161	link	442
Article_1499	Article_2708	link	426
other-internal	Article_0881	external	58
other-internal	Article_0460	external	250
other-search	India	other	11
Article_2272	Article_0450	link	388
other-internal	United_Kingdom	external	103
Article_3659	Article_0103	link	253
other-internal	United_States	external	105
Article_2363	United_States	link	38
other-internal	Article_0011	external	173
Article_1203	Article_2325	link	219
Article_2100	Article_0209	link	109
Article_2124	India	link	209
Article_2679	Article_0388	link	112
Article_2573	Article_2151	link	156
Article_3536	Article_1625	link	426
Article_0668	Russia	link	327
other-internal	China	external	10
Article_0997	Article_0013	link	103
Article_1087	YouTube	link	90
Article_3800	Article_0510	link	153
Article_1386	Article_0198	link	244
Article_1799	World_War_II	link	27
other-internal	Article_0051	external	63
Article_0753	Article_0206	link	35
Article_2354	Russia	link	223
other-search	Article_2361	other	260
Article_1556	Article_2516	link	441
Article_2501	Article_1282	link	474
Article_0332	India	link	58
other-internal	Article_3205	external	363
Article_3184	Article_0056	link	87
Article_0938	Article_0962	link	113
Article_0339	Article_2580	link	270
Article_2490	China	link	153
other-internal	Article_0121	external	167
other-search	Article_0729	other	306
Article_1150	Article_0015	link	316
other-internal	Article_0474	external	68
other-internal	Article_0010	external	72
other-internal	India	external	395
Article_2628	United_States	link	480
Article_2470	Article_1650	link	104
other-search	Article_0142	other	318
Article_3292	United_Kingdom	link	360
other-internal	Article_0350	external	98
Article_3046	Article_2268	link	119
other-search	Article_0012	other	123
Article_2892	Article_0915	link	236
other-internal	Article_0032	external	158
Article_2272	United_States	link	439
Article_3634	Article_0859	link	350
Article_3199	Article_0014	link	130
other-internal	World_War_II	external	164
Article_3188	Article_0596	link	356
Article_2665	Article_1409	link	484
Article_1622	Article_3772	link	353
Article_3953	Article_0024	link	144
Article_3130	Article_0870	link	279
other-internal	Article_0021	external	335
Article_1032	Article_0742	link	101
other-internal	Article_0315	external	318
Article_3468	Article_0236	link	25
Article_0182	China	link	63
other-search	Article_0161	other	389
Article_1391	Article_0022	link	45
Article_3296	Article_1371	link	322
other-internal	Article_0036	external	17
Article_2238	Article_0117	link	437
Article_2007	United_Kingdom	link	27
Article_0974	Article_0204	link	491
Article_0775	Germany	link	238
other-search	Article_0040	other	104
Article_3536	United_States	link	357
Article_2396	Article_0357	link	426
Article_2573	Article_0124	link	128
Article_3358	Article_0183	link	128
other-search	World_War_II	other	334
Article_2171	Article_0209	link	245
Article_3537	Article_0340	link	92
Article_1040	Article_0010	link	356
Article_2323	Article_0793	link	409
other-internal	Article_0432	external	54
Article_0093	Germany	link	164
Article_0178	Article_2095	link	139
other-internal	India	external	28
Article_0454	Article_0261	link	377
other-search	Article_0455	other	113
Article_2667	Article_0324	link	89
Article_2321	Article_0723	link	449
Article_3619	Article_0042	link	477
Article_3039	Article_0948	link	270
other-internal	United_States	external	28
Article_0211	United_Kingdom	link	15
Article_3222	Article_0317	link	216
Article_2846	Article_2573	link	80
Article_3231	Article_0082	link	209
Article_2759	India	link	339
Article_1411	France	link	91
other-internal	India	external	173
Article_1140	Article_0157	link	289
Article_3368	Article_0049	link	50
Article_1183	United_States	link	410
Article_1001	Article_3370	link	120
Article_2442	World_War_II	link	363
other-internal	Article_0122	external	299
other-internal	Article_2958	external	386
other-internal	Article_1334	external	163
other-internal	Article_2276	external	215
other-internal	Article_3329	external	151
Article_0436	Article_0193	link	318
Article_0850	United_Kingdom	link	483
Article_0355	Article_1937	link	196
Article_1048	Article_0551	link	301
Article_0270	Article_0165	link	114
Article_0752	Article_0183	link	75
other-internal	United_Kingdom	external	42
other-search	Article_0091	other	90
other-search	Article_0254	other	48
other-internal	Article_1524	external	80
Article_0010	Article_0051	link	225
Article_1072	Article_0664	link	405
other-internal	Article_0118	external	150
Article_3143	Article_0032	link	248
Article_2782	Article_0161	link	144
Article_1373	United_Kingdom	link	492
other-internal	Article_0250	external	38
Article_0718	Article_2803	link	493
other-internal	United_States	external	192
Article_3900	Article_0024	link	275
Article_2438	Article_0011	link	256
Article_2165	Article_0631	link	363
Article_2111	Article_1444	link	383
Article_1898	Article_0053	link	84
Article_3344	Article_1132	link	149
Article_2852	Article_0785	link	273
Article_1464	Article_0309	link	260
other-internal	Article_0526	external	278
Article_3621	Article_3746	link	463
other-internal	Article_0026	external	136
Article_0539	China	link	148
Article_3373	Article_1364	link	222
Article_1096	Article_0014	link	213
Article_1553	Article_0446	link	371
Article_0831	Article_0056	link	416
Article_2783	Article_1238	link	217
Article_1361	Article_1384	link	226
Article_2159	India	link	495
other-internal	Article_0174	external	52
other-internal	China	external	385
Article_1010	Russia	link	270
Article_2633	United_States	link	150
Article_3760	Article_0616	link	99
Article_3374	Article_0535	link	388
Article_1751	India	link	381
Article_0189	Russia	link	336
other-search	Article_0726	other	352
Article_1488	Article_0019	link	433
other-internal	Article_0189	external	247
Article_0619	Article_2050	link	136
other-internal	United_States	external	247
Article_1950	Article_2755	link	260
other-internal	United_States	external	337
Article_1653	Article_1205	link	80
Article_1244	Article_0091	link	339
other-search	Article_3113	other	182
Article_3342	Article_0178	link	413
Article_1609	Article_1653	link	498
Article_0704	Article_0053	link	355
Article_1356	Article_0225	link	359
other-internal	Article_0719	external	306
other-internal	Article_0017	external	134
Article_3584	Article_0015	link	293
other-search	Article_2898	other	242
Article_1830	Article_0050	link	273
other-internal	Article_0410	external	105
Article_2401	United_States	link	75
Article_0670	Article_0024	link	154
Article_2480	Article_0911	link	417
Article_3710	Article_0011	link	402
Article_0854	Article_0055	link	488
Article_1808	Canada	link	270
Article_2863	Article_2094	link	361
other-internal	Article_3536	external	174
other-internal	Article_0051	external	177
Article_0626	United_States	link	79
other-internal	United_States	external	362
Article_3198	China	link	360
Article_1839	Article_0018	link	115
other-internal	Article_1457	external	191
Article_2790	Article_0030	link	301
other-internal	Germany	external	261
Article_3726	Article_2178	link	170
Article_1026	YouTube	link	182
other-internal	Article_0573	external	397
Article_2122	Article_0071	link	48
Article_3679	Article_0318	link	21
Article_0596	Article_0024	link	248
Article_2529	India	link	387
Article_2206	YouTube	link	167
other-internal	India	external	131
other-internal	China	external	291
other-internal	World_War_II	external	229
Article_0826	Article_0392	link	107
Article_2298	Article_0013	link	49
Article_1312	Article_2056	link	374
other-internal	India	external	381
other-internal	Article_0026	external	306
Article_0135	Article_0021	link	207
Article_3444	Article_1554	link	446
other-internal	Germany	external	150
Article_2056	China	link	273
other-internal	Article_0702	external	26
Article_0710	Article_0031	link	23
Article_2547	Article_0056	link	74
other-internal	Article_3789	external	318
other-internal	Article_1148	external	138
Article_1009	Article_0122	link	457
other-internal	Article_2451	external	96
Article_0074	Article_0722	link	228
Article_2472	Article_0022	link	200
Article_3564	Article_1542	link	221
Article_1336	France	link	386
Article_0254	United_States	link	107
Article_3879	Article_0399	link	452
Article_2966	Article_0367	link	54
Article_3856	United_States	link	80
Article_1349	Article_3702	link	475
other-internal	Article_0058	external	30
Article_2938	Article_0046	link	45
other-internal	Article_0137	external	261
other-internal	Article_0096	external	372
Article_3453	Canada	link	354
Article_3322	YouTube	link	56
Article_2499	United_States	link	244
Article_1813	Article_0044	link	369
Article_0350	Canada	link	213
other-internal	Article_0015	external	38
Article_3651	Russia	link	197
Article_2348	Article_1554	link	169
Article_0873	Article_0045	link	473
other-search	United_States	other	15
Article_1812	Article_0014	link	202
other-internal	World_War_II	external	166
other-internal	Article_0025	external	275
other-internal	Canada	external	163
Article_2980	Article_0502	link	341
Article_2930	United_States	link	338
Article_3792	United_States	link	127
Article_2067	Article_0279	link	63
other-internal	YouTube	external	158
other-internal	Article_0275	external	28
other-internal	Article_1210	external	94
other-internal	United_Kingdom	external	189
Article_2405	Article_0834	link	57
other-internal	Article_0120	external	378
Article_0390	United_Kingdom	link	155
Article_0517	Russia	link	59
Article_2519	Article_0012	link	49
Article_3122	United_States	link	415
Article_3808	Germany	link	446
Article_3824	Article_0014	link	309
Article_3645	Article_1134	link	252
other-internal	Article_3170	external	114
other-internal	Article_1494	external	272
Article_2373	India	link	493
other-internal	Article_1233	external	267
other-search	Article_0714	other	202
Article_3304	Article_0898	link	296
Article_2958	Article_1473	link	449
Article_0268	Article_0034	link	400
Article_0867	Article_0051	link	271
Article_2987	Article_0033	link	21
other-internal	Article_1908	external	23
Article_0235	World_War_II	link	204
other-internal	United_States	external	171
other-internal	Article_0729	external	167
Article_1891	Article_1082	link	156
Article_3209	Article_2153	link	407
Article_2917	Article_0456	link	306
Article_2878	Canada	link	274
Article_3337	United_States	link	485
Article_2422	Article_0031	link	201
Article_1423	Article_0605	link	351
Article_0457	YouTube	link	452
Article_1490	United_Kingdom	link	404
Article_3506	Article_0296	link	323
other-internal	Article_0076	external	231
Article_3529	Article_0148	link	457
Article_3300	Article_0536	link	263
Article_3263	Article_0257	link	27
Article_0752	Article_3471	link	409
Article_0936	Article_3187	link	259
other-internal	Article_0805	external	305
Article_1577	World_War_II	link	186
Article_1831	India	link	354
other-internal	Article_0265	external	198
other-internal	Article_0012	external	348
other-search	Article_0290	other	93
other-internal	Article_0753	external	367
Article_2849	Article_0023	link	330
Article_3372	Article_1232	link	355
Article_1027	Article_1565	link	236
other-internal	Article_0099	external	391
other-search	Article_0018	other	282
Article_2728	Article_1558	link	12
Article_3418	World_War_II	link	240
Article_0942	Article_0048	link	176
other-internal	Article_1929	external	238
other-internal	Article_0322	external	184
Article_0225	Article_0103	link	417
other-internal	Article_0510	external	283
Article_1319	Article_0214	link	321
Article_2744	Article_0297	link	441
Article_1916	Article_3454	link	271
Article_3556	Article_0131	link	460
Article_1168	Article_0061	link	259
Article_2894	Article_1152	link	240
other-internal	United_States	external	279
Article_0198	Article_0019	link	469
Article_3571	Canada	link	196
Article_0607	Article_0131	link	119
Article_0062	Article_0027	link	214
other-internal	Article_0574	external	54
other-internal	YouTube	external	101
other-internal	Article_2273	external	168
Article_1496	Article_0073	link	83
Article_0480	Article_0034	link	74
Article_2415	Article_0150	link	397
Article_0709	Article_0010	link	326
other-internal	Article_1574	external	366
Article_2034	Article_0065	link	127
Article_1609	Article_0616	link	193
Article_0456	Article_2328	link	244
Article_2944	Article_2794	link	347
other-internal	Article_0025	external	21
Article_0068	Article_0845	link	53
Article_1816	Article_0862	link	390
other-internal	Article_0035	external	183
Article_2485	India	link	192
Article_1213	Article_0071	link	259
Article_1513	Article_0724	link	43
Article_1052	Article_0338	link	25
Article_1759	Article_2370	link	327
Article_0591	Article_2122	link	270
Article_1593	Article_0554	link	169
other-internal	United_States	external	121
other-internal	United_States	external	44
other-search	Article_0011	other	17
other-internal	Russia	external	335
Article_0964	Article_0141	link	370
other-internal	Article_0036	external	128
other-search	Article_0201	other	80
Article_1730	Article_0227	link	171
other-internal	Article_0456	external	362
other-internal	Article_0097	external	239
Article_1346	Article_0170	link	310
Article_0513	Article_0194	link	132
Article_0207	Canada	link	202
other-internal	Article_0049	external	182
Article_1728	Article_0125	link	104
Article_3089	Russia	link	80
Article_2364	Article_0023	link	376
Article_2028	Article_0040	link	117
other-search	United_States	other	324
Article_2405	Article_0020	link	56
Article_1086	Article_0420	link	410
Article_2676	Article_0959	link	257
Article_0187	Article_1565	link	313
Article_2646	Article_0041	link	36
Article_2792	Article_1100	link	468
Article_3759	Article_0077	link	428
Article_0595	China	link	257
Article_2305	Article_0394	link	378
other-internal	Article_0012	external	233
Article_2124	Article_0347	link	350
Article_3853	Article_0072	link	159
other-internal	Article_0105	external	240
Article_2140	Article_0151	link	399
Article_2646	Article_3766	link	181
other-internal	Article_0033	external	71
other-internal	Article_0959	external	42
other-internal	Article_2417	external	52
other-internal	Article_1810	external	30
Article_0468	Article_2309	link	311
Article_0425	Article_0324	link	243
other-internal	Article_2004	external	169
Article_0846	Article_0036	link	219
Article_2987	Article_0068	link	284
Article_0474	World_War_II	link	207
other-internal	Article_0010	external	141
Article_1363	Article_0037	link	232
Article_3288	Article_2260	link	45
other-internal	Article_0024	external	285
Article_3367	Article_0098	link	320
Article_2282	Article_1329	link	189
Article_1401	Article_2934	link	372
other-internal	Canada	external	209
other-internal	Article_1639	external	63
other-internal	France	external	293
Article_3171	Article_3714	link	342
Article_1908	Article_1052	link	454
Article_2430	India	link	147
other-internal	Article_1955	external	374
other-internal	Article_0125	external	61
Article_0568	United_States	link	32
other-internal	India	external	343
Article_2589	Article_0067	link	221
Article_2976	Article_0034	link	76
Article_3063	India	link	129
other-internal	United_States	external	87
other-internal	Article_0232	external	14
other-internal	Article_3372	external	202
Article_0848	Article_0079	link	441
other-internal	United_States	external	38
Article_3579	France	link	309
Article_2847	Article_0140	link	325
Article_2677	Article_3506	link	471
other-internal	Article_0021	external	354
Article_3553	Article_1088	link	445
Article_1989	Article_0018	link	71
other-internal	Article_0776	external	179
Article_3758	Article_0378	link	337
Article_0359	Article_0599	link	265
Article_0136	Article_0231	link	66
Article_0733	Article_2201	link	61
other-search	Article_0032	other	22
Article_0185	Article_0304	link	360
other-internal	Germany	external	177
other-search	Article_3466	other	394
Article_1275	Article_0732	link	337
Article_0926	United_Kingdom	link	267
Article_1341	Article_1028	link	29
Article_0358	Article_0448	link	159
Article_0067	Article_0318	link	283
Article_0549	Article_0016	link	125
Article_0865	Article_0525	link	345
Article_2131	United_States	link	325
Article_0741	Article_0952	link	290
Article_2108	Article_2277	link	82
other-internal	Article_0419	external	140
Article_2103	China	link	90
Article_3479	Article_2101	link	345
other-internal	Article_3506	external	214
other-internal	Article_2989	external	177
Article_2335	Article_1236	link	227
Article_1483	Article_3473	link	289
Article_2642	Article_0827	link	204
other-internal	Article_0209	external	277
Article_1893	Canada	link	144
Article_0461	Article_0597	link	441
Article_0960	Article_3001	link	117
Article_0332	Article_0028	link	392
Article_1074	Article_0045	link	180
Article_1129	Article_2189	link	17
Article_1722	Article_0144	link	53
Article_3802	Article_1584	link	49
other-internal	Article_0169	external	308
other-internal	India	external	281
Article_0521	Article_0025	link	132
Article_3583	Article_0267	link	133
Article_3278	Article_0085	link	207
Article_1654	World_War_II	link	330
Article_2107	World_War_II	link	335
Article_3179	India	link	217
Article_0583	Article_2026	link	40
other-internal	Russia	external	269
Article_2018	Article_0134	link	53
Article_3151	Article_0177	link	14
Article_2024	Article_0140	link	181
Article_0543	Article_3148	link	337
Article_2840	Article_0277	link	225
other-internal	Article_0843	external	23
Article_0168	India	link	36
other-internal	Article_0059	external	316
other-internal	Article_0083	external	106
Article_3467	Article_0038	link	313
Article_3438	Article_0021	link	413
Article_2392	Article_0027	link	29
Article_3886	Article_0124	link	387
Article_2047	Article_3468	link	378
Article_0414	Article_0014	link	141
other-search	World_War_II	other	246
other-internal	Article_3570	external	230
Article_2847	Article_1167	link	260
Article_1720	Article_0026	link	314
Article_1792	Article_3104	link	123
Article_0014	Article_0010	link	243
Article_3670	Article_0064	link	174
other-search	France	other	147
other-internal	Article_0417	external	70
Article_1694	Canada	link	315
other-internal	Article_0152	external	215
Article_0520	Article_0054	link	34
Article_1088	Article_0130	link	133
other-internal	Article_1724	external	393
Article_2747	Article_1435	link	175
Article_2709	Article_1855	link	286
Article_2602	Article_2525	link	483
Article_3669	Article_0384	link	287
Article_0111	United_States	link	73
Article_0588	Article_0564	link	255
Article_0978	Article_0460	link	383
other-internal	Article_1909	external	365
Article_3523	Article_2150	link	329
Article_3017	Article_1372	link	403
Article_0834	China	link	456
other-internal	Article_0197	external	225
Article_0547	Article_0029	link	327
Article_1095	Article_0589	link	463
other-internal	Article_1077	external	308
other-internal	Article_2482	external	350
other-internal	Article_0123	external	238
Article_2320	Article_0673	link	327
other-internal	Article_0434	external	389
Article_1680	Article_1222	link	210
Article_0116	Article_2442	link	286
other-search	Article_0047	other	102
Article_1116	China	link	91
Article_1019	Article_0032	link	111
Article_3327	India	link	450
Article_2692	Article_0031	link	469
Article_2430	United_Kingdom	link	144
Article_3841	Article_0222	link	33
other-internal	Article_0357	external	208
Article_2005	YouTube	link	91
Article_3772	Article_3074	link	276
Article_2165	China	link	398
Article_0064	Article_0662	link	51
Article_0504	Article_0602	link	272
other-internal	Article_0015	external	114
Article_0175	Article_0100	link	484
other-internal	Article_0692	external	356
Article_3457	China	link	471
Article_2873	Article_1604	link	177
Article_2172	Article_0330	link	486
other-internal	Article_0052	external	247
Article_2729	Article_1768	link	230
Article_3898	Article_3436	link	310
other-internal	Article_0029	external	275
other-internal	World_War_II	external	122
Article_2969	Article_0084	link	478
Article_3963	Article_0623	link	57
Article_0758	Article_1588	link	267
other-internal	Article_3061	external	376
other-internal	Article_0224	external	350
Article_2761	Article_0078	link	437
other-internal	United_States	external	94
Article_3513	France	link	396
other-internal	Article_3109	external	256
other-internal	Article_0032	external	135
Article_0720	Article_0596	link	94
Article_2009	Article_0747	link	182
other-search	Article_0034	other	47
other-internal	Article_0031	external	265
other-internal	United_States	external	119
Article_2241	Russia	link	10
other-internal	Article_1238	external	110
other-internal	India	external	363
Article_1396	United_Kingdom	link	333
Article_3319	Article_1266	link	288
Article_1090	Article_1217	link	489
Article_1937	Germany	link	187
Article_1905	Article_0325	link	446
Article_3283	United_States	link	272
Article_3291	Article_0103	link	39
Article_1564	Article_0336	link	288
Article_2555	Article_0122	link	360
Article_3811	Article_0014	link	361
other-internal	Article_0563	external	310
Article_0172	Article_3251	link	443
other-internal	Russia	external	217
Article_3063	Article_1241	link	330
other-internal	Article_0915	external	282
Article_1680	Article_0078	link	316
Article_0305	Article_0539	link	59
other-internal	Article_0287	external	38
Article_1472	Canada	link	117
Article_1293	Russia	link	446
Article_2625	Article_0133	link	17
Article_2951	Article_3032	link	374
Article_2292	Article_0114	link	254
Article_3203	United_States	link	279
other-internal	United_Kingdom	external	100
Article_0404	Article_0531	link	189
Article_0600	Article_0185	link	144
Article_3904	YouTube	link	215
Article_1374	Article_0081	link	422
Article_0391	Article_0142	link	467
other-internal	Article_2305	external	127
other-internal	Article_0209	external	132
Article_0901	Article_0419	link	329
Article_3058	Article_2059	link	389
Article_3932	Article_0424	link	387
Article_3166	Article_0655	link	352
Article_1897	Article_0092	link	377
Article_3469	Article_0014	link	211
Article_2815	India	link	407
Article_0468	Article_0010	link	85
other-search	World_War_II	other	66
Article_3842	Article_0171	link	280
Article_2064	Article_0968	link	254
Article_2243	Article_0700	link	130
Article_0799	Article_0150	link	222
Article_0805	Article_0461	link	84
Article_2005	Article_0090	link	268
other-search	Article_1212	other	186
Article_2018	Article_1819	link	361
other-internal	Article_0124	external	312
Article_0078	Article_0110	link	403
Article_1400	Article_0042	link	64
Article_3161	Article_0176	link	429
Article_3901	United_States	link	360
Article_0833	Article_1646	link	300
Article_1623	Article_0111	link	250
Article_3208	Article_2236	link	370
other-internal	France	external	392
Article_1967	Article_3518	link	262
Article_3806	Article_0014	link	85
Article_0309	India	link	275
other-internal	Article_0034	external	353
Article_1364	Article_1241	link	446
Article_3123	Article_0022	link	61
Article_2385	Article_0042	link	82
Article_0873	Article_0031	link	64
Article_1239	Article_0011	link	495
other-internal	Article_0032	external	180
Article_1530	Article_1293	link	215
other-internal	Article_0103	external	296
Article_0595	Article_0024	link	337
other-internal	Article_0070	external	70
Article_2128	United_States	link	116
Article_0377	Article_2171	link	15
other-internal	Article_0013	external	256
other-internal	Article_0173	external	25
Article_3886	Article_1035	link	63
Article_0707	Article_0285	link	313
Article_3630	Germany	link	88
Article_2170	Article_1633	link	327
Article_2112	India	link	328
other-internal	Article_0033	external	345
Article_1993	Article_0370	link	155
Article_0470	Germany	link	415
other-internal	Article_2464	external	389
other-internal	India	external	231
Article_0334	Article_0731	link	11
other-search	YouTube	other	41
Article_1400	Article_1076	link	291
Article_2899	Article_2063	link	212
other-internal	Article_0042	external	89
other-internal	Article_0118	external	337
other-internal	Article_0587	external	320
other-internal	Article_0996	external	302
Article_2131	Article_0340	link	111
Article_1749	Article_0057	link	209
Article_0922	Article_0289	link	407
Article_2560	United_Kingdom	link	369
Article_2710	Article_1169	link	227
Article_0774	Article_0027	link	422
Article_0223	Article_1674	link	167
other-internal	Article_0044	external	119
other-internal	Article_0215	external	315
Article_2046	Article_2613	link	200
Article_3519	Article_0377	link	111
other-internal	Article_3200	external	278
Article_2029	World_War_II	link	225
Article_3406	Article_0106	link	85
Article_2777	Article_2161	link	458
Article_2204	Article_2039	link	282
Article_0519	Germany	link	474
Article_0954	Article_0410	link	221
Article_2153	Article_0942	link	220
Article_2861	Article_1960	link	190
Article_0793	Article_3204	link	150
Article_0133	Article_0681	link	139
Article_0994	United_States	link	277
other-internal	Article_0480	external	303
Article_0997	Article_0458	link	196
Article_3779	Germany	link	180
Article_0943	Article_0215	link	163
Article_0385	Article_0013	link	243
other-internal	Article_0064	external	148
other-internal	Article_0229	external	299
other-internal	India	external	342
Article_3622	World_War_II	link	268
other-internal	World_War_II	external	153
Article_0534	Article_0025	link	228
Article_3726	Article_0110	link	57
Article_1346	Article_0072	link	438
other-internal	United_States	external	41
Article_1952	Article_0018	link	110
Article_0734	Article_0713	link	443
other-internal	Article_0846	external	60
other-internal	Article_2481	external	105
other-internal	Article_0552	external	332
Article_2546	Article_0023	link	136
Article_3750	Article_0155	link	493
Article_1725	Article_0038	link	44
other-internal	Article_2084	external	164
Article_0169	Article_0237	link	263
Article_2956	Article_3923	link	245
Article_3353	Article_0025	link	466
other-internal	Article_0121	external	118
Article_2129	Article_0036	link	139
other-internal	Article_0023	external	210
other-internal	Article_0616	external	154
Article_1245	Article_0096	link	499
Article_2050	World_War_II	link	86
Article_1838	United_States	link	475
Article_3775	Article_0051	link	70
Article_2366	Article_1221	link	393
Article_0339	Article_2981	link	225
Article_1008	Article_0075	link	29
Article_1761	Article_0086	link	393
other-internal	Article_3479	external	294
Article_2090	Article_0132	link	441
other-internal	Article_0011	external	44
Article_1394	Article_0044	link	259
other-internal	Article_2849	external	246
Article_2610	United_States	link	447
Article_0466	India	link	474
other-internal	Article_0041	external	331
Article_0852	Article_2457	link	389
Article_0548	Article_0173	link	151
other-internal	Germany	external	360
Article_3887	Article_0512	link	133
other-internal	Article_0103	external	359
Article_2111	Article_3526	link	428
Article_0057	World_War_II	link	342
Article_1148	Article_3069	link	320
Article_1260	China	link	201
other-internal	India	external	271
Article_3415	Article_1594	link	360
other-internal	Article_2442	external	384
Article_0096	Article_0045	link	169
other-internal	YouTube	external	373
Article_3671	Article_0357	link	300
Article_1062	Article_0134	link	306
other-internal	Article_1320	external	347
Article_3262	Article_0046	link	331
Article_0797	World_War_II	link	498
Article_3188	Article_0081	link	260
other-internal	China	external	137
other-internal	Article_0071	external	156
Article_1347	Article_0109	link	253
other-internal	France	external	307
Article_0056	Article_0460	link	245
Article_2973	Article_1549	link	387
Article_3897	India	link	98
Article_3951	Article_0016	link	286
other-internal	Article_2630	external	241
other-internal	Article_0015	external	54
Article_1027	Article_0124	link	22
other-internal	India	external	340
Article_2300	Article_2519	link	325
other-internal	Article_0200	external	140
other-internal	Article_1613	external	183
other-internal	Article_0946	external	318
other-internal	World_War_II	external	128
other-internal	Article_0846	external	117
other-internal	Article_2005	external	329
Article_3648	Article_3869	link	285
Article_3830	United_States	link	229
other-internal	Article_1262	external	60
other-internal	Article_0111	external	361
other-internal	Article_1937	external	125
other-search	Article_0109	other	216
Article_1694	Article_2989	link	381
Article_2120	Article_1027	link	30
Article_3104	Article_0194	link	497
other-internal	Article_2122	external	229
Article_1239	Article_0854	link	323
Article_0377	Article_0114	link	217
other-internal	Article_0767	external	263
Article_0593	Article_0039	link	120
Article_2406	China	link	458
Article_3066	Article_1235	link	206
Article_1519	Article_0017	link	269
other-internal	Article_0035	external	90
other-internal	India	external	227
other-internal	Article_0940	external	264
Article_1695	Article_0128	link	136
Article_0701	India	link	26
Article_0589	Article_2830	link	496
Article_2364	Article_0025	link	75
other-internal	India	external	220
other-internal	Article_1703	external	12
Article_3741	Article_1548	link	348
Article_1418	United_States	link	434
Article_1211	Article_1423	link	15
Article_0375	Article_0016	link	261
Article_0091	Article_2593	link	450
Article_1398	Article_0360	link	262
Article_1625	Article_0029	link	304
other-internal	Article_0012	external	142
other-internal	Article_2276	external	144
Article_0794	Article_0051	link	403
other-internal	Article_0332	external	48
Article_2974	United_Kingdom	link	176
Article_0744	Article_0010	link	133
Article_2441	Article_0805	link	76
other-internal	United_States	external	75
other-search	Article_0225	other	259
Article_1163	Article_0164	link	357
Article_0828	Article_0017	link	400
Article_3457	Article_0162	link	462
other-internal	Article_0363	external	275
Article_2551	Article_0046	link	494
Article_2990	Article_0076	link	112
other-internal	United_States	external	15
other-internal	United_States	external	34
Article_3096	Article_0238	link	250
Article_2604	United_States	link	450
Article_0547	Article_0061	link	331
Article_3119	Article_2486	link	39
Article_2810	Article_1597	link	184
Article_2713	Article_1614	link	348
Article_1188	United_States	link	238
Article_1043	India	link	441
other-search	Article_0435	other	243
World_War_II	Article_3895	link	238
other-internal	Article_0614	external	135
Article_1939	Article_0192	link	270
Article_1330	Article_0015	link	100
other-internal	Article_0120	external	188
Article_3634	Article_0231	link	485
other-internal	Article_0010	external	270
other-internal	Article_2105	external	159
Article_0142	Article_0325	link	294
other-search	Article_1808	other	220
Article_2009	Article_0019	link	277
Article_0843	India	link	200
Article_3083	Article_0020	link	402
Article_2441	Article_0048	link	237
other-internal	Article_1788	external	73
other-internal	China	external	246
Article_3205	Germany	link	65
other-internal	Article_0053	external	387
other-internal	Article_0016	external	12
Article_2045	Article_0061	link	469
Article_2578	Article_0582	link	68
Article_3176	Article_1372	link	95
Article_0230	Germany	link	388
Article_0078	Article_0922	link	314
other-internal	United_States	external	355
Article_3091	Article_1825	link	474
Article_2905	Article_0463	link	197
Article_3894	China	link	296
Article_2857	Article_0012	link	122
Article_1708	Article_0750	link	360
Article_2439	Russia	link	11
Article_1817	Article_1009	link	384
Article_1912	Article_0016	link	318
other-internal	Article_0108	external	168
other-internal	India	external	12
other-internal	Article_1611	external	236
Article_3522	Article_0096	link	105
Article_3636	Article_0769	link	197
other-search	Article_0712	other	388
Article_0103	Article_0024	link	484
Article_2610	Article_0767	link	451
Article_1899	Article_0550	link	105
Article_3134	Article_0154	link	233
Article_2728	Article_0061	link	364
Article_0805	United_States	link	428
Article_1941	Article_2757	link	64
Article_2248	Article_3661	link	233
Article_2960	Article_1826	link	56
other-internal	Article_0776	external	234
Article_1553	United_States	link	179
Article_0517	Article_1571	link	353
Article_3209	Article_1665	link	409
Article_1084	Russia	link	134
Article_2838	World_War_II	link	367
Article_3704	Article_1376	link	59
Article_1299	Russia	link	56
Article_1477	Article_0378	link	357
other-search	Article_1665	other	80
other-search	Article_1326	other	320
Article_2195	Article_0308	link	371
other-internal	Article_0087	external	374
other-internal	Article_0114	external	251
other-internal	Article_0366	external	38
Article_2292	Canada	link	165
Article_3293	Article_1197	link	270
Article_0268	Article_0026	link	370
Article_2653	Article_3432	link	73
other-search	Article_0023	other	21
Article_0634	Article_2874	link	39
Article_0343	United_Kingdom	link	444
Article_1001	Article_0012	link	392
Article_1847	Article_1562	link	213
Article_3499	China	link	134
other-internal	Article_0166	external	104
Article_1156	Article_0013	link	156
Article_0532	Article_1506	link	41
Article_2950	Article_2016	link	220
other-internal	Article_0862	external	340
Article_1247	Article_1229	link	48
Article_3106	Article_1563	link	178
other-internal	Article_0051	external	223
other-internal	Article_1000	external	335
other-internal	Article_0017	external	139
Article_0525	YouTube	link	469
Article_0332	Article_0189	link	284
Article_0615	Article_0329	link	331
other-internal	Canada	external	171
other-search	Article_3481	other	207
Article_2439	Article_0187	link	429
other-search	Article_0243	other	182
other-internal	Article_3526	external	29
Article_1776	Article_0010	link	462
Article_0633	Article_0010	link	471
Article_2433	Article_0015	link	246
Article_2824	Article_2503	link	162
Article_0451	India	link	222
Article_1297	Article_0050	link	119
Article_0429	Article_0083	link	35
Article_1696	United_States	link	443
other-internal	Article_0059	external	58
Article_0291	Article_1611	link	123
other-internal	Article_0125	external	71
other-internal	United_States	external	143
Article_2580	Article_1036	link	491
other-internal	Article_0677	external	307
other-internal	Article_3584	external	40
other-internal	India	external	222
other-internal	Article_0053	external	343
Article_1972	Article_0011	link	167
Article_1399	Article_0192	link	376
Article_3417	Article_0293	link	268
Article_2867	Article_2683	link	85
Article_3378	United_States	link	120
other-internal	Article_0627	external	300
Article_0920	Article_0041	link	359
other-internal	Article_0327	external	344
Article_0550	India	link	275
Article_1858	Article_0745	link	397
Article_0863	United_Kingdom	link	433
Article_3182	Article_0090	link	457
Article_2984	Article_0019	link	123
Article_3541	Article_0946	link	220
Article_3713	Article_0032	link	474
Article_3032	World_War_II	link	482
other-internal	Article_0023	external	93
Article_1660	Article_0976	link	150
Article_3062	China	link	408
Article_2535	Article_0074	link	427
Article_1823	World_War_II	link	204
Article_0721	Article_2078	link	113
Article_0750	Article_0020	link	244
Article_1601	World_War_II	link	343
Article_3359	Article_0048	link	414
Article_3826	Article_0255	link	122
Article_0158	Article_1325	link	222
Article_3491	YouTube	link	167
Article_1761	Article_0192	link	65
Article_3054	Article_0053	link	147
other-internal	United_States	external	342
Article_2256	Article_1979	link	184
Article_0195	Article_2093	link	331
Article_3375	Article_0012	link	437
Article_0126	United_States	link	298
other-internal	United_States	external	343
other-search	Article_0590	other	343
Article_1411	Article_2825	link	386
Article_1129	Article_0337	link	200
other-internal	India	external	26
Article_2358	Article_1309	link	52
Article_3823	Article_3568	link	430
Article_3647	Article_0805	link	216
other-internal	Article_0104	external	32
Article_2358	World_War_II	link	403
Article_1034	Article_0023	link	119
Article_3349	Article_0361	link	449
Article_2515	Article_0765	link	417
Article_1272	Article_0664	link	223
other-search	Canada	other	346
Article_0685	Article_0542	link	345
Article_0994	Article_3398	link	491
other-internal	Article_0301	external	381
Article_2798	Article_0065	link	319
Article_3121	Article_0400	link	186
Article_3919	Article_0176	link	457
Article_0054	Article_0928	link	116
other-internal	Article_0111	external	170
other-internal	India	external	76
Article_1274	Article_2169	link	60
other-search	Article_0071	other	279
other-search	Article_3672	other	16
Article_0828	Article_0111	link	167
other-internal	Article_0020	external	333
other-internal	United_States	external	396
other-search	United_States	other	356
Article_2110	India	link	316
other-internal	Article_0085	external	12
Article_3630	India	link	285
other-internal	Article_3583	external	211
other-search	Article_0223	other	106
Article_0950	Article_0055	link	127
other-search	United_States	other	126
Article_3103	India	link	231
other-internal	Article_0047	external	354
Article_3915	World_War_II	link	458
Article_1528	Article_2309	link	182
Article_2318	India	link	404
other-internal	Russia	external	271
Article_2656	Article_3997	link	454
other-internal	Article_0558	external	381
Article_1765	World_War_II	link	385
Article_0940	YouTube	link	209
Article_2389	Article_0047	link	329
Article_2316	Article_1570	link	314
other-search	Canada	other	279
other-internal	Article_0361	external	302
Article_0533	Article_0088	link	484
Article_3144	Article_1410	link	342
Article_1026	India	link	82
Article_2957	Article_0861	link	354
Article_3708	Article_0365	link	233
Article_2832	Canada	link	406
Article_3561	Article_0061	link	279
Article_1989	Article_0041	link	162
other-internal	Article_0553	external	10
Article_2780	Article_1916	link	341
Article_3246	Article_0050	link	388
Article_0241	Article_2718	link	348
other-internal	Article_1089	external	380
Article_3674	Article_0631	link	448
Article_3341	Article_0181	link	430
Article_0418	Article_0073	link	195
other-search	Article_0032	other	85
Article_2026	Article_0135	link	457
Article_1013	Article_0491	link	315
Article_0676	Article_1993	link	149
Article_3279	World_War_II	link	363
other-internal	Germany	external	286
Article_0056	Article_0139	link	473
other-internal	Article_1791	external	266
other-internal	World_War_II	external	12
Article_1318	United_States	link	198
Article_1465	Article_0030	link	229
other-search	United_States	other	320
Article_2849	Article_0065	link	322
Article_0750	Article_0205	link	137
other-internal	Article_0011	external	157
Article_3622	Article_0315	link	104
Article_1302	Article_1330	link	471
Article_3811	Article_1055	link	201
Article_2312	Article_1667	link	419
Article_0790	Article_0628	link	265
Article_2638	India	link	311
Article_2503	Article_0034	link	496
Article_0055	Article_2031	link	493
Article_2502	Germany	link	162
Article_1651	Article_1341	link	58
other-search	Article_2113	other	172
Article_0159	Article_1802	link	155
other-internal	Article_0638	external	133
Article_1242	Article_0455	link	425
Article_3034	World_War_II	link	75
Article_1094	Article_0016	link	40
Article_1496	Article_2573	link	187
other-internal	Article_0049	external	231
Article_2264	Article_0109	link	119
other-search	Article_0028	other	281
Article_1181	Article_0063	link	223
Article_3208	Article_3155	link	77
Article_2563	Article_0081	link	25
other-internal	Article_0854	external	325
Article_1042	Article_0465	link	236
Article_2674	India	link	207
Article_3583	Article_0187	link	383
Article_1482	Russia	link	449
other-internal	Article_0272	external	382
Article_2127	United_Kingdom	link	15
other-internal	Article_0238	external	236
Germany	Article_0045	link	120
Article_1888	India	link	193
Article_2510	Article_0070	link	163
Article_1255	Article_0017	link	353
Article_1788	YouTube	link	264
other-internal	Article_0051	external	271
other-search	Article_0151	other	365
other-internal	Article_0057	external	43
other-internal	China	external	109
Article_3754	Article_0018	link	300
Article_0982	Article_0256	link	291
Article_0315	Article_3883	link	94
other-internal	Article_0138	external	82
Article_1081	Article_0415	link	16
Article_3102	India	link	464
Article_1270	Article_2830	link	142
Article_0565	Article_0021	link	127
Article_2688	Article_0792	link	380
Article_2664	Article_1168	link	243
other-internal	United_States	external	278
other-internal	Article_0857	external	218
other-internal	Article_0259	external	56
Article_1330	India	link	463
Article_0984	Article_2890	link	493
Article_0416	Article_0044	link	19
other-internal	Article_2048	external	68
other-internal	Article_0563	external	98
other-internal	Article_2027	external	194
Article_3025	Article_0140	link	484
Article_2365	Article_3781	link	262
Article_1425	Article_0088	link	190
Article_3664	Article_3681	link	403
Article_1253	United_States	link	210
Article_2826	Article_2309	link	143
Article_3152	Article_2933	link	26
Article_3595	Article_0916	link	403
Article_2031	Article_0190	link	398
Article_0811	Article_0193	link	214
other-internal	Article_0021	external	331
other-internal	Article_0015	external	47
other-internal	Article_0717	external	259
Article_3113	Article_2753	link	460
Article_1954	Article_2407	link	139
Article_2159	Article_2279	link	230
other-internal	China	external	256
other-internal	Article_0552	external	248
Article_2007	Article_0349	link	341
Article_0477	United_States	link	245
Article_2619	Article_1273	link	468
other-internal	Article_0439	external	102
Article_0111	Article_0016	link	474
other-internal	Germany	external	267
Article_0350	Article_0209	link	137
Article_2480	Article_3804	link	213
Article_3895	United_States	link	147
other-internal	Article_1401	external	243
other-internal	Article_0785	external	69
Article_3519	Article_0184	link	350
Article_0225	Article_0013	link	371
other-internal	Article_3229	external	187
Article_1931	Article_0128	link	146
Article_2509	Article_0090	link	271
Article_2705	Article_0869	link	297
Article_0417	Article_0345	link	91
Article_2415	Article_0015	link	220
Article_0833	Germany	link	180
Article_3094	United_States	link	380
other-internal	China	external	224
Article_2868	Article_0319	link	37
Article_2032	Article_0127	link	195
Article_3870	Article_0019	link	237
other-internal	Article_0963	external	343
Article_2272	Article_1030	link	280
other-internal	Russia	external	199
Article_0356	YouTube	link	84
Article_2482	Article_0537	link	97
other-internal	Article_0763	external	210
Article_0926	Article_0112	link	89
Article_0194	Article_0086	link	67
other-internal	Article_0152	external	116
other-internal	United_States	external	347
other-internal	Article_0711	external	268
other-search	United_States	other	49
Article_3304	Article_0401	link	358
other-search	India	other	175
other-internal	YouTube	external	212
Article_0836	Article_0379	link	242
other-internal	Article_0911	external	375
other-internal	Germany	external	213
Article_0520	Article_0815	link	292
Article_3342	Article_1233	link	318
Article_2153	Article_1722	link	277
other-internal	Article_0609	external	151
Article_0100	Article_0261	link	382
other-internal	Article_0202	external	366
Article_3089	Article_2848	link	455
Article_0794	Article_0028	link	284
Article_3050	Article_0140	link	80
other-internal	Article_0190	external	148
Article_3988	Article_0108	link	349
Article_3456	Article_3849	link	256
Article_0442	Article_0025	link	76
Article_0756	Russia	link	125
Article_0208	Article_3263	link	417
Article_0097	Article_0712	link	304
Article_2736	Article_0213	link	216
Article_1825	United_States	link	361
Article_1659	Article_0629	link	47
Article_3523	Article_0027	link	99
Article_0292	Article_0145	link	316
Article_2638	Article_0413	link	151
other-internal	Article_0020	external	169
other-internal	Article_1759	external	394
Article_0458	Article_3486	link	124
Article_3229	Article_0012	link	141
other-internal	Article_2702	external	142
other-internal	Canada	external	309
Article_2489	Article_0068	link	130
Article_2767	Article_0058	link	115
Article_1952	Article_0256	link	398
other-internal	United_Kingdom	external	360
other-internal	Article_0105	external	58
Article_1122	Article_0792	link	483
Article_1908	Germany	link	273
other-search	Article_0091	other	174
other-internal	Russia	external	294
other-internal	Article_0598	external	253
Article_3367	Article_0939	link	35
Article_3915	Article_3517	link	145
Article_0140	Article_0018	link	256
other-internal	Article_0469	external	71
Article_3698	Article_1214	link	455
other-internal	Article_0066	external	183
Article_0610	Article_0040	link	18
Article_3647	Article_0753	link	306
other-internal	Article_0308	external	39
Article_0462	Article_0035	link	273
Article_1413	Article_0020	link	130
Article_0362	Article_0303	link	335
Article_3925	Article_0021	link	379
other-internal	India	external	255
other-internal	Article_0139	external	266
Article_1530	Article_0014	link	49
other-internal	Article_0032	external	210
other-internal	Article_0370	external	397
Article_1716	Article_0648	link	96
Article_1096	Article_0933	link	422
other-internal	India	external	341
Article_1030	Russia	link	290
Article_2038	Article_0969	link	41
Article_0910	Article_0152	link	463
other-internal	United_States	external	35
Article_0881	Article_0601	link	247
other-internal	Article_3087	external	50
other-internal	Article_1068	external	17
other-search	Article_0539	other	360
Article_3673	Article_0013	link	419
Article_3642	Article_0323	link	24
other-internal	Article_1278	external	284
Article_2253	United_States	link	464
other-internal	Article_0026	external	356
Article_2091	Article_0063	link	362
Article_2717	Article_0233	link	95
other-internal	Article_3048	external	223
Article_0821	World_War_II	link	185
other-search	Article_1464	other	279
Article_3029	Article_0104	link	242
other-internal	China	external	373
Article_0369	India	link	428
other-internal	United_States	external	332
Article_2370	Russia	link	20
Article_1577	United_States	link	120
other-internal	Article_2754	external	28
Article_2738	China	link	359
Article_0727	Article_0463	link	248
other-internal	Article_0035	external	83
Article_1311	Article_3630	link	100
Article_3263	World_War_II	link	139
Article_2823	Article_0427	link	488
Article_2186	Article_0521	link	411
Article_3780	Article_1110	link	180
other-internal	United_States	external	70
other-internal	United_States	external	112
Article_1190	Article_1995	link	128
Article_3946	Article_0353	link	110
Article_0167	Article_0183	link	382
Article_1004	Article_2635	link	242
other-internal	Article_0607	external	347
other-internal	Article_0123	external	203
Article_0467	Article_0012	link	81
other-internal	Article_0478	external	39
Article_2350	United_States	link	317
Article_3665	Article_0117	link	222
Article_2022	China	link	321
Article_0729	Article_0014	link	38
other-search	Article_1046	other	221
Article_3430	Article_0031	link	423
other-internal	Article_0011	external	307
other-internal	Article_1999	external	231
Article_0190	Article_0422	link	401
Article_1977	Article_2192	link	10
Article_2081	Article_0564	link	335
Article_3294	Article_1017	link	365
Article_1882	Article_0089	link	261
other-internal	Article_0626	external	121
other-search	United_Kingdom	other	364
other-internal	Article_1382	external	35
Article_3603	United_States	link	172
Article_0101	Article_1243	link	489
other-internal	Article_0327	external	78
other-internal	Article_0760	external	302
Article_1813	Article_1552	link	470
Article_3560	Article_0138	link	117
Article_0097	Article_0094	link	259
other-internal	Article_0028	external	82
other-internal	Article_0044	external	141
Article_2202	Article_1011	link	225
Article_0667	Article_0538	link	162
Article_2469	United_States	link	490
Article_2363	Article_0026	link	396
Article_2684	Article_2297	link	335
Article_1842	Article_0116	link	84
other-internal	Article_0071	external	86
Article_1262	Article_0684	link	140
other-internal	Article_0117	external	161
other-search	Article_2065	other	244
Article_3898	China	link	271
other-internal	Article_0244	external	366
other-internal	Article_0270	external	251
other-search	Article_0115	other	258
Article_1389	Article_0043	link	73
Article_1441	Article_2785	link	367
other-internal	Article_2074	external	121
Article_3006	Article_0038	link	296
other-internal	Article_0127	external	216
Article_2709	India	link	445
other-search	World_War_II	other	394
Article_3751	Article_0196	link	477
other-search	Article_0186	other	203
Article_2932	Article_0920	link	285
Article_1405	Article_0115	link	156
Article_0611	Article_0387	link	214
other-internal	Article_0070	external	237
Article_0661	United_States	link	388
Article_0289	Article_1994	link	192
other-internal	Article_0164	external	333
other-internal	Article_1396	external	222
other-internal	Article_0074	external	92
Article_1147	Article_0012	link	39
Article_3193	Article_0043	link	138
Article_1529	Article_0551	link	497
Article_3233	Article_0503	link	162
Article_3268	Article_0641	link	29
Article_3289	Article_1862	link	56
Article_2341	Article_0161	link	412
Article_3057	Article_0032	link	375
Article_1594	Article_1706	link	29
Article_3474	China	link	386
Article_3197	Article_0062	link	229
Article_3205	Article_0140	link	67
Article_1557	Article_0207	link	373
Article_0338	YouTube	link	489
Article_3430	China	link	391
Article_3877	Article_1705	link	34
Article_1504	Article_2226	link	208
Article_0842	Article_2781	link	335
Article_2452	Article_0706	link	57
Article_0773	Article_0032	link	242
Article_1416	China	link	288
other-internal	Article_0540	external	65
Article_3264	Article_1682	link	470
Article_1579	Article_0068	link	57
other-internal	Article_0269	external	330
other-internal	Article_0738	external	124
other-internal	United_States	external	246
Article_2119	United_Kingdom	link	327
Article_0642	World_War_II	link	304
other-internal	Article_1690	external	386
Article_1032	Article_3593	link	57
Article_1089	Article_0589	link	121
Article_1669	Article_0060	link	174
other-internal	Article_0950	external	102
Article_3798	Article_0419	link	432
Article_3550	Article_0639	link	456
Article_1981	Article_0125	link	483
other-internal	China	external	368
other-internal	Article_1000	external	361
other-internal	Article_0098	external	226
other-internal	Article_0015	external	41
Article_3052	Article_0011	link	156
Article_2517	Article_1340	link	43
Article_2385	India	link	54
other-internal	Article_0230	external	381
other-search	Article_3168	other	61
Article_2590	Article_2581	link	213
Article_0921	Article_0048	link	95
Article_3010	United_Kingdom	link	75
Article_1884	Article_0632	link	131
other-internal	Article_0152	external	56
other-internal	Canada	external	158
other-internal	Article_0101	external	54
Article_0695	Article_0789	link	357
other-internal	World_War_II	external	358
Article_2258	Article_3152	link	199
Article_2442	Article_0168	link	393
other-internal	Article_0136	external	116
Article_3728	Article_3156	link	464
Article_2310	Article_1344	link	83
Article_0170	Article_2001	link	240
other-internal	Article_1130	external	136
Article_1519	Article_3552	link	484
other-internal	United_Kingdom	external	203
other-internal	Article_3355	external	134
Article_2282	Article_1276	link	262
Article_1769	Article_0671	link	15
other-search	Article_2319	other	23
Article_3497	China	link	323
other-internal	Article_0372	external	303
other-internal	Article_0578	external	115
other-internal	Article_1894	external	12
Article_2493	Article_0461	link	327
Article_3333	Article_1863	link	201
other-internal	Article_0690	external	141
Article_0365	Article_0063	link	404
other-internal	Article_1809	external	308
Article_1980	YouTube	link	413
Article_2070	United_States	link	97
Article_3608	Article_1383	link	463
other-internal	Article_0027	external	124
other-internal	Article_3368	external	210
other-internal	Article_0261	external	292
Article_0560	United_States	link	293
Article_1584	Article_0010	link	474
Article_0732	Article_0041	link	363
Article_0660	Article_0924	link	406
other-internal	Article_1370	external	371
other-search	Article_0369	other	15
other-internal	World_War_II	external	201
other-internal	Article_0974	external	158
Article_0126	Article_3784	link	150
Article_0719	Article_0011	link	226
Article_3863	Article_0246	link	272
Article_1020	Article_1910	link	226
other-search	Article_0155	other	164
Article_3064	Article_2256	link	279
Article_0153	Article_1177	link	407
other-search	Article_0385	other	162
other-internal	Article_0025	external	203
other-internal	Article_2115	external	116
Article_0876	Article_0021	link	55
other-internal	YouTube	external	31
other-internal	Article_0700	external	232
other-internal	China	external	149
other-internal	Article_0952	external	265
Article_3633	Article_1333	link	321
other-internal	Article_0655	external	306
other-internal	World_War_II	external	158
Article_3399	Article_1611	link	193
Article_0132	Article_0240	link	459
other-search	Article_0076	other	393
other-internal	Article_0344	external	308
Article_2243	Article_0190	link	318
Article_1212	India	link	327
Article_3478	Article_0999	link	278
Article_1396	Article_0019	link	77
Article_1246	Article_0386	link	499
Article_2950	Article_0538	link	458
Article_2268	Article_0052	link	389
Article_3188	Article_0396	link	248
Article_3602	World_War_II	link	96
other-internal	Article_0556	external	344
Article_1663	Article_0140	link	494
Article_2159	Article_1654	link	162
other-internal	Article_0358	external	313
other-internal	Article_0037	external	332
Article_0879	Article_2623	link	361
Article_2288	India	link	100
Article_3212	Article_0126	link	183
Article_3092	Article_1595	link	112
other-internal	United_States	external	290
Article_2629	Article_2108	link	319
Article_1634	Article_0019	link	174
other-internal	Article_0033	external	177
Article_1878	United_States	link	326
other-internal	United_States	external	258
other-internal	Article_2996	external	398
Article_3127	Article_0998	link	32
other-internal	United_States	external	382
Article_3963	China	link	362
other-internal	Article_0205	external	224
Article_3790	Article_0044	link	85
other-internal	Canada	external	247
other-internal	Article_0268	external	27
Article_3389	Article_0224	link	98
other-search	United_States	other	386
Article_3227	World_War_II	link	356
other-internal	Article_0612	external	334
other-internal	United_States	external	255
other-search	Article_0166	other	87
Article_2441	Article_3440	link	397
Article_0545	Article_0334	link	103
other-internal	Article_1959	external	323
Article_0925	Article_0305	link	197
Article_1323	Article_0196	link	396
Article_2497	Article_0018	link	386
Article_2410	Article_0063	link	88
Article_0336	Article_0129	link	355
Article_2351	Article_0772	link	361
Article_0637	Article_0016	link	134
Article_0379	Article_3034	link	29
Article_1033	Article_0203	link	156
Article_0542	Article_0012	link	451
Article_2743	Article_0014	link	237
Article_1906	Article_2845	link	354
other-internal	Article_1183	external	98
Article_2653	YouTube	link	126
Article_3612	Article_0781	link	437
Article_3117	Article_0387	link	447
Article_0175	China	link	402
Article_2418	Article_0027	link	140
other-internal	Article_0054	external	239
other-internal	YouTube	external	330
Article_1166	Article_1343	link	49
other-search	India	other	110
other-internal	Article_0044	external	373
Article_2450	YouTube	link	246
Article_1057	Article_0993	link	467
Article_3838	Article_0074	link	268
Article_1568	Article_0041	link	482
Article_1284	Article_0217	link	462
Article_3972	Article_0764	link	178
Article_2131	Article_0339	link	171
Article_0106	India	link	363
Article_0070	Article_3977	link	130
Article_3522	Article_0112	link	459
other-search	Article_0569	other	126
Article_0644	Article_0600	link	430
other-internal	United_States	external	262
other-internal	Article_0010	external	232
Article_2014	Article_0839	link	92
Article_3766	India	link	88
Article_1777	Article_0438	link	282
Article_0383	Article_0114	link	11
Article_1732	Article_0705	link	379
Article_3330	Article_0581	link	213
Article_3319	Article_0018	link	471
Article_1451	United_Kingdom	link	65
Article_2255	Article_1295	link	494
Article_3880	Article_0401	link	348
Article_3573	Article_0143	link	169
Article_3604	Article_0069	link	138
other-internal	Article_3713	external	252
Article_0583	Article_2904	link	21
other-internal	Article_1095	external	66
other-internal	India	external	353
other-search	Article_0039	other	197
Article_3207	Article_1813	link	116
Article_3363	Article_0522	link	332
Article_3176	Article_0034	link	485
Article_2563	Article_2840	link	173
other-internal	Article_2301	external	41
Article_2865	Article_1347	link	274
Article_1716	Article_1573	link	299
other-internal	Article_0138	external	258
other-internal	Article_1994	external	147
Article_3993	India	link	174
Article_3696	Article_1629	link	16
Article_0869	Article_0478	link	378
Article_2686	Article_0053	link	295
Article_0918	India	link	307
Article_0067	Article_0091	link	59
Article_1841	Article_0202	link	387
Article_0915	Article_3179	link	127
Article_3376	Article_0366	link	55
other-internal	China	external	281
Article_3032	Article_0100	link	475
Article_1838	World_War_II	link	324
other-internal	Article_1241	external	36
Article_2449	Article_0119	link	273
other-internal	Article_3918	external	11
Article_2058	Article_0033	link	73
other-internal	Article_0084	external	182
Article_3984	Article_0583	link	346
Article_2161	Article_1310	link	392
other-internal	United_States	external	196
Article_2078	World_War_II	link	101
other-internal	Article_0017	external	320
other-internal	Canada	external	260
Article_1686	Article_0375	link	72
Article_2039	United_States	link	380
Article_1608	India	link	452
Article_0399	Article_0072	link	486
Article_0479	United_States	link	285
other-internal	United_States	external	139
other-internal	Article_0041	external	58
other-internal	Article_0079	external	152
Article_2509	Canada	link	38
Article_1283	Article_0307	link	320
Article_0518	Germany	link	153
Article_3910	Article_1503	link	262
Article_0839	World_War_II	link	130
other-internal	Article_0038	external	77
Article_2831	Article_0739	link	100
Article_1401	Article_1806	link	288
other-internal	United_States	external	104
Article_2503	Article_0059	link	158
other-search	Article_1135	other	204
other-internal	Article_0534	external	57
Article_0819	Article_0243	link	171
Article_0299	India	link	326
Article_3633	Article_0010	link	196
other-internal	Article_0012	external	290
Article_0133	United_States	link	407
Article_0796	United_States	link	190
other-internal	Article_3351	external	313
other-search	United_States	other	59
Article_3596	Article_0087	link	58
other-internal	Article_2859	external	244
other-search	Article_0117	other	213
other-internal	Article_1511	external	290
other-internal	Article_1370	external	314
other-internal	Article_1031	external	242
Article_0801	Article_0056	link	131
other-internal	Article_0200	external	242
Article_2280	United_States	link	321
other-internal	Article_3613	external	356
Article_3547	Article_0013	link	370
Article_1822	Article_3743	link	110
Article_2601	Article_1392	link	408
other-internal	Russia	external	134
other-internal	Article_1314	external	319
other-search	Article_0576	other	160
Article_3365	Article_1033	link	417
other-search	Article_1937	other	333
other-internal	Article_0555	external	201
Article_1540	Article_0676	link	226
Article_3570	YouTube	link	430
other-internal	India	external	189
other-internal	Article_1952	external	289
Article_3558	World_War_II	link	36
Article_0771	Article_0026	link	50
Article_2391	Article_0033	link	413
other-internal	World_War_II	external	225
Article_1011	Article_0088	link	323
Article_1118	United_States	link	337
Article_2089	Article_1159	link	70
Article_2469	Article_0894	link	392
other-internal	Article_0038	external	349
other-internal	Article_0443	external	42
Article_2582	Article_0014	link	84
Article_1794	Article_0586	link	198
other-search	China	other	198
Article_2313	India	link	410
other-internal	United_Kingdom	external	45
Article_0975	Article_3331	link	409
Article_2847	Article_1121	link	104
Article_2267	Article_0087	link	359
Article_2167	Article_1333	link	20
Article_0760	YouTube	link	432
Article_2882	Article_3202	link	490
other-internal	Article_2555	external	103
Article_1613	Germany	link	434
Article_1720	Article_0643	link	435
other-internal	Article_0010	external	396
Article_3852	Russia	link	238
other-internal	Article_0019	external	266
Article_3476	Article_0024	link	163
Article_1256	Article_0035	link	404
Article_1273	United_Kingdom	link	274
Article_3318	Article_0981	link	328
other-internal	United_States	external	49
Article_2836	Article_0497	link	230
Article_1305	China	link	451
Article_1721	Article_2545	link	18
Article_3279	United_Kingdom	link	78
other-internal	Article_3568	external	45
Article_0206	Article_0858	link	257
Article_3944	Article_0818	link	367
other-internal	Article_2361	external	122
other-internal	Article_1049	external	310
other-internal	Article_0236	external	326
Article_3768	Article_0823	link	75
Article_3004	Article_0115	link	233
Article_3597	Article_0542	link	54
Article_1791	Article_0057	link	43
other-internal	Article_2522	external	168
other-internal	Russia	external	296
Article_0354	Article_0456	link	288
Article_3236	Article_1730	link	97
Article_2497	Article_1764	link	390
Article_1076	United_States	link	41
Article_2034	Canada	link	310
other-internal	Article_0231	external	342
Article_2225	World_War_II	link	95
other-internal	Article_2408	external	330
Article_1817	Article_0136	link	391
other-internal	Article_0290	external	134
Article_3725	Article_0270	link	400
other-internal	Article_0045	external	346
Article_3791	Article_3817	link	197
other-internal	Article_1369	external	363
Article_1171	Article_0043	link	454
other-internal	Germany	external	284
other-internal	Article_0012	external	117
Article_2517	Article_0426	link	120
other-internal	India	external	22
Article_2346	Article_0157	link	261
other-internal	United_States	external	89
other-internal	Article_0198	external	322
other-internal	Article_3711	external	303
Article_3599	Article_0017	link	129
Article_1677	Article_1343	link	121
Article_0708	Article_0146	link	419
Article_2456	Article_2280	link	24
Article_2287	Article_0418	link	326
Article_2395	Article_1722	link	162
Article_1302	Article_0019	link	38
other-internal	Article_0088	external	198
Article_0971	Article_1613	link	127
Article_0179	Article_3301	link	496
other-internal	Article_0057	external	267
Article_0524	Article_0093	link	213
other-internal	Article_1722	external	241
Article_2743	Article_0860	link	249
Article_1063	Article_0391	link	362
Article_0200	Article_1281	link	60
other-internal	Article_2851	external	314
other-internal	Canada	external	104
Article_1663	Article_2602	link	258
Article_1487	Article_2543	link	293
other-internal	Article_0011	external	251
Article_3709	Article_0022	link	95
Article_0706	Article_0065	link	91
Article_3598	Canada	link	494
Article_1892	Article_1739	link	189
other-internal	Article_1172	external	280
other-internal	Article_0018	external	160
other-internal	Article_1568	external	86
Article_1444	France	link	247
Article_0559	Article_1300	link	202
Article_2203	United_States	link	22
Article_1203	United_Kingdom	link	205
other-internal	Article_0208	external	389
Article_0259	Article_0029	link	494
Article_0656	Article_1037	link	121
Article_0855	Article_0161	link	28
Article_0475	Article_0404	link	439
other-internal	India	external	158
Article_3666	Article_0025	link	436
other-search	Article_0024	other	289
Article_2971	Article_1857	link	369
Article_1017	Article_0047	link	293
Article_2616	World_War_II	link	272
other-internal	Article_0114	external	252
other-internal	Article_0512	external	98
Article_1646	France	link	201
Article_2457	YouTube	link	158
Article_2522	Article_0181	link	395
other-internal	France	external	124
other-internal	Article_0039	external	98
other-internal	Article_0528	external	280
Article_3934	United_States	link	276
Article_1083	Article_0077	link	228
Article_2376	China	link	248
Article_2568	Article_3381	link	222
other-internal	Article_0012	external	228
Article_1399	Article_0029	link	295
Article_1101	Article_0263	link	343
other-internal	Article_0307	external	20
Article_2130	Article_0075	link	420
Article_1517	India	link	16
Article_1421	Article_0367	link	217
Article_0537	Article_0230	link	87
Article_1409	Article_0120	link	233
Article_1609	Article_0704	link	267
other-internal	Article_0012	external	198
other-internal	Article_0073	external	74
other-internal	Article_2103	external	217
Article_3282	Article_0676	link	461
Article_2623	Article_0305	link	141
Article_1811	United_States	link	99
other-internal	Article_0027	external	154
Article_0222	Article_1203	link	60
Article_0465	Article_0279	link	459
other-internal	YouTube	external	242
other-internal	Article_0169	external	391
Article_3738	Article_0155	link	78
Article_1404	Article_0038	link	139
Article_1916	Article_0038	link	333
Article_2128	Article_0102	link	357
Article_3316	Article_0743	link	246
other-internal	World_War_II	external	10
other-internal	Article_1003	external	304
other-internal	Germany	external	171
Article_1319	Article_0085	link	243
Article_0030	Article_0422	link	103
other-internal	Article_0372	external	377
Article_1831	Article_0074	link	430
Article_2946	Article_0112	link	337
Article_0180	Article_0198	link	499
Article_3410	Article_0197	link	473
Article_1314	China	link	148
other-internal	Article_0897	external	254
Article_0914	Article_0072	link	333
Article_2679	Article_1689	link	171
Article_1115	Article_0831	link	122
Article_2673	Article_1405	link	37
other-internal	Article_0067	external	330
Article_0917	Article_0477	link	309
other-internal	Article_0217	external	308
Article_0686	Article_1522	link	215
Article_2329	Article_0032	link	93
Article_2252	World_War_II	link	110
Article_2735	Article_2332	link	43
Article_2919	Article_2933	link	366
other-internal	Article_0679	external	273
other-search	Article_0058	other	166
Article_1719	Article_0332	link	267
Article_2376	Article_0018	link	157
other-search	Article_0700	other	100
Article_0915	Article_0060	link	458
other-internal	Article_0298	external	110
other-internal	Article_0064	external	390
other-internal	Article_1106	external	268
Article_0805	Article_0067	link	76
Article_1380	Article_1989	link	476
Article_3006	Article_0065	link	499
other-internal	Article_2314	external	284
Article_2841	Article_0012	link	306
Article_2367	Article_0525	link	128
Article_3723	Germany	link	207
other-search	Article_3388	other	233
other-internal	United_States	external	279
Article_3535	Article_3179	link	454
Article_0040	China	link	323
other-internal	Article_0190	external	139
other-search	Article_2028	other	59
Article_0736	YouTube	link	21
Article_0754	United_States	link	461
Article_0537	Article_1048	link	248
Article_0018	World_War_II	link	398
other-internal	Article_2382	external	11
Article_3771	India	link	60
Article_2539	Article_0044	link	413
other-internal	Article_0154	external	283
Article_3602	Article_3345	link	412
Article_2139	Article_0012	link	291
other-internal	Article_0013	external	229
Article_1303	Article_0185	link	72
Article_3167	Article_0011	link	169
other-internal	Article_0012	external	220
other-internal	Article_0078	external	259
other-internal	Article_0035	external	360
Article_3773	Article_1806	link	151
Article_3105	Article_2661	link	216
other-internal	Article_0141	external	165
other-internal	Article_1250	external	358
Article_3821	World_War_II	link	330
Article_3903	India	link	356
Article_3833	India	link	70
Article_2217	Article_0021	link	232
Article_2479	Article_0013	link	156
other-internal	Article_0169	external	265
Article_0296	United_States	link	446
Article_3076	Article_0118	link	55
Article_1977	Canada	link	420
Article_2719	Article_0075	link	297
other-internal	Article_0917	external	67
other-search	Article_3873	other	140
other-internal	Article_0860	external	71
Article_3265	Article_1432	link	294
Article_2707	World_War_II	link	111
Article_0928	Article_0095	link	470
Article_1881	Article_2919	link	260
Article_0123	Article_0561	link	332
Article_2965	Article_2393	link	170
other-internal	United_States	external	65
Article_2544	Article_0533	link	423
Article_3602	Article_0105	link	404
Article_1752	United_States	link	424
Article_1949	Article_2976	link	182
Article_0986	Article_0763	link	282
Article_3757	Article_0359	link	482
other-internal	Article_0426	external	380
Article_0727	Article_0556	link	304
other-internal	Article_0085	external	368
Article_2656	Article_0298	link	98
Article_0286	Article_1805	link	255
Article_0975	Article_0053	link	283
other-internal	Article_3648	external	199
Article_3849	Article_0098	link	149
Article_1921	Russia	link	317
Article_1979	Article_0289	link	144
Article_1637	Germany	link	460
other-internal	Article_0011	external	173
Article_2401	Article_0020	link	15
Article_1907	Article_0559	link	137
Article_0160	Article_0986	link	487
Article_1695	Article_0011	link	124
Article_1533	Article_1155	link	365
Article_0275	Article_0035	link	217
Article_1021	Article_0186	link	350
Article_2714	Article_0554	link	128
Article_2624	Article_3668	link	268
Article_0915	United_States	link	59
Article_3033	Article_0027	link	46
Article_0090	Article_0845	link	281
Article_3098	Article_0154	link	22
Article_1514	Article_0493	link	291
other-internal	United_States	external	131
other-internal	United_States	external	334
Article_0158	Article_0025	link	408
Article_2100	Article_2801	link	404
Article_3251	Article_0548	link	202
other-search	India	other	107
other-internal	Article_1959	external	103
Article_2234	India	link	84
Article_0895	Germany	link	167
Article_0957	Article_0480	link	326
other-search	Article_0893	other	138
other-internal	Article_0115	external	302
other-search	Article_0249	other	156
other-internal	Article_0678	external	193
Article_3466	Article_0137	link	238
Article_3493	Article_0592	link	11
Article_0430	Article_0036	link	338
other-internal	Article_0097	external	168
Article_0289	Article_2148	link	447
other-internal	Article_0042	external	115
Article_2016	Article_0621	link	21
other-internal	Article_3224	external	120
Article_2304	Article_0317	link	320
Article_2875	World_War_II	link	264
Article_1284	Article_0135	link	287
Article_1495	Article_0361	link	305
other-internal	Article_0161	external	279
Article_2568	Article_0051	link	54
other-internal	Article_0044	external	346
other-internal	Article_0379	external	244
other-internal	Article_0179	external	203
Article_3594	World_War_II	link	255
Article_3434	Article_0113	link	254
other-internal	Article_0058	external	330
other-internal	World_War_II	external	205
Article_0338	Article_0333	link	76
Article_3964	Article_0603	link	441
Article_2221	Article_1244	link	492
Article_1604	Article_0015	link	177
other-internal	Article_1589	external	368
other-internal	Article_1211	external	139
Article_3968	Article_0103	link	305
Article_1515	Article_0094	link	368
Article_0872	World_War_II	link	22
other-internal	India	external	303
Article_2745	Article_0123	link	385
Article_2778	Article_0221	link	446
Article_1889	Article_2237	link	358
Article_2496	Article_0174	link	268
other-internal	Article_0454	external	244
Article_3577	Article_0041	link	223
Article_0252	Article_0015	link	54
Article_3345	United_States	link	289
Article_2943	Article_2178	link	207
other-internal	Article_0954	external	112
Article_0485	Article_0062	link	358
Article_2243	Article_0023	link	18
other-internal	United_States	external	204
Article_2990	Article_0193	link	229
Article_2104	Germany	link	187
other-internal	Russia	external	194
Article_1923	Article_2378	link	355
other-internal	India	external	31
other-internal	Article_0011	external	351
Article_0699	India	link	458
other-internal	Article_0417	external	98
Article_3717	Article_0049	link	176
other-internal	India	external	219
Article_2922	Article_0059	link	381
Article_3694	Article_0059	link	346
Article_1752	Article_3441	link	381
Article_2621	India	link	24
Article_3929	Article_0233	link	300
other-search	Article_1308	other	152
Article_0247	Article_0089	link	232
Article_3287	Article_0855	link	421
other-internal	Article_0471	external	225
Article_2376	Article_0358	link	430
other-search	Article_0680	other	89
other-internal	Article_0064	external	23
Article_2045	Article_2201	link	433
other-internal	China	external	144
other-internal	Article_0122	external	198
other-internal	Article_0022	external	12
Article_3646	Article_0322	link	45
Article_0952	Article_3400	link	163
Article_2265	Article_1013	link	246
Article_2398	Article_0080	link	86
other-search	United_States	other	36
other-search	Article_0027	other	80
Article_1511	Article_0726	link	257
Article_3514	China	link	467
Article_3423	Article_1332	link	412
Article_0179	United_States	link	422
other-internal	World_War_II	external	341
Article_1036	Article_0344	link	117
other-internal	Article_0089	external	379
Article_2278	Article_1209	link	394
Article_1834	China	link	376
other-internal	Article_1279	external	359
Article_2893	Article_0138	link	85
other-internal	Article_0045	external	162
Article_1017	Article_1329	link	167
Article_2747	Article_0311	link	60
Article_3931	Article_0031	link	204
other-search	India	other	46
other-internal	Article_0015	external	369
Article_2544	Article_0082	link	329
Article_1601	Article_1839	link	143
other-search	United_States	other	107
Article_3616	United_States	link	470
Article_2604	Germany	link	203
Article_2500	Article_0237	link	220
Article_0685	United_States	link	271
Article_2885	Article_0033	link	460
other-search	Article_0964	other	370
Article_1248	World_War_II	link	24
other-internal	Article_0667	external	91
other-search	Article_0406	other	18
Article_0744	United_States	link	114
other-internal	Article_2060	external	58
other-internal	Article_0421	external	394
other-search	Article_0540	other	325
other-internal	Article_0148	external	67
Article_1267	Article_1969	link	394
Article_1933	Article_0038	link	208
other-internal	Article_0374	external	274
other-internal	Article_0014	external	386
other-internal	Article_0251	external	375
other-internal	Article_2667	external	20
Article_1464	Article_0802	link	497
Article_3582	Article_0458	link	328
Article_3579	Article_0391	link	362
Article_1317	United_States	link	175
other-internal	Article_0051	external	95
Article_3322	Article_0470	link	249
other-internal	Article_0061	external	80
other-internal	Article_3397	external	156
Article_2842	Article_0026	link	312
Article_2209	Article_1467	link	499
other-internal	Article_0076	external	301
other-internal	Article_0025	external	315
Article_1972	Article_3044	link	55
Article_2632	Canada	link	174
Article_0907	Article_0957	link	200
Article_0600	Article_0025	link	440
Article_0351	Article_1001	link	324
Article_1507	Article_2377	link	492
other-internal	Article_0101	external	185
Article_1022	Russia	link	265
Article_3576	Article_0012	link	77
Article_3935	Article_1032	link	339
other-internal	Russia	external	290
Article_1153	Article_0038	link	456
other-internal	Article_1066	external	144
Article_3864	Article_0010	link	427
Article_0505	Article_0012	link	272
other-search	Article_0031	other	93
Article_3660	India	link	493
other-internal	Article_0023	external	235
Article_0796	Article_0122	link	479
Article_1579	Article_2239	link	297
Article_2081	World_War_II	link	229
Article_3975	Article_0387	link	112
other-internal	Article_1404	external	157
Article_3122	Article_3027	link	141
other-internal	India	external	192
Article_2164	Article_2795	link	462
Article_1562	Article_0011	link	31
other-internal	China	external	238
Article_0560	Article_3620	link	291
Article_0689	Article_0158	link	373
Article_1270	Article_0027	link	364
Article_0551	Article_0018	link	368
other-internal	Article_0113	external	38
Article_3402	Article_1425	link	40
Article_3275	Article_0275	link	189
other-search	Article_3525	other	188
other-internal	Article_0177	external	347
Article_2692	Article_0594	link	57
Article_2190	Article_0288	link	246
Article_2037	World_War_II	link	102
other-internal	United_States	external	372
Article_2973	Article_1585	link	498
Article_2357	Article_0258	link	461
other-internal	Article_3646	external	128
Article_0713	Article_1281	link	76
Article_3332	Article_0035	link	459
Article_1619	Article_0958	link	91
Article_0811	Article_0148	link	151
Article_3258	Article_3306	link	230
Article_1835	Article_1968	link	82
Article_0029	Article_0488	link	233
other-internal	Article_0064	external	203
Article_1973	Article_1045	link	250
Article_0740	Article_3524	link	160
Article_3708	Article_0051	link	281
Article_2131	Article_0133	link	444
Article_3540	China	link	264
Article_1719	Article_0027	link	394
Article_1885	Article_0521	link	490
other-internal	YouTube	external	33
Article_3304	Article_0274	link	272
other-internal	Article_0109	external	136
Article_1558	Article_1955	link	122
other-search	United_States	other	213
Article_0825	United_Kingdom	link	289
other-search	Article_2689	other	312
other-internal	Article_0719	external	297
Article_0310	India	link	193
other-search	Article_0023	other	167
Article_2335	United_States	link	352
Article_0466	Article_0037	link	355
other-internal	Article_2596	external	90
Article_0987	Article_0366	link	175
other-internal	Article_3231	external	202
Article_0352	World_War_II	link	88
Article_1355	India	link	12
Article_3506	Article_2142	link	371
other-internal	World_War_II	external	279
Article_0852	Article_0144	link	52
Article_2648	China	link	10
Article_3530	Germany	link	449
other-internal	United_Kingdom	external	393
Article_1402	United_Kingdom	link	465
Article_1262	Article_0449	link	486
other-internal	Article_0055	external	342
Article_3653	Article_1590	link	126
other-internal	Article_0384	external	361
Article_0595	Article_0158	link	409
Article_2521	Article_0858	link	255
Article_3462	Article_2693	link	318
other-internal	Article_2085	external	234
Article_2762	Article_0128	link	243
Article_0720	Article_0027	link	99
Article_2704	Article_0041	link	360
Article_0667	Article_3002	link	49
other-internal	Article_0085	external	45
Article_0554	India	link	466
Article_1617	Article_1663	link	374
other-internal	Article_3405	external	309
Article_0294	Article_0331	link	47
Article_1962	Article_0036	link	376
other-internal	Article_0016	external	116
Article_3698	Article_2129	link	103
Article_0382	Article_0284	link	109
Article_1832	Article_0391	link	268
Article_0324	Article_3102	link	366
Article_3883	Article_0030	link	310
other-internal	Article_0876	external	373
Article_3510	Article_1284	link	428
Article_3170	Article_0022	link	123
other-internal	Article_3092	external	346
Article_0749	Article_1447	link	215
Article_1983	Article_0038	link	376
Article_2915	Article_0111	link	431
Article_1987	Article_0014	link	455
Article_0050	Article_0042	link	460
Article_1944	Article_0024	link	432
other-internal	Article_0946	external	329
Article_3455	Article_1388	link	393
Article_1941	Article_1380	link	378
Article_0464	Article_2401	link	448
other-internal	Article_2020	external	354
other-internal	Article_0115	external	295
Article_3372	Article_0326	link	240
other-internal	Article_0564	external	238
Article_0773	Article_0064	link	93
other-internal	Article_0017	external	275
Article_2530	Article_0141	link	318
Article_1306	Article_0610	link	170
Article_1006	United_States	link	59
other-internal	Article_0347	external	232
other-internal	Article_0013	external	18
Article_1238	Article_1430	link	67
Article_1288	Article_0036	link	176
Article_1326	Article_0970	link	442
Article_1156	United_States	link	261
Article_2099	Article_0705	link	328
Article_3019	Article_0053	link	358
Article_2929	YouTube	link	406
other-search	Article_2140	other	291
Article_2983	Article_2319	link	448
other-internal	Article_0990	external	181
other-internal	Article_0057	external	208
Article_3146	Article_0032	link	403
other-internal	Article_0225	external	259
Article_3496	Article_0269	link	149
Article_0434	Article_0187	link	408
Article_0211	India	link	35
Article_0176	Article_0012	link	71
Article_2972	Article_0020	link	489
Article_3497	Article_0643	link	354
other-internal	United_States	external	332
other-internal	Article_1019	external	354
other-internal	Article_0192	external	173
Article_0887	Article_0271	link	63
Article_3469	Article_0041	link	43
Article_0535	Article_0014	link	92
other-internal	Article_0047	external	67
Article_3308	Article_0209	link	417
other-internal	Article_0380	external	218
Article_2641	Article_2920	link	63
other-internal	Article_2237	external	146
Article_2201	United_Kingdom	link	195
other-internal	Article_0273	external	55
Article_1728	Article_0072	link	80
Article_0817	Article_0017	link	164
other-internal	Article_2236	external	37
Article_1461	Article_0284	link	304
Article_1660	Article_0062	link	378
Article_0104	YouTube	link	277
other-internal	Article_0042	external	224
other-search	Article_0164	other	285
Article_2858	Article_0042	link	454
Article_3396	Article_0101	link	173
other-internal	Article_0192	external	150
Article_0069	Article_0240	link	153
other-internal	Article_0707	external	309
Article_2300	Article_0018	link	359
Article_0710	Article_0052	link	492
other-internal	Article_0226	external	43
Article_0385	Article_0098	link	278
Article_2193	India	link	433
other-internal	United_States	external	92
other-internal	Article_2028	external	380
Article_0809	India	link	77
Article_2350	Article_0096	link	359
Article_0887	Article_0307	link	340
Article_1948	Article_1112	link	223
Article_0946	Article_1461	link	424
other-internal	Article_0584	external	249
other-internal	Article_3580	external	253
Article_1685	Article_0015	link	413
Article_0564	Article_0025	link	428
Article_1720	Article_0212	link	437
Article_0078	Article_0613	link	388
other-internal	Article_0922	external	59
Article_0512	Article_3857	link	88
Article_2005	Article_1405	link	491
Article_2397	Article_0013	link	324
other-internal	Article_0098	external	283
Article_1552	Article_0059	link	228
Article_1531	Article_0036	link	57
Article_2940	Article_0025	link	462
other-internal	Article_0016	external	269
Article_1613	Article_0849	link	68
Article_3915	Article_0985	link	133
other-internal	Article_0576	external	264
Article_3015	Article_0309	link	240
Article_3719	Article_0189	link	136
Article_2330	Article_0228	link	54
Article_0998	Article_0110	link	482
other-internal	Article_0299	external	115
Article_1674	Article_0395	link	355
other-internal	Article_2624	external	166
Article_0221	Article_0058	link	410
Article_2567	Article_0029	link	174
Article_1451	Article_2088	link	317
Article_3144	Article_0068	link	419
Article_2692	Article_3246	link	263
other-internal	Article_0281	external	365
other-internal	Article_0020	external	109
other-internal	Article_1567	external	275
Article_0903	Article_0108	link	425
Article_3102	Article_0625	link	175
Article_2998	Article_1544	link	329
Article_0769	Article_0041	link	489
Article_2797	Article_0493	link	483
other-internal	Article_0021	external	279
Article_2679	United_States	link	292
other-internal	Article_1716	external	395
Article_0795	Article_0137	link	472
Article_2998	Article_0239	link	196
Article_2204	Article_0854	link	354
other-internal	Article_3038	external	259
other-search	Article_0033	other	337
other-internal	Article_0037	external	261
Article_1113	United_States	link	226
other-internal	Article_0494	external	106
Article_3308	Article_0140	link	43
other-internal	Article_0040	external	370
other-internal	Article_0233	external	328
other-internal	Article_0014	external	250
Article_1309	Article_0256	link	323
Article_2130	Article_1300	link	72
Article_1595	Article_3722	link	479
other-internal	Article_0193	external	251
Article_3917	China	link	166
Article_3783	Article_0770	link	133
Article_1909	Article_0563	link	168
Article_3130	Article_2681	link	140
other-search	Article_0045	other	271
Article_2555	Article_0041	link	201
Article_3836	Article_0012	link	348
Article_3400	United_States	link	400
Article_0792	Article_0453	link	186
other-internal	Article_3673	external	345
Article_3627	Article_2667	link	386
other-internal	India	external	279
Article_3128	Article_1679	link	50
Article_0503	United_States	link	433
Article_2464	Article_0012	link	29
Article_1312	Article_2211	link	22
Article_1822	Article_0063	link	326
Article_0485	Article_0135	link	119
other-internal	Article_0076	external	39
Article_2056	Article_2039	link	53
Article_1844	World_War_II	link	87
Article_3865	United_States	link	382
Article_1838	Article_0732	link	471
Article_1336	Article_1933	link	105
Article_1341	Article_1872	link	471
Article_2741	Article_3476	link	467
other-internal	Article_0045	external	326
other-internal	Article_0167	external	323
Article_1514	Article_1795	link	444
Article_0965	Article_0357	link	248
Article_1107	Article_0295	link	37
Article_1511	World_War_II	link	29
Article_2800	India	link	17
other-internal	Article_0610	external	279
other-search	India	other	270
Article_3830	Article_1057	link	463
Article_3795	Article_3493	link	21
Article_1775	United_States	link	350
Article_0269	Article_0368	link	270
Article_0662	Article_0011	link	210
Article_0705	Article_0013	link	287
other-internal	Article_0039	external	88
other-internal	Article_0334	external	379
Article_3638	Article_0095	link	150
Article_0260	Article_0085	link	110
other-search	Article_0130	other	220
other-internal	Article_0028	external	285
Article_2045	Article_1140	link	330
Article_3072	Article_2899	link	78
Article_2870	Article_0014	link	341
Article_1059	Article_2824	link	219
other-internal	United_States	external	252
Article_0428	Article_1231	link	371
Article_2410	Article_0049	link	258
Article_1179	Russia	link	401
Article_0359	Article_0060	link	430
Article_0950	Article_0026	link	159
other-internal	Article_0025	external	75
other-internal	Article_0744	external	209
Article_2599	Article_0011	link	451
Article_3727	Article_0631	link	88
Article_2280	Article_0449	link	316
Article_3489	Article_0019	link	281
other-internal	Article_0901	external	250
other-internal	Article_0101	external	337
other-internal	Article_0018	external	272
Article_1684	Article_3600	link	270
other-internal	World_War_II	external	206
Article_2282	Article_0035	link	339
Article_2126	Article_3784	link	348
Article_0517	Article_2390	link	485
Article_1767	Article_0220	link	433
other-internal	Article_0377	external	303
other-internal	Article_0239	external	96
Article_0279	Article_0931	link	238
other-internal	Article_0691	external	58
Article_3006	United_States	link	382
Article_3670	Article_0052	link	116
Article_0659	World_War_II	link	68
Article_2113	World_War_II	link	98
Article_3613	Article_0056	link	276
Article_3558	United_States	link	64
Article_0913	Article_0478	link	183
Article_2273	Article_0032	link	331
Article_3071	Article_0335	link	42
Article_0827	Article_0717	link	492
other-search	Article_0033	other	356
Article_0707	Article_0027	link	141
Article_0036	Article_0041	link	89
Article_3493	Article_0061	link	278
other-internal	Article_0046	external	68
Article_2403	Article_0283	link	277
Article_3384	Article_2069	link	96
Article_0670	Article_0020	link	216
Article_3499	Article_0545	link	50
Article_1215	YouTube	link	214
Article_0360	Article_0047	link	43
other-internal	Article_0219	external	69
Article_0671	Article_0032	link	298
Article_2261	Article_1000	link	375
Article_3977	India	link	108
other-search	Article_0030	other	283
Article_1292	Article_2554	link	321
Article_2744	India	link	307
other-internal	Article_2147	external	389
Article_2604	Article_0987	link	14
Article_2663	India	link	314
Article_0035	United_States	link	334
Article_1732	Article_0326	link	262
other-internal	United_States	external	130
Article_1555	Article_0951	link	442
Article_3072	India	link	215
other-internal	Article_0849	external	253
Article_1313	Article_0210	link	40
Article_3907	Article_0494	link	343
Article_2721	Article_0013	link	56
Article_3337	Article_0623	link	13
Article_3107	Article_2520	link	327
Article_1539	Article_0124	link	137
Article_3383	Article_0018	link	428
Article_2956	Article_0104	link	257
Article_0048	Article_0060	link	243
other-internal	Article_0021	external	302
other-internal	Russia	external	43
Article_0038	Article_0039	link	115
Article_1276	Article_1503	link	350
Article_3129	Article_0892	link	427
Article_1426	Article_0082	link	459
other-internal	World_War_II	external	269
Article_1161	Article_0575	link	419
other-internal	France	external	156
other-internal	China	external	70
Article_1200	Article_0255	link	310
other-internal	Article_1613	external	325
Article_3235	Article_0040	link	124
Article_2745	Article_0029	link	325
Article_0183	Article_0420	link	493
other-internal	Article_0116	external	185
Article_3689	YouTube	link	353
other-internal	United_States	external	33
other-internal	Article_1170	external	342
Article_3596	Article_1189	link	95
Article_0263	Article_2241	link	96
other-internal	YouTube	external	395
other-internal	United_States	external	20
other-internal	India	external	379
Article_2867	Article_0039	link	450
other-internal	United_States	external	266
Article_1465	Article_0734	link	20
other-internal	Article_1953	external	341
Article_1426	Article_0233	link	107
other-internal	Article_2745	external	247
Article_3932	Article_3318	link	56
Article_1916	Article_2867	link	421
Article_3648	Article_0022	link	179
Article_2083	Article_0044	link	223
Article_3339	Article_1716	link	260
Article_3196	United_States	link	67
Article_2656	Article_0157	link	208
Article_3552	Article_0102	link	149
other-internal	Article_0106	external	313
Article_2944	Article_0422	link	371
Article_1616	Russia	link	332
Article_2921	Article_0023	link	434
Article_1609	Article_0112	link	24
Article_1473	Article_2391	link	72
other-internal	Article_0022	external	183
Article_1320	China	link	264
other-search	Article_3764	other	91
other-search	United_Kingdom	other	72
other-search	United_States	other	92
other-internal	Article_0390	external	228
other-internal	India	external	356
Article_0305	United_States	link	118
other-internal	Article_0073	external	313
Article_1309	World_War_II	link	55
Article_0448	Article_0045	link	55
other-internal	United_Kingdom	external	365
Article_0297	Article_1604	link	133
Article_2462	YouTube	link	117
Article_1017	Article_0197	link	418
Article_1463	Article_0747	link	124
Article_0752	Article_1981	link	60
Article_3450	India	link	468
Article_3152	Article_1363	link	293
other-search	Article_0384	other	363
Article_0312	Article_0226	link	244
Article_1570	Article_0116	link	432
Article_3548	United_States	link	162
Article_1212	Article_0021	link	93
Article_0725	India	link	455
Article_1173	Article_1195	link	17
other-internal	Article_2087	external	180
Article_0983	Germany	link	224
Article_2168	Article_0134	link	134
Article_3568	Russia	link	323
Article_0461	Article_0539	link	197
Article_1808	Article_3056	link	67
Article_1878	Article_0040	link	457
Article_2543	Article_1617	link	241
Article_1193	Article_1129	link	187
Article_1144	Article_0539	link	13
Article_0475	Article_0013	link	111
Article_1721	China	link	130
other-internal	Article_1506	external	265
Article_0607	Article_0077	link	442
other-internal	Article_0079	external	106
Article_3077	Article_0663	link	10
Article_1308	India	link	467
other-internal	Article_1328	external	232
other-internal	Article_3422	external	24
Article_2709	Article_0036	link	117
Article_2266	Article_2835	link	75
Article_0097	Russia	link	151
other-internal	Article_0199	external	12
Article_2963	Article_0363	link	81
Article_0535	Article_1221	link	280
Article_3171	Article_0599	link	299
Article_3023	Canada	link	498
Article_0133	World_War_II	link	395
Article_2144	Article_2111	link	391
other-internal	Article_0017	external	145
Article_2093	Article_0215	link	23
Article_2711	Article_1524	link	104
Article_0932	Article_0610	link	164
Article_3887	Article_0018	link	124
Article_2654	China	link	272
other-search	Article_0024	other	219
other-internal	Article_0020	external	91
Article_2856	Article_0701	link	19
Article_0156	Article_0093	link	399
other-internal	France	external	221
Article_2967	Article_1140	link	106
other-internal	Article_0087	external	72
other-internal	Article_0316	external	101
Article_3604	Article_3142	link	448
Article_3907	Article_2631	link	487
Article_2639	Article_0019	link	132
Article_0207	Article_3735	link	457
Article_1098	United_Kingdom	link	428
Article_0923	Article_1668	link	200
Article_2340	Article_2571	link	342
other-internal	Russia	external	81
Article_3290	Article_0847	link	165
other-internal	Article_0155	external	37
Article_1274	Article_0285	link	145
Article_2776	Article_0245	link	112
other-internal	Article_0349	external	293
Article_2665	India	link	140
Article_3262	Article_1502	link	401
other-internal	Article_0047	external	302
Article_1181	Article_0363	link	492
other-internal	Article_1222	external	223
other-search	Article_3271	other	396
other-internal	Article_0207	external	76
Article_3535	Article_3640	link	198
other-internal	Article_0429	external	278
other-internal	United_States	external	40
Article_2891	Article_0207	link	183
Article_3886	Article_0011	link	84
other-search	Article_0063	other	302
Article_0055	Canada	link	92
other-internal	Article_0120	external	87
other-internal	India	external	230
Article_1244	Article_0972	link	426
Article_3204	United_States	link	301
other-internal	United_Kingdom	external	86
other-internal	Article_3131	external	45
Article_3476	Article_1753	link	424
Article_2888	Article_3684	link	446
Article_0806	Article_2801	link	204
Article_3296	Article_0481	link	137
other-internal	Article_1020	external	249
Article_3129	Article_1145	link	485
Article_2871	Article_0058	link	333
Article_0589	Article_0023	link	162
Article_1918	Article_0482	link	404
other-internal	Article_0037	external	82
other-internal	Article_1860	external	165
Article_1178	Article_0198	link	319
other-internal	Article_0013	external	94
Article_3851	Article_0067	link	495
Article_1614	United_States	link	400
other-internal	Article_1857	external	59
Article_3849	Article_0012	link	258
Article_2275	Article_1931	link	363
Article_3860	Article_0240	link	297
Article_3955	Article_0012	link	300
other-internal	Article_2313	external	299
other-internal	United_States	external	158
Article_3413	World_War_II	link	229
Article_1497	Article_0253	link	456
Article_2416	Article_2483	link	126
other-internal	Article_0426	external	325
other-search	Article_3902	other	89
other-internal	Article_0041	external	384
Article_1572	YouTube	link	107
Article_1163	Article_0814	link	439
Article_0690	United_States	link	320
Article_3642	Article_0321	link	176
Article_1801	Article_2877	link	112
Article_1319	Article_0042	link	56
Article_2535	Article_0106	link	104
other-internal	Article_2055	external	343
other-internal	World_War_II	external	390
Article_2908	Article_2592	link	104
Article_3349	Article_0127	link	309
other-internal	Article_0219	external	118
Article_1875	Article_0019	link	48
Article_1623	United_States	link	312
Article_2014	Article_0011	link	283
other-internal	Article_0643	external	102
Article_2739	China	link	216
other-internal	India	external	103
other-internal	Article_1402	external	310
Article_1398	Article_0027	link	39
other-internal	Article_0749	external	294
Article_2617	Article_0257	link	429
Article_1159	Article_0019	link	136
Article_3390	Article_1800	link	478
Article_0555	Article_0015	link	109
other-internal	United_States	external	245
Article_3621	Article_0010	link	152
other-internal	Article_0160	external	12
other-search	Article_0015	other	162
other-internal	Article_3814	external	105
other-internal	Article_0017	external	26
Article_3469	Article_0156	link	239
Article_2241	Article_0011	link	42
Article_1778	Article_0622	link	231
Article_3775	Article_2994	link	82
Article_0881	Article_0098	link	183
other-internal	Article_0011	external	111
Article_1425	Article_0391	link	212
Article_1910	Article_0056	link	379
Article_1429	United_States	link	460
other-search	Article_1135	other	295
Article_1909	Article_0142	link	274
other-internal	Article_0027	external	231
other-internal	Article_0061	external	378
Article_1946	Article_0461	link	139
Article_1351	Article_0100	link	39
Article_2776	YouTube	link	219
Article_0050	Article_0045	link	25
Article_0747	Canada	link	125
Article_0431	India	link	58
Article_3824	Article_0232	link	158
other-internal	Article_0683	external	284
other-internal	Article_0019	external	388
Article_3435	Article_0187	link	295
Article_1923	Article_0017	link	68
Article_2267	India	link	240
Article_2133	India	link	454
Article_1102	Article_3557	link	474
Article_3464	Article_0273	link	324
Article_0236	Article_0372	link	104
Article_3584	Article_3803	link	232
Article_1251	Article_2015	link	219
Article_1172	Article_2101	link	366
Article_1758	Article_1629	link	116
other-search	Article_0027	other	159
Article_3776	Article_3044	link	285
other-internal	Article_0037	external	361
Article_1772	Article_1038	link	213
other-internal	Article_0456	external	311
Article_0185	Article_0963	link	346
other-search	United_States	other	333
Article_1700	Article_0025	link	438
Article_0442	Article_0011	link	190
Article_0427	Article_1907	link	15
Article_2952	World_War_II	link	235
Article_0907	Canada	link	237
other-internal	Article_1847	external	68
Article_0138	Germany	link	221
other-internal	United_States	external	136
Article_1339	India	link	52
Article_3084	Article_0048	link	481
other-internal	Article_0023	external	373
Article_0088	Article_0447	link	385
other-internal	Article_0015	external	351
other-search	United_States	other	55
other-internal	Article_0334	external	388
Article_1520	India	link	457
other-internal	Article_0064	external	226
Article_2683	Article_0013	link	79
Article_2463	Article_2997	link	76
other-internal	Article_0047	external	359
Article_1651	Article_0096	link	493
Article_3403	Article_2071	link	129
Article_0617	Article_2448	link	137
Article_3108	Article_2032	link	209
Article_1283	Article_2231	link	75
Article_3542	Article_0095	link	423
other-internal	Article_0247	external	107
other-internal	Article_0150	external	213
Article_0462	Article_0013	link	111
Article_1832	Article_2084	link	88
Article_0816	Article_0260	link	121
other-search	Article_0021	other	369
other-search	Article_1057	other	326
Article_2382	Article_0211	link	274
other-internal	China	external	363
Article_1499	Article_1954	link	219
Article_0746	Article_0049	link	464
Article_3509	Article_3415	link	436
other-internal	Article_3756	external	243
other-search	Article_0553	other	118
Article_3533	Article_0472	link	149
Article_3769	Article_2746	link	85
Article_0274	United_States	link	196
Article_1007	Article_0834	link	365
other-internal	Article_2716	external	217
other-internal	Article_1396	external	320
Article_2958	Article_0563	link	174
Article_1707	Canada	link	275
Article_1704	Article_0144	link	128
other-internal	Article_0369	external	143
Article_0095	Article_1718	link	108
Article_3401	United_States	link	480
Article_3648	Article_0038	link	188
Article_3939	Article_1277	link	237
Article_0547	Article_1185	link	79
other-internal	Article_0040	external	250
Article_0851	Article_0843	link	371
Article_2875	United_States	link	34
Article_2546	Article_2788	link	50
Article_2817	Article_0161	link	204
other-internal	United_States	external	179
Article_3841	Article_0213	link	459
other-internal	Article_0010	external	147
Article_3085	Article_1984	link	223
Article_3885	Article_0294	link	147
other-internal	Article_0369	external	158
other-internal	Article_0309	external	42
Article_3774	Article_1258	link	41
Article_1620	Article_0020	link	350
other-internal	Germany	external	119
other-internal	Canada	external	339
Article_0540	Article_0303	link	99
Article_0562	Article_0864	link	102
Article_3019	Article_0017	link	336
Article_1871	Article_3066	link	306
Article_0197	Article_1823	link	118
Article_0200	France	link	405
Article_2669	India	link	89
Article_0947	Article_0678	link	266
Article_0806	Article_0028	link	343
Article_0509	Article_2506	link	472
other-internal	Article_1079	external	344
Article_2946	Russia	link	74
Article_2778	Article_0142	link	109
Article_1765	Article_0361	link	111
other-internal	Article_1805	external	129
other-search	Article_0099	other	177
Article_2767	Article_0014	link	156
Article_3723	Article_0428	link	220
other-internal	Article_0794	external	204
Article_0376	Article_0204	link	235
other-internal	China	external	182
other-internal	Article_0519	external	334
Article_2615	United_States	link	216
Article_1408	Article_0035	link	312
Article_2820	Article_0031	link	53
Article_0438	Article_3801	link	67
Article_2742	Article_2196	link	83
other-internal	India	external	379
other-internal	Article_0011	external	248
Article_1078	Article_0022	link	422
Article_2510	Article_0470	link	96
Article_3572	Article_2631	link	119
other-internal	China	external	346
Article_2660	Article_0231	link	241
other-search	Article_0295	other	287
other-internal	Article_3342	external	285
Article_2506	Article_0823	link	389
Article_1227	Article_0033	link	236
Article_1396	United_States	link	170
Article_0414	France	link	151
Article_2007	Article_0441	link	36
Article_3353	Article_3227	link	13
Article_0100	Article_1770	link	45
Article_1871	Article_0226	link	363
Article_0885	Article_0012	link	494
Article_2328	Article_1664	link	55
Article_3087	Article_1264	link	353
Article_3223	India	link	231
Article_2879	Article_0591	link	253
Article_3058	Article_0025	link	53
Article_2461	Article_0021	link	356
Article_2985	Article_0915	link	171
other-internal	Article_2749	external	380
Article_2601	Article_0085	link	179
Article_1877	Article_2972	link	387
Article_2669	Article_0217	link	388
Article_0294	Article_0261	link	408
Article_0308	Article_0226	link	11
Article_2092	Article_0072	link	202
Article_0085	Article_0310	link	100
Article_2807	Article_0079	link	298
Article_1907	Article_0075	link	236
United_States	Article_0019	link	68
Article_0451	Article_0116	link	419
other-internal	World_War_II	external	257
Article_1527	Article_0070	link	483
Article_2788	Article_0043	link	198
Article_1408	Article_2084	link	428
other-internal	Article_0013	external	162
Article_2626	Article_0023	link	153
Article_1212	Article_0017	link	217
Article_3831	Article_0360	link	173
other-search	Article_3698	other	173
Article_2099	Article_0706	link	179
other-internal	Article_0033	external	183
Article_2035	France	link	273
other-internal	YouTube	external	118
other-internal	Russia	external	144
Article_0859	Article_0270	link	193
Article_3999	Article_0266	link	67
other-internal	Article_0142	external	78
Article_1045	Article_0095	link	322
other-internal	Article_2269	external	225
Article_3212	Article_0059	link	378
Article_3799	United_States	link	428
Article_2364	Article_0049	link	308
Article_1508	United_States	link	180
Article_1866	Article_0408	link	63
Article_3858	Article_0185	link	52
Article_3162	World_War_II	link	214
Article_2137	Article_0224	link	273
Article_0743	Article_2906	link	451
other-search	Article_2263	other	368
other-internal	Article_0770	external	224
Article_3745	Article_0063	link	199
Article_1994	Article_0326	link	215
other-internal	Article_2981	external	203
other-internal	Article_0069	external	136
Article_2755	Article_0442	link	301
Article_3482	Article_2836	link	385
Article_3164	Article_1815	link	303
Article_1414	Article_0046	link	424
Article_1970	Article_0025	link	386
Article_1378	Article_0077	link	295
Article_3320	Article_0830	link	459
other-internal	Article_0230	external	69
Article_1338	Article_0159	link	421
other-internal	Article_0214	external	307
Article_0562	Article_1895	link	153
Article_0855	Article_2480	link	179
other-search	India	other	78
Article_1090	United_States	link	363
Article_2359	Article_0033	link	493
Article_0247	Article_0119	link	34
Article_0404	United_States	link	288
other-internal	United_States	external	259
other-internal	Article_3646	external	366
Article_1178	Article_2209	link	115
Article_0696	Article_0966	link	423
other-internal	Article_0147	external	145
Article_3576	France	link	64
Article_2782	Article_0032	link	448
Article_0548	Article_1898	link	152
Article_2447	Article_2026	link	409
other-search	Article_1458	other	147
Article_3805	Article_0513	link	170
Article_0504	Article_0168	link	485
Article_1039	Article_0773	link	393
other-internal	Article_0013	external	105
Article_0293	Russia	link	240
Article_1074	Article_0558	link	468
Article_2286	India	link	185
Article_0713	Russia	link	105
other-internal	World_War_II	external	359
Article_0845	Article_0162	link	67
Article_0402	Article_3437	link	57
Article_2573	Article_1335	link	209
other-internal	Article_0010	external	42
other-internal	Article_1066	external	128
other-internal	Article_1637	external	145
Article_3420	United_States	link	472
Article_3886	Article_0869	link	445
other-internal	China	external	17
other-internal	Article_3931	external	167
Article_1828	Article_0090	link	86
other-internal	Germany	external	16
Article_2077	Article_1479	link	132
Article_0529	India	link	398
Article_3935	Article_0053	link	487
Article_3575	Article_0046	link	291
Article_3166	Article_2590	link	36
other-internal	United_States	external	76
Article_0853	United_States	link	132
Article_0600	Article_0944	link	404
other-search	Article_0136	other	115
other-internal	United_States	external	251
Article_3884	Article_0058	link	357
other-search	Article_0664	other	387
other-internal	Article_0420	external	83
other-internal	Article_0053	external	67
Article_0959	Article_0082	link	429
Article_2621	United_States	link	42
other-internal	Article_0230	external	318
Article_0235	Article_0012	link	203
Article_3771	Article_0011	link	209
Article_2015	Article_0037	link	222
Article_1429	Article_0141	link	457
other-search	Article_0203	other	161
Article_1942	Article_1503	link	130
other-internal	Article_0078	external	297
Article_2653	Article_0054	link	398
Article_0383	Article_2906	link	270
Article_2399	India	link	455
Article_0722	Article_0085	link	458
Article_2581	Article_0030	link	217
Article_0444	Article_0160	link	314
Article_2503	United_Kingdom	link	278
other-internal	Article_0043	external	147
Article_2581	Article_0296	link	95
Article_3242	United_States	link	321
Article_2532	Article_0342	link	41
Article_2763	Article_0641	link	370
Article_3780	Article_1441	link	400
Article_1863	Article_0861	link	156
other-internal	Article_1252	external	130
Article_1281	United_States	link	93
Article_1061	Article_0141	link	430
Article_2145	India	link	252
other-search	Article_1537	other	301
other-internal	Article_0025	external	382
other-internal	Article_0356	external	323
Article_1565	United_States	link	18
Article_3712	Article_0360	link	210
Article_1735	Article_1559	link	110
Article_2381	Article_0142	link	266
other-internal	China	external	63
Article_1821	Canada	link	116
Article_0185	Article_0147	link	324
Article_1884	Article_0112	link	181
Article_0239	Article_1035	link	210
other-search	Article_0051	other	303
Article_2705	Article_0175	link	249
other-internal	Article_0694	external	332
other-internal	Article_0998	external	210
Article_3461	Article_0101	link	479
other-internal	China	external	337
other-internal	Article_1719	external	153
Article_1980	Article_0013	link	343
other-internal	Article_3482	external	228
Article_0867	Article_0350	link	289
Article_1778	Canada	link	77
Article_1568	Article_0691	link	265
Article_0104	Article_1279	link	369
Article_1121	Article_0132	link	494
Article_3559	Article_0270	link	225
Article_3853	Article_1027	link	387
Article_0753	Article_0405	link	439
Article_1903	India	link	445
Article_3826	Article_0162	link	359
other-internal	Article_3980	external	202
other-internal	United_States	external	374
Article_1243	India	link	53
Article_0520	United_States	link	16
Article_0759	Article_0494	link	46
Article_3857	Article_0295	link	259
other-internal	Article_3882	external	297
Article_2545	Article_1587	link	446
Article_1889	Article_0077	link	212
Article_0132	Article_0012	link	410
Article_2410	Article_0054	link	75
Article_3146	Article_0447	link	345
Article_3456	India	link	107
Article_1255	Article_3261	link	14
Article_0404	Article_1745	link	101
other-internal	Article_0361	external	388
Article_1533	Article_0045	link	253
Article_1150	Article_0057	link	144
other-internal	United_States	external	201
other-internal	Article_1152	external	270
other-search	Article_1330	other	13
Article_2680	India	link	372
other-internal	Article_0150	external	107
other-internal	Russia	external	156
Article_0416	Article_3017	link	323
Article_0505	World_War_II	link	326
Article_0740	Article_0450	link	276
other-internal	Article_0018	external	60
Article_1325	Article_2597	link	208
Article_2169	Article_1958	link	405
Article_0683	Article_0481	link	19
Article_0439	Article_0036	link	253
Article_2715	Article_1964	link	303
Article_2129	Article_2800	link	173
other-internal	Article_1343	external	61
Article_3409	Article_0498	link	479
Article_2387	Article_2285	link	28
other-internal	Article_0861	external	78
Article_2848	World_War_II	link	105
other-internal	Article_0016	external	39
other-internal	Article_0491	external	156
other-internal	Article_2044	external	315
Article_3838	Article_2405	link	309
Article_1212	United_Kingdom	link	373
Article_1618	World_War_II	link	96
Article_0718	Article_0599	link	26
Article_0669	Canada	link	273
other-internal	Article_1506	external	21
Article_0188	Article_0398	link	399
Article_0152	India	link	165
Article_1942	India	link	485
Article_2179	Article_0860	link	421
other-internal	Article_0028	external	123
Article_1893	United_States	link	371
Article_1413	Article_0092	link	337
other-internal	Article_0089	external	320
Article_2044	World_War_II	link	144
Article_0696	Article_1466	link	395
other-internal	Article_0489	external	188
Article_0039	Article_0231	link	47
Article_0558	France	link	477
Article_0224	Article_1130	link	422
Article_2240	Article_0265	link	18
other-internal	Article_0225	external	153
other-internal	Article_0104	external	296
other-internal	Article_0182	external	381
other-internal	Article_1876	external	277
Article_1617	Russia	link	383
Article_0355	Article_0053	link	427
Article_3716	Article_0141	link	356
other-search	Article_0173	other	282
Article_1331	Germany	link	159
other-internal	Article_0020	external	214
Article_2457	Article_0033	link	50
Article_3014	Article_0098	link	268
other-internal	Article_0017	external	349
Article_2041	Article_2537	link	233
Article_1669	Article_1962	link	186
other-internal	Article_1014	external	337
Article_2391	Article_0260	link	321
Article_0939	Article_0232	link	317
Article_3016	Article_0108	link	435
Article_3219	Article_0023	link	256
other-internal	Article_1621	external	242
Article_0139	Article_0095	link	105
other-internal	Russia	external	98
Article_1429	Article_0033	link	168
Article_2572	Article_0072	link	196
other-internal	Russia	external	83
Article_2818	Article_1672	link	138
Article_2901	Article_2311	link	80
other-search	Article_0044	other	318
other-internal	Article_0028	external	212
Article_3711	Article_2527	link	141
other-internal	Article_0048	external	159
other-internal	Article_0065	external	257
Article_3439	Article_0011	link	191
Article_3319	Article_0033	link	379
Article_1099	United_States	link	315
other-internal	Article_0032	external	147
Article_0279	United_States	link	397
Article_0908	World_War_II	link	405
Article_2188	Article_1625	link	185
Article_1770	United_States	link	348
Article_1834	France	link	132
other-internal	Article_3640	external	396
Article_2979	Article_1133	link	496
other-internal	Article_0502	external	376
Article_3104	Article_0461	link	347
Article_2935	Article_0021	link	190
Article_3027	Article_1962	link	16
Article_1913	Article_0027	link	319
Article_1082	Article_2532	link	171
Article_3278	United_Kingdom	link	185
Article_3340	China	link	265
other-internal	Article_3051	external	322
other-internal	Article_1215	external	375
other-search	Article_2716	other	269
Article_3520	Article_2183	link	202
other-search	Russia	other	53
other-internal	India	external	299
Article_3801	Article_0698	link	335
other-internal	Article_0239	external	307
other-internal	India	external	285
Article_3875	World_War_II	link	442
Article_3638	Article_0018	link	219
Article_0076	Article_0040	link	322
Article_2676	Article_0763	link	464
Article_1746	Article_0556	link	214
Article_3851	Russia	link	34
Article_0457	Article_0022	link	58
Article_0589	India	link	49
Article_2120	India	link	99
other-internal	United_States	external	379
Article_2989	Article_0046	link	426
Article_3366	Article_0015	link	249
Article_1943	Article_0494	link	268
Article_2103	Article_0029	link	370
Article_1479	Article_1758	link	205
Article_3117	Article_0858	link	107
other-internal	Article_0665	external	390
Article_0611	Article_1865	link	150
Article_3564	World_War_II	link	172
Article_1568	Article_1060	link	279
other-internal	India	external	217
other-search	World_War_II	other	60
Article_3015	France	link	480
other-search	Article_0068	other	245
other-internal	Article_3517	external	137
Article_2001	Article_0021	link	28
Article_3649	Article_0265	link	300
Article_0935	Article_0954	link	11
other-internal	Article_0904	external	391
other-internal	Article_1914	external	234
other-internal	Article_3596	external	226
other-internal	Article_2807	external	197
Article_0589	Article_0356	link	182
Article_3434	Article_0082	link	459
Article_1123	Article_0060	link	499
other-internal	Article_0055	external	57
Article_2365	Article_0018	link	235
Article_0561	Russia	link	207
Article_2369	Article_0075	link	156
other-search	Article_0014	other	139
Article_0838	Article_1300	link	407
other-internal	Article_0957	external	36
Article_0408	United_Kingdom	link	423
other-internal	India	external	43
other-internal	Article_1822	external	61
other-search	Article_0013	other	378
Article_1229	Germany	link	268
other-internal	Article_1770	external	354
Article_2083	Article_3144	link	79
other-internal	Article_0440	external	122
Article_3697	India	link	432
other-internal	United_States	external	266
Article_1367	Article_0041	link	249
Article_3456	Article_0345	link	409
Article_1925	United_States	link	313
Article_1370	Article_0174	link	69
Article_0456	Article_0538	link	235
Article_2626	World_War_II	link	391
other-internal	United_States	external	202
other-internal	India	external	386
Article_1113	Article_0606	link	142
Article_1216	Article_0566	link	39
other-internal	Article_0462	external	168
other-internal	Article_0044	external	34
other-internal	Article_0035	external	330
other-internal	United_States	external	171
Article_1976	Article_1274	link	111
Article_2148	Article_0153	link	176
Article_1116	World_War_II	link	12
Article_3160	China	link	450
other-internal	World_War_II	external	53
other-internal	World_War_II	external	140
other-internal	Article_0945	external	146
other-internal	Article_3648	external	222
Article_2123	Article_3753	link	209
other-internal	World_War_II	external	98
other-internal	Article_3176	external	72
Article_1956	Article_1382	link	395
Article_1320	India	link	333
Article_3052	Article_1221	link	253
other-internal	Article_1478	external	190
Article_0182	Article_0724	link	257
Article_3374	Article_0015	link	229
Article_2800	Article_1779	link	10
Article_1448	Article_0026	link	31
Article_3325	Article_1184	link	222
Article_0247	Article_0121	link	186
Article_2629	Article_3878	link	387
other-internal	Article_1493	external	371
Article_2227	Article_0862	link	233
Article_3732	Article_0053	link	378
Article_2534	Article_0730	link	414
Article_1654	Article_1517	link	38
other-internal	Article_0073	external	360
other-internal	Article_3614	external	349
Article_1783	Article_1276	link	102
other-search	Article_3276	other	255
other-internal	Article_0136	external	342
other-search	Article_0025	other	241
Article_3050	YouTube	link	221
Article_3888	World_War_II	link	361
Article_0521	Article_0051	link	279
Article_1919	Article_0849	link	318
Article_3940	Article_0874	link	198
Article_2937	Article_0075	link	182
other-internal	Article_0135	external	88
Article_1348	United_States	link	178
Article_0195	Article_0033	link	253
other-internal	World_War_II	external	79
Article_0525	Article_1059	link	75
Article_1627	Article_0044	link	199
Article_2568	Russia	link	94
other-internal	Article_0018	external	52
Article_1560	YouTube	link	353
Article_1143	United_States	link	429
Article_3591	United_States	link	117
Article_2337	Article_0030	link	340
other-internal	Article_0603	external	295
Article_1789	Article_0012	link	226
Article_3672	United_Kingdom	link	324
Article_0664	France	link	435
Article_3747	Article_2478	link	272
Article_0125	India	link	389
Article_1869	Article_0030	link	434
Article_1480	Article_0032	link	442
Article_2999	Article_0118	link	134
other-internal	Article_1287	external	62
other-internal	Article_0023	external	178
other-internal	United_States	external	203
Article_1179	Article_1837	link	97
Article_2976	Article_3433	link	284
other-internal	Article_0751	external	132
other-internal	United_States	external	218
Article_1924	China	link	344
other-search	United_States	other	59
Article_0250	Article_0080	link	321
Article_3840	Article_0044	link	232
Article_0191	Article_0089	link	53
other-internal	India	external	170
Article_0088	Article_0490	link	174
other-internal	Article_0018	external	254
Article_1466	Article_3245	link	250
Article_2119	Article_0028	link	278
other-internal	Article_0016	external	256
Article_3872	Article_0013	link	14
Article_0961	Article_0054	link	381
Article_0545	Article_0084	link	148
Article_2949	Article_0427	link	205
other-internal	Article_1241	external	66
Article_1681	United_Kingdom	link	194
Article_0787	Article_2449	link	298
Article_2601	Article_0191	link	78
Article_3701	Article_0264	link	125
other-internal	United_States	external	41
Article_1063	India	link	82
other-internal	Article_0126	external	185
Article_3826	Article_0016	link	311
other-search	Article_0469	other	15
Article_3891	YouTube	link	284
other-internal	Article_0090	external	194
Article_0815	Article_0095	link	468
other-internal	Article_2980	external	52
other-internal	Article_0036	external	184
other-internal	Article_0731	external	88
Article_1391	Article_2873	link	113
other-internal	Article_0547	external	82
Article_1970	Article_0133	link	474
Article_0448	Article_0041	link	486
other-internal	Article_0240	external	64
Article_3529	Article_1937	link	424
Article_0478	Article_0674	link	281
Article_0884	United_Kingdom	link	64
other-internal	Article_1299	external	118
other-internal	Article_0072	external	60
Article_1778	United_Kingdom	link	29
other-internal	Article_2892	external	363
other-internal	India	external	71
other-internal	Article_3120	external	305
Article_0568	Article_0037	link	428
Article_0458	Article_0032	link	455
other-internal	India	external	37
other-internal	Article_3911	external	326
other-search	World_War_II	other	279
other-internal	Article_3832	external	100
Article_3629	Article_0805	link	83
Article_2949	Article_0043	link	268
Article_2188	Article_2661	link	140
other-internal	Article_2957	external	145
Article_1554	Article_0088	link	289
Article_0947	Article_0014	link	332
Article_0484	Article_0091	link	404
Article_3600	United_States	link	494
other-internal	India	external	169
other-internal	Article_3126	external	76
Article_1415	Article_0283	link	319
Article_3906	United_States	link	316
other-internal	Article_0404	external	57
other-internal	Article_2148	external	170
Article_3305	Article_0023	link	131
Article_0756	Article_0011	link	490
other-internal	Article_0189	external	278
other-internal	India	external	240
Article_3756	Article_0016	link	472
Article_0882	Article_0461	link	68
other-internal	United_States	external	258
Article_3966	Article_0180	link	13
other-internal	Article_0796	external	256
Article_3857	YouTube	link	108
Article_0227	Article_0014	link	48
Article_2312	Article_0010	link	207
other-internal	Article_0623	external	187
Article_3014	Article_0740	link	156
Article_3079	Article_1215	link	109
Article_0800	Article_0012	link	412
Article_0399	Article_3565	link	279
Article_0061	Article_0584	link	222
Article_2161	Article_0079	link	158
Article_3851	Article_0192	link	210
Article_1980	Article_0528	link	393
other-search	YouTube	other	328
Article_3137	India	link	472
Article_1806	Article_1306	link	250
other-internal	Article_0242	external	337
Article_1845	United_States	link	326
other-internal	United_States	external	164
Article_3110	Article_0071	link	194
Article_2338	Article_0018	link	33
Article_1354	Article_0132	link	355
Article_2038	Article_0043	link	254
Article_0896	Article_1713	link	98
other-internal	Article_0215	external	99
Article_1357	Article_0298	link	308
other-internal	India	external	349
Article_3023	Article_0414	link	289
Article_2067	India	link	284
Article_3014	Article_2530	link	167
Article_1123	Article_2323	link	377
Article_1437	Article_0164	link	158
other-internal	Article_1456	external	178
Article_2969	Article_0021	link	449
Article_2897	Article_2930	link	387
Article_1049	Article_3470	link	425
Article_2209	World_War_II	link	88
Article_0117	Article_0056	link	496
Article_2415	Article_0227	link	435
other-internal	Article_0011	external	274
other-internal	Article_1140	external	256
other-internal	Article_0010	external	240
other-search	Article_0363	other	396
Article_0721	Article_3441	link	41
other-internal	Article_0119	external	86
Article_3127	France	link	161
Article_0458	Article_0063	link	47
Article_0781	Canada	link	399
Article_3920	Article_0180	link	274
other-internal	Article_3896	external	150
Article_0355	Article_2463	link	167
Article_1470	Article_0045	link	149
other-internal	Article_1529	external	165
other-internal	Article_0610	external	278
Article_1286	Article_0821	link	429
Article_0724	Article_0405	link	370
Article_0583	Article_1064	link	272
Article_1547	Article_2378	link	40
Article_0077	Article_0020	link	217
Article_2281	China	link	417
Article_2736	Article_0012	link	255
Article_2865	Article_0010	link	456
Article_1714	Article_0199	link	311
Article_0855	Article_0165	link	292
Article_1862	Article_0240	link	495
Article_3173	Article_1038	link	64
Article_0238	Article_0731	link	322
other-internal	Article_0038	external	183
Article_2636	Article_0635	link	196
Article_2794	Article_0202	link	454
Article_3760	Article_0073	link	166
Article_0763	Article_0032	link	88
Article_3638	Article_0017	link	317
Article_1411	Article_0061	link	119
other-internal	Article_3702	external	127
other-search	Article_1501	other	17
other-internal	World_War_II	external	220
other-internal	Article_1303	external	342
Article_0804	Article_0151	link	191
other-internal	France	external	374
Article_3676	India	link	52
Article_2248	Article_0010	link	275
other-internal	Article_0076	external	279
other-internal	Article_2058	external	349
Article_0907	Article_0478	link	417
other-internal	Article_3406	external	90
Article_1160	United_States	link	100
Article_0597	Article_0738	link	296
other-internal	Article_0065	external	23
other-internal	Canada	external	202
Article_0116	Article_2757	link	172
other-internal	United_States	external	398
Article_0532	Article_0913	link	439
Article_0508	Article_2307	link	229
other-internal	World_War_II	external	128
other-search	Article_0439	other	202
Article_3197	Article_0011	link	295
Article_0542	Article_0231	link	109
other-search	Article_0050	other	255
Article_1158	United_States	link	163
Article_2136	Article_1513	link	257
Article_1717	Article_3202	link	471
Article_0743	Article_0070	link	395
other-internal	Article_0283	external	30
Article_2117	Article_0898	link	469
other-internal	Article_0375	external	147
other-internal	Article_1607	external	278
Article_3196	Article_3707	link	314
Article_2331	Article_1281	link	78
Article_1358	Article_0024	link	267
Article_3583	Article_0617	link	376
other-internal	Article_0011	external	123
Article_0947	Article_0550	link	241
Article_3526	China	link	94
other-internal	Article_2984	external	313
Article_0109	World_War_II	link	383
Article_2355	Article_0054	link	138
Article_1799	Article_0010	link	376
Article_1748	Article_1725	link	458
Article_0725	Article_1451	link	215
other-search	Article_1554	other	184
Article_3328	Article_1945	link	488
other-internal	Article_0016	external	103
other-search	Article_0015	other	334
Article_0426	Article_0014	link	65
other-search	United_Kingdom	other	19
Article_1735	Article_0014	link	440
Article_1312	Germany	link	181
Article_3744	Article_1798	link	387
Article_0982	Article_2346	link	219
other-internal	India	external	336
Article_0511	YouTube	link	385
other-search	Article_0159	other	82
Article_2745	Article_3226	link	30
Article_3475	Article_1636	link	260
Article_2564	Article_0024	link	325
Article_0277	Article_0344	link	53
Article_0844	Article_0075	link	63
Article_1313	World_War_II	link	143
other-internal	China	external	220
other-internal	Article_0423	external	16
other-search	Article_1262	other	124
Article_1961	Article_0072	link	133
Article_0014	Article_0092	link	378
Article_2681	Article_3098	link	496
Article_2911	Canada	link	414
other-internal	Article_0013	external	371
Article_1900	Article_0278	link	428
Article_2782	Article_0698	link	39
other-internal	Article_0021	external	391
other-internal	Article_0056	external	219
other-internal	Article_0701	external	221
Article_0104	World_War_II	link	165
other-internal	United_States	external	226
Article_2253	Article_0013	link	23
other-search	Article_2237	other	362
Article_3862	Article_0218	link	206
Article_1329	Article_0378	link	143
Article_3623	Article_0030	link	316
Article_1320	Article_0219	link	50
Article_0763	Article_0027	link	95
Article_3120	Article_0088	link	317
Article_2649	China	link	451
other-internal	Article_0011	external	230
other-internal	Article_0116	external	289
Article_2453	Article_0501	link	54
Article_2077	Article_0069	link	189
other-internal	United_States	external	343
Article_2101	Article_3076	link	411
Article_3613	Article_0225	link	93
Article_2399	Article_0266	link	442
Article_1465	United_Kingdom	link	177
Article_0438	Article_0747	link	346
Article_3521	Article_0025	link	262
other-internal	Article_0109	external	329
Article_0238	Article_0010	link	57
Article_0471	Russia	link	402
Article_0171	Article_1397	link	303
Article_0643	World_War_II	link	325
Article_1731	Canada	link	177
other-internal	Article_3856	external	306
Article_3328	Article_0052	link	353
Article_3723	Article_0019	link	223
other-internal	Article_3720	external	200
other-internal	Article_3824	external	60
Article_1762	Article_0309	link	245
Article_0913	Germany	link	498
Article_0341	Article_0561	link	332
Article_0601	World_War_II	link	227
Article_0635	Germany	link	249
Article_0058	Article_2393	link	457
Article_1562	Article_1653	link	309
Article_2730	China	link	77
other-internal	United_States	external	103
other-internal	Article_0344	external	123
Article_1205	India	link	418
other-internal	Article_0518	external	200
Article_2529	Article_0213	link	347
other-internal	Article_0161	external	193
Article_2252	United_States	link	374
Article_2998	World_War_II	link	126
other-internal	Article_0094	external	46
Article_0814	Article_0077	link	349
Article_1963	United_States	link	343
other-internal	Article_1208	external	386
Article_0758	Article_0263	link	345
Article_2876	Article_0550	link	440
other-internal	Article_1588	external	275
other-internal	United_States	external	120
Article_0700	Article_0477	link	74
Article_0887	Article_0014	link	490
Article_3507	Russia	link	81
Article_1697	Article_0012	link	322
Article_0984	Article_0155	link	282
other-internal	China	external	224
Article_3744	Article_0014	link	111
other-internal	Article_2691	external	198
Article_1526	Article_0289	link	323
Article_0189	Article_0025	link	465
other-search	Article_0057	other	334
other-internal	Article_0718	external	163
other-internal	Article_0037	external	116
Article_3246	Article_0075	link	130
Article_3738	Article_1201	link	24
other-internal	United_States	external	294
other-search	Article_0305	other	350
Article_0433	Article_0478	link	451
other-internal	Article_0192	external	299
other-internal	Article_1140	external	166
other-internal	Article_0097	external	301
other-search	India	other	150
Article_0695	Article_0018	link	66
other-internal	India	external	273
Article_0229	Article_0876	link	438
Article_0576	Article_1644	link	138
Article_0018	Article_0338	link	365
Article_3115	Article_0361	link	57
other-internal	Article_2537	external	171
other-search	Article_0168	other	359
Article_2640	United_States	link	351
other-internal	United_States	external	142
Article_1328	Article_0076	link	473
other-internal	Article_0086	external	308
Article_1170	Article_2141	link	101
Article_1520	Article_0611	link	300
Article_0777	Canada	link	491
Article_0836	Article_0325	link	274
Article_3901	Article_0123	link	183
Article_0142	United_States	link	43
other-internal	India	external	98
Article_1252	Article_3660	link	159
other-search	Article_0012	other	92
Article_2162	United_Kingdom	link	445
Article_3380	Article_0031	link	212
other-internal	Article_0331	external	179
other-search	Article_0630	other	34
other-internal	Article_0148	external	142
other-internal	Article_3077	external	121
Article_1976	Article_0012	link	126
Article_3287	India	link	183
Article_0380	Article_2119	link	351
Article_3809	Article_0564	link	383
Article_0297	Article_0024	link	11
other-internal	Article_3667	external	377
Article_1636	Article_3967	link	254
Article_0756	Article_0026	link	461
Article_1993	United_Kingdom	link	136
Article_0298	Article_1830	link	66
Article_1846	Article_0074	link	314
other-search	Article_0380	other	297
Article_3206	Article_0120	link	60
Article_0042	Article_1419	link	313
Article_1883	Article_0632	link	436
Article_1959	YouTube	link	105
other-internal	Article_0531	external	306
Article_3116	Article_0024	link	78
other-internal	Article_0521	external	297
Article_0948	Article_2370	link	483
Article_1157	Article_0139	link	353
Article_3851	United_States	link	41
Article_3835	Article_0173	link	165
Article_1970	World_War_II	link	141
Article_3272	Article_0481	link	322
Article_1378	Article_0048	link	208
Article_3842	India	link	92
Article_0429	Article_2134	link	220
other-internal	Russia	external	265
Article_0539	Article_3206	link	417
Article_3596	Article_0404	link	354
other-internal	Article_0489	external	114
other-internal	Article_3459	external	326
Article_3598	Article_3761	link	140
other-internal	Article_0036	external	228
Article_1016	Article_2484	link	463
other-internal	Article_1024	external	33
Article_0837	Article_0389	link	404
Article_3124	Article_0854	link	343
Article_2892	Article_0574	link	459
other-internal	United_States	external	294
other-internal	Article_0324	external	302
Article_0060	Article_0025	link	54
other-internal	Article_2973	external	20
Article_3944	Article_0152	link	339
other-internal	China	external	89
other-search	Article_0091	other	42
Article_2758	Article_1875	link	466
Article_2640	Article_0324	link	392
Article_0564	China	link	336
other-internal	Article_0016	external	323
other-internal	India	external	169
other-internal	Article_0805	external	388
other-search	Article_0312	other	25
Article_3787	Article_0011	link	293
other-internal	YouTube	external	276
Article_0072	Article_0516	link	215
Article_0214	Article_1617	link	216
Article_3095	Article_3426	link	171
other-internal	France	external	207
Article_1764	Article_0034	link	366
Article_0892	YouTube	link	265
Article_0102	Article_0212	link	266
Article_1123	YouTube	link	280
Article_1081	Article_0199	link	152
Article_3569	Article_0029	link	430
Article_1312	Article_0421	link	253
Article_3136	Article_3867	link	136
Article_3570	Article_0011	link	254
other-search	Article_2330	other	14
Article_2285	Article_0019	link	30
Article_1571	Article_0030	link	207
Article_0168	Article_0268	link	218
other-internal	Article_1333	external	182
Article_2887	India	link	153
Article_1717	Article_0030	link	348
Article_3181	United_States	link	382
other-internal	Article_0116	external	152
other-internal	Article_0021	external	200
other-internal	United_States	external	162
other-internal	YouTube	external	332
Article_0875	Article_0021	link	446
other-internal	Article_0013	external	196
Article_3883	Article_0037	link	470
other-internal	Article_3294	external	88
Article_2751	Article_1279	link	291
Article_0670	Russia	link	127
Article_3953	Article_1589	link	144
Article_3848	Article_3585	link	429
Article_2971	Article_0019	link	270
Article_1255	World_War_II	link	396
Article_0856	Article_0068	link	176
Article_2798	Article_0738	link	14
other-internal	United_States	external	173
Article_3718	Article_1167	link	129
Article_0227	Article_0486	link	120
Article_3440	India	link	226
Article_2897	United_States	link	63
other-internal	United_Kingdom	external	377
Article_0345	Article_1871	link	376
other-search	Article_0112	other	327
Article_2497	Article_1959	link	207
Article_2892	Article_3719	link	426
Article_2582	Article_3758	link	303
other-internal	United_States	external	270
other-internal	Article_0932	external	305
Article_2897	Article_0024	link	422
other-search	India	other	251
other-internal	Article_1268	external	376
other-search	Article_0315	other	21
Article_0103	Article_1164	link	234
other-internal	United_States	external	113
Article_1684	Article_0086	link	12
Article_2887	Article_0137	link	491
other-internal	Article_1015	external	207
Article_0126	Article_0283	link	354
Article_0182	Article_0268	link	34
other-internal	Article_0892	external	280
other-internal	Article_2190	external	182
other-search	Article_0663	other	111
Article_2184	Article_0103	link	390
Article_1602	United_States	link	232
other-internal	Article_1286	external	346
Article_3587	Article_0791	link	163
Article_0132	Article_0179	link	369
other-internal	Russia	external	349
other-internal	World_War_II	external	398
Article_1580	Article_0815	link	311
other-internal	Article_0096	external	195
Article_1352	Article_1847	link	335
Article_3292	Article_1656	link	322
other-internal	India	external	90
other-search	China	other	24
Article_2788	Article_1801	link	108
Article_1554	Article_0970	link	97
Article_3714	United_States	link	128
Article_3709	Germany	link	280
Article_3525	Article_0026	link	199
Article_1081	United_States	link	196
other-internal	Article_0267	external	354
Article_3895	Article_0135	link	485
Article_0567	Article_0010	link	357
Article_2069	Article_0837	link	293
Article_2686	Article_0594	link	355
other-internal	United_Kingdom	external	234
Article_3031	Article_0250	link	302
Article_0437	Article_3618	link	371
Article_1863	Article_0196	link	111
Article_3340	Canada	link	58
other-search	Article_0171	other	62
Article_3192	United_States	link	174
other-internal	Germany	external	165
Article_0904	United_States	link	129
other-internal	Article_1410	external	94
Article_0724	India	link	281
Article_2250	Article_1138	link	215
Article_0503	India	link	323
other-internal	Article_0010	external	113
Article_3465	Article_0184	link	17
other-search	Article_0676	other	197
other-internal	Article_0083	external	373
Article_0219	Article_1110	link	42
Article_1410	France	link	386
Article_1837	Article_0603	link	351
Article_0237	YouTube	link	274
other-internal	Article_0060	external	332
other-search	Article_2075	other	56
Article_2312	Article_0036	link	350
Article_1716	Article_1626	link	324
other-internal	Article_0118	external	336
Article_1796	Article_0021	link	348
Article_1897	Article_0171	link	25
other-internal	Canada	external	311
other-internal	Article_0076	external	358
Article_2699	Article_0985	link	492
other-internal	Article_0125	external	373
Article_2404	Article_0424	link	130
Article_1848	Article_0044	link	130
Article_3936	Article_0224	link	492
Article_0887	Article_0572	link	389
Article_3818	Article_2234	link	479
other-internal	Article_0809	external	388
other-internal	Article_0032	external	167
Article_0250	Article_0010	link	183
other-internal	Article_0098	external	71
other-internal	Article_0016	external	311
other-internal	Article_1076	external	186
other-internal	Article_0107	external	372
other-internal	Article_3956	external	312
Article_3653	Article_0172	link	492
Article_1127	Article_0052	link	290
Article_3741	Article_3617	link	71
Article_0028	Article_2403	link	29
Article_1801	Article_1478	link	266
Article_2655	Article_1977	link	489
Article_0982	India	link	378
Article_0577	Article_0014	link	354
other-search	Article_0012	other	255
Article_0184	Article_0740	link	356
Article_2935	Article_0850	link	397
Article_0633	Article_0120	link	11
other-internal	United_States	external	129
Article_2935	Article_0538	link	44
Article_0756	Article_0017	link	218
other-internal	Article_0280	external	27
Article_1844	Article_0025	link	115
other-internal	Article_0043	external	175
other-internal	United_States	external	126
other-internal	Article_0779	external	305
Article_0536	Article_1167	link	275
Article_2261	Article_0031	link	165
Article_3138	Article_0292	link	52
Article_1061	Article_0552	link	64
Article_2357	United_States	link	473
Article_3110	YouTube	link	386
Article_0261	Article_0256	link	283
other-internal	Article_0025	external	395
Article_1007	Article_0638	link	337
other-search	Article_0015	other	325
other-search	United_States	other	158
Article_1831	Canada	link	397
Article_1232	Article_0997	link	129
Article_1071	Article_0127	link	258
other-search	United_States	other	207
other-internal	Article_2833	external	393
Article_1763	Article_0171	link	429
Article_3298	China	link	110
other-search	Article_2776	other	148
other-internal	Article_2429	external	263
Article_1936	India	link	497
other-internal	Article_0024	external	158
Article_0026	Article_0020	link	71
other-search	Article_0221	other	13
other-internal	Article_0103	external	36
other-search	World_War_II	other	39
Article_0522	Article_0691	link	77
Article_2762	YouTube	link	10
Article_1754	Article_0035	link	471
Article_1078	Article_0823	link	129
Article_2364	Article_0295	link	236
Article_3379	Article_3612	link	289
other-internal	Article_0109	external	250
other-internal	Article_0072	external	391
Article_1171	United_States	link	203
other-internal	Article_0510	external	64
Article_2855	India	link	96
Article_2744	Article_0038	link	217
other-internal	Article_0044	external	287
other-search	Article_2987	other	149
Article_3270	Article_0567	link	126
other-internal	Article_1200	external	208
Article_3223	United_Kingdom	link	65
other-internal	Article_0148	external	229
Article_0944	Article_2723	link	285
other-internal	United_States	external	250
Article_1355	Article_0013	link	250
Article_2509	Article_1703	link	51
Article_0893	Article_0061	link	146
Article_3372	Article_1371	link	281
Article_0775	Article_0060	link	175
other-internal	United_States	external	291
other-internal	Article_0058	external	192
Article_1998	Article_0735	link	391
Article_2183	Article_3324	link	483
Article_2936	Article_1591	link	301
Article_2885	Article_1093	link	14
Article_2497	India	link	388
other-internal	Article_0384	external	289
other-internal	Article_0026	external	11
Article_0323	Article_2188	link	451
other-internal	United_States	external	251
Article_3675	Article_3157	link	371
Article_2138	China	link	256
Article_0974	Article_0033	link	368
Article_2361	Article_0714	link	88
other-internal	Article_0238	external	258
other-internal	United_States	external	28
Article_2961	United_States	link	324
Article_3203	Article_0031	link	146
Article_2263	Article_0020	link	163
other-internal	Article_0026	external	354
Article_3363	Article_1573	link	24
other-internal	Article_1012	external	185
Article_3840	United_States	link	15
other-internal	Article_0044	external	142
other-internal	Article_0154	external	357
Article_1242	Article_0152	link	472
Article_0344	Article_0887	link	490
Article_2573	Article_0016	link	181
Article_1303	Article_1811	link	195
Article_3333	Article_0030	link	318
other-internal	Article_0810	external	138
Article_3678	Article_1639	link	480
other-internal	Article_0093	external	11
Article_0905	Article_0233	link	119
Article_2195	France	link	47
Article_3857	United_States	link	24
Article_3150	Article_0148	link	397
Article_2614	Russia	link	474
other-internal	Article_0012	external	201
Article_2955	Article_3787	link	229
Article_2141	Article_1945	link	187
Article_0871	Article_0457	link	337
Article_3294	Article_1108	link	416
Article_3584	Article_0026	link	177
Article_2623	Article_0075	link	135
other-internal	China	external	149
other-internal	United_States	external	99
Article_2530	Article_0095	link	21
Article_2240	Article_1574	link	245
Article_1524	Article_0078	link	155
Article_2938	Article_0013	link	413
other-search	Article_0026	other	310
Article_2430	Article_0533	link	45
other-internal	Article_0726	external	292
Article_0427	Article_0030	link	136
Article_2550	World_War_II	link	315
Article_1391	Article_0682	link	107
other-internal	World_War_II	external	131
Article_2517	Article_0011	link	216
Article_1320	Article_0237	link	396
Article_0491	Article_0021	link	162
other-search	Article_1496	other	27
other-internal	Article_0062	external	49
Article_1139	Article_0154	link	66
other-internal	Article_0015	external	161
other-internal	Article_1074	external	362
other-internal	United_States	external	194
other-internal	United_States	external	64
other-internal	Article_0897	external	356
Article_1318	Article_0711	link	278
other-internal	United_States	external	292
Article_2279	Article_0311	link	274
other-internal	France	external	187
other-internal	Canada	external	395
Article_3107	Article_1980	link	70
other-internal	United_Kingdom	external	373
Article_3329	Article_0258	link	366
other-internal	Article_0524	external	343
Article_3438	Article_3562	link	19
Article_0198	Article_0075	link	137
other-internal	Article_0116	external	142
Article_2384	Article_0314	link	113
other-internal	Article_0144	external	210
other-internal	Article_0013	external	51
other-internal	United_Kingdom	external	342
Article_1413	Article_0660	link	230
Article_3206	Article_1551	link	239
other-internal	Article_0023	external	376
other-search	Article_2272	other	26
other-internal	Article_0089	external	183
other-internal	Article_1602	external	395
Article_1528	Article_0885	link	216
Article_1177	Article_0097	link	413
other-internal	Article_2259	external	13
Article_0058	Article_0017	link	59
Article_1111	Article_1205	link	67
Article_3928	Article_0156	link	426
Article_2655	Article_3142	link	389
Article_0275	Article_0833	link	499
Article_3750	India	link	481
Article_1243	Article_0830	link	339
other-search	Article_0463	other	345
Article_2543	Article_1439	link	39
Article_3659	Article_0567	link	23
Article_3076	Article_0011	link	72
other-internal	United_States	external	127
Article_0954	Article_0191	link	292
Article_0456	World_War_II	link	492
Article_0140	Article_0115	link	293
Article_2970	China	link	345
other-internal	Article_0595	external	340
other-internal	Article_0636	external	32
Article_0477	Article_3263	link	413
other-search	Article_0046	other	116
Article_3067	Article_0019	link	216
Article_2493	Article_1528	link	366
Article_2955	United_States	link	174
Article_2414	Article_0535	link	141
Article_2192	Article_0029	link	234
Article_3631	Article_0486	link	428
Article_2699	Article_0273	link	349
other-internal	Article_0061	external	39
Article_0609	Article_0245	link	217
Article_3398	YouTube	link	195
Article_2083	Article_0208	link	251
Article_1090	Article_0206	link	35
Article_3073	Article_0050	link	72
other-search	India	other	26
other-internal	Article_0430	external	250
Article_0810	Article_1091	link	352
Article_2875	Article_0069	link	354
Article_2061	Article_0165	link	61
other-internal	Article_0085	external	13
Article_3714	Article_0326	link	262
Article_2019	Article_0011	link	451
Article_0836	India	link	329
Article_1429	Article_0045	link	219
World_War_II	Article_0322	link	424
other-internal	Article_0128	external	366
other-search	Article_0152	other	378
other-internal	Article_0154	external	38
other-internal	Article_0017	external	32
Article_1542	United_States	link	80
other-internal	Article_0537	external	97
Article_2606	Article_0151	link	262
other-internal	Article_0018	external	31
Article_2522	Article_3443	link	483
other-internal	Article_0079	external	237
Article_2870	Article_0031	link	86
Article_1846	Article_0078	link	357
Article_1366	India	link	266
Article_2959	United_States	link	468
Article_1230	Article_2707	link	138
Article_2711	France	link	202
Article_2233	Article_0909	link	211
Article_3187	United_Kingdom	link	405
other-internal	Article_0558	external	61
Article_3066	Article_0064	link	333
Article_0324	Article_0018	link	13
other-internal	Article_0034	external	369
Article_0971	Article_0502	link	392
other-internal	Article_0172	external	243
other-internal	Germany	external	370
Article_3328	Article_0711	link	27
Article_3616	Article_2490	link	150
other-internal	Article_0159	external	39
other-internal	United_States	external	336
Article_0714	Article_0208	link	95
Article_2738	Article_0017	link	154
Article_2391	India	link	238
Article_0254	Article_1371	link	133
Article_3805	Article_0099	link	364
Article_3217	Germany	link	163
Article_2885	Article_3762	link	16
Article_0673	Article_0207	link	181
Article_1761	Article_0357	link	231
other-internal	Article_0099	external	354
Article_2735	Article_1372	link	21
other-internal	Article_0097	external	44
Article_3739	Article_3214	link	76
Article_2445	China	link	497
other-internal	Article_1034	external	222
Article_3423	Article_0881	link	371
Article_3876	Article_2606	link	123
Article_0888	World_War_II	link	90
Article_0130	World_War_II	link	219
Article_3980	United_States	link	320
Article_2453	Article_0053	link	209
other-internal	Russia	external	178
Article_2489	Article_3859	link	172
Article_3489	Article_0810	link	323
other-internal	Article_0329	external	223
Article_2768	Article_1276	link	397
Article_1881	Article_0731	link	268
Article_0707	Article_1376	link	114
Article_3319	YouTube	link	321
other-search	Article_0126	other	21
other-internal	Article_0018	external	362
other-search	Article_0019	other	141
Article_3205	Article_0068	link	480
Article_0395	Article_0437	link	113
other-internal	Article_0216	external	118
other-internal	Article_1581	external	376
other-internal	United_Kingdom	external	138
other-internal	Article_0029	external	29
other-internal	Article_1831	external	257
other-internal	Article_3178	external	101
Article_1615	Article_1508	link	200
Article_1973	Article_2456	link	86
Article_1909	Article_0192	link	154
Article_2071	Article_0773	link	143
Article_0544	Article_0030	link	448
Article_0927	Article_2989	link	95
other-internal	United_Kingdom	external	35
other-internal	United_Kingdom	external	321
Article_2441	Article_0108	link	322
other-internal	Article_1673	external	203
Article_3153	Article_0350	link	165
Article_3558	Article_0045	link	353
Article_1345	Article_1527	link	137
other-internal	Article_0193	external	67
Article_3807	Article_0011	link	256
Article_0420	Article_0236	link	233
other-internal	Article_0026	external	341
Article_2134	India	link	274
Article_1089	Article_0535	link	468
other-internal	World_War_II	external	288
other-internal	Article_0460	external	93
Article_1321	India	link	191
other-internal	World_War_II	external	347
Article_2851	World_War_II	link	109
Article_0747	Article_0112	link	371
Article_3361	Article_3567	link	432
other-internal	Article_0041	external	333
Article_0396	Article_0157	link	351
Article_1624	Article_3942	link	350
other-internal	YouTube	external	234
Article_0551	Article_0073	link	416
Article_2691	Article_0313	link	305
other-search	Article_0773	other	42
other-internal	India	external	174
Article_0295	Article_0012	link	440
Article_3907	Article_0996	link	356
Article_0023	Article_3378	link	318
Article_0532	Article_0019	link	325
Article_2699	Article_0892	link	89
Article_1810	Article_0023	link	216
Article_1617	India	link	23
Article_1668	Article_0798	link	332
Article_1142	Article_1124	link	206
Article_2813	Article_2558	link	314
other-internal	China	external	13
Article_1363	Article_0047	link	11
other-search	China	other	156
Article_1207	Article_0281	link	262
Article_2011	Article_1435	link	200
Article_0714	Article_2663	link	189
other-internal	Article_0034	external	24
Article_3326	Article_0019	link	461
Article_3365	Article_2435	link	201
Article_2596	Article_1571	link	225
Article_0087	United_States	link	469
Article_1490	Article_0413	link	452
other-internal	United_Kingdom	external	215
Article_3771	Article_0153	link	167
Article_0684	YouTube	link	359
Article_2792	Article_2824	link	239
Article_2476	Article_0019	link	289
other-internal	Article_0678	external	108
Article_1769	Article_0383	link	410
Article_0321	Article_0897	link	162
Article_0788	World_War_II	link	210
Article_2747	Article_0016	link	182
Article_0587	Article_3634	link	352
Article_2019	United_States	link	31
Article_0495	Article_2411	link	411
other-internal	Article_0128	external	86
other-search	Article_2360	other	183
other-internal	Article_0148	external	54
Article_1923	Article_3411	link	145
other-internal	Article_0131	external	388
other-internal	India	external	151
Article_0685	Article_1426	link	182
Article_0971	Article_0693	link	250
other-internal	Article_0648	external	325
Article_2389	Article_1530	link	322
Article_0879	United_States	link	123
other-internal	Article_0285	external	70
other-internal	India	external	382
Article_3466	Article_0973	link	94
Article_0240	Russia	link	153
other-internal	Article_0202	external	383
Article_1254	Article_0259	link	390
Article_1396	Article_0029	link	117
Article_0706	Article_3802	link	47
other-internal	Article_0035	external	374
Article_1732	Article_0010	link	367
other-internal	Article_1899	external	238
other-internal	Canada	external	360
Article_0429	India	link	143
Article_0849	Article_0689	link	39
Article_0121	Article_0836	link	39
Article_0764	India	link	172
Article_1970	Article_1197	link	406
other-search	Article_0490	other	80
other-internal	Article_0028	external	292
Article_1972	Article_0026	link	77
Article_1024	Article_0070	link	167
other-internal	Germany	external	380
other-search	Article_0495	other	373
other-internal	Article_0914	external	19
Article_2324	India	link	110
Article_1612	Article_2343	link	143
Article_2992	Article_1158	link	493
Article_2107	Article_0013	link	96
other-internal	United_Kingdom	external	348
Article_0329	Article_1589	link	245
other-search	Article_0147	other	281
other-internal	Article_0099	external	39
other-internal	Article_2994	external	41
other-internal	Article_0537	external	289
Article_3821	Article_0015	link	365
Article_2647	Article_0045	link	119
Article_0942	Canada	link	386
other-search	United_States	other	173
other-internal	Article_0656	external	278
Article_2224	Article_2563	link	409
other-internal	Article_2088	external	69
Article_1249	Article_0049	link	162
other-search	Article_2341	other	189
Article_1961	World_War_II	link	34
Article_0855	United_Kingdom	link	96
Article_0758	Article_1819	link	94
Article_2151	Article_0099	link	40
Article_1215	Article_0057	link	485
Article_2475	Russia	link	178
Article_3911	Article_2726	link	409
other-search	World_War_II	other	382
Article_2703	Article_0340	link	429
other-internal	United_States	external	87
Article_1385	United_Kingdom	link	183
Article_2933	Article_0196	link	19
Article_1338	Article_2959	link	30
Article_3058	Article_0056	link	369
Article_0612	Article_2259	link	77
Article_2879	Article_0033	link	43
other-search	Article_0598	other	248
Article_3393	Article_0032	link	57
Article_1066	India	link	167
Article_3373	Article_0211	link	79
Article_0782	Russia	link	103
other-internal	World_War_II	external	393
other-internal	United_States	external	224
other-search	Article_0040	other	390
Article_0264	Article_0029	link	116
Article_0281	Article_0010	link	162
Article_3768	World_War_II	link	345
other-internal	Article_2454	external	218
other-internal	Article_3853	external	395
Article_1314	World_War_II	link	228
other-internal	Canada	external	187
other-internal	Article_0365	external	351
Article_0771	Article_0370	link	309
Article_3716	France	link	243
other-internal	United_States	external	371
Article_0553	Article_1550	link	388
Article_2434	Germany	link	394
Article_0879	Article_0205	link	243
Article_1457	Canada	link	178
Article_2972	India	link	446
Article_2688	United_States	link	113
Article_2031	Article_0363	link	403
Article_3917	Article_0699	link	406
other-search	Article_0023	other	154
Article_2861	World_War_II	link	354
Article_2716	Article_0033	link	176
Article_1401	Article_2523	link	257
Article_0393	Article_0019	link	224
other-internal	Article_0102	external	144
Article_1243	Article_0048	link	196
Article_1582	Article_3508	link	211
other-internal	Article_0090	external	161
Article_0012	World_War_II	link	307
Article_0808	Article_1178	link	66
other-internal	United_States	external	212
other-internal	Article_0301	external	14
Article_0252	Article_2740	link	457
Article_2447	India	link	450
other-internal	Article_0276	external	386
Article_1871	Article_0017	link	459
other-internal	Article_1548	external	201
Article_3841	Article_0460	link	59
Article_1136	United_States	link	336
Article_1648	Article_0113	link	350
other-internal	Article_0012	external	37
other-search	Article_0126	other	360
other-internal	Article_1384	external	255
other-internal	France	external	137
Article_2472	Article_0287	link	419
Article_2297	Article_2762	link	371
other-internal	YouTube	external	223
Article_1641	Article_2971	link	272
Article_0751	Article_0326	link	51
other-search	Article_0744	other	370
other-internal	Article_0662	external	77
other-internal	Article_1598	external	119
Article_3988	Article_0909	link	257
Article_2381	Article_0154	link	402
Article_0585	Article_0052	link	220
other-search	Article_0018	other	145
other-internal	India	external	227
Article_1726	Article_0161	link	415
Article_0984	Article_0211	link	446
Article_2872	Article_0111	link	91
other-internal	Article_0053	external	160
Article_0917	Article_0402	link	32
other-internal	Article_0053	external	65
Article_2716	Article_0044	link	357
Article_3514	Article_0439	link	460
Article_1499	World_War_II	link	352
other-internal	United_States	external	206
other-internal	Article_0237	external	175
Article_1616	United_States	link	409
other-internal	India	external	232
other-internal	Article_0100	external	346
Article_1840	Article_3126	link	288
Article_2383	Article_0034	link	377
other-internal	Article_0269	external	56
Article_3103	Article_0023	link	143
Article_2673	Article_0226	link	299
Article_0258	Article_2188	link	433
Article_3202	Article_0433	link	497
other-internal	India	external	155
Article_1240	Article_1425	link	454
Article_1767	Article_2902	link	70
other-internal	Article_0242	external	95
other-internal	United_States	external	292
Article_2124	United_States	link	439
other-internal	Article_0054	external	375
Article_1256	Article_0021	link	466
other-internal	United_States	external	290
Article_2609	Article_0562	link	142
other-internal	Article_3027	external	208
Article_1916	Article_0063	link	300
Article_2400	Article_0048	link	403
Article_3649	Article_0024	link	80
Article_1307	United_States	link	449
other-internal	Article_0017	external	209
other-internal	YouTube	external	333
Article_0454	Article_0066	link	424
Article_1262	Article_0021	link	35
Article_3471	Article_0087	link	118
Article_3618	Article_0394	link	482
Article_2120	Article_2333	link	224
Article_1844	Article_0187	link	487
Article_3387	China	link	302
Article_0395	India	link	123
Article_0741	Article_0370	link	92
other-internal	Article_0637	external	218
Article_0768	Article_0095	link	416
Article_3803	Article_0795	link	416
Article_0810	India	link	104
other-internal	Article_0746	external	145
Article_1695	Article_1004	link	114
Article_1184	Article_1676	link	465
Article_1296	Article_1993	link	21
other-internal	Article_3706	external	42
Article_1732	Article_0181	link	496
other-internal	Article_0097	external	314
other-internal	Article_0060	external	360
other-internal	United_States	external	299
Article_1340	Article_2499	link	413
other-search	United_States	other	29
Article_0114	Article_2439	link	399
Article_1467	YouTube	link	223
other-search	Article_0080	other	188
other-internal	Article_0143	external	87
Article_0572	Article_0119	link	414
Article_1112	Article_3664	link	176
other-internal	Article_0306	external	52
Article_1002	Article_0694	link	328
Article_3544	Article_3501	link	194
other-internal	Article_2600	external	59
other-internal	Article_0232	external	258
other-search	China	other	23
Article_1669	Article_2149	link	173
Article_3638	Article_3386	link	55
other-internal	World_War_II	external	378
Article_3714	Article_0011	link	24
other-search	Article_2780	other	68
Article_1719	Article_0481	link	180
Article_1641	Article_0076	link	472
Article_2386	Article_0080	link	149
Article_3592	Canada	link	442
Article_1810	Article_0378	link	135
Article_2249	Article_0581	link	406
Article_0277	Article_0874	link	458
Article_2641	Article_0249	link	103
other-internal	Article_0210	external	326
Article_3339	Article_0021	link	177
Article_0540	India	link	415
other-internal	Article_2316	external	341
Article_0068	Article_0125	link	394
Article_2570	Article_0023	link	202
other-internal	Article_1262	external	18
other-internal	Article_0010	external	61
Article_3729	China	link	273
Article_1638	Russia	link	470
Article_2789	Article_0102	link	10
Article_2985	Article_0182	link	272
Article_1153	China	link	168
other-internal	Article_0135	external	143
other-internal	Article_0082	external	363
Article_3792	Article_2783	link	44
Article_3051	Russia	link	209
other-internal	Article_1117	external	212
Article_1701	Article_2001	link	289
Article_0412	China	link	285
Article_1064	Article_3636	link	296
Article_1654	Article_3793	link	430
Article_2490	Article_0026	link	410
Article_2117	Article_2857	link	235
other-internal	India	external	96
other-internal	Article_3382	external	165
Article_3105	Article_2735	link	33
Article_2040	Article_0952	link	122
Article_2485	Article_3685	link	35
Article_2508	United_States	link	184
Article_0404	Article_0010	link	107
Article_3435	Article_1782	link	113
other-search	Article_0398	other	215
Article_3226	Article_3334	link	293
other-internal	Article_0537	external	39
other-internal	Article_0053	external	360
Article_2098	Article_0823	link	497
Article_3133	Article_1124	link	384
Article_2558	World_War_II	link	404
Article_0702	YouTube	link	196
Article_2158	Article_1892	link	445
other-search	Article_1020	other	279
Article_2257	Article_0267	link	217
other-internal	Article_0036	external	74
Article_1516	Article_0163	link	380
Article_0053	Article_0224	link	103
other-search	Article_0573	other	78
Article_1550	Article_2028	link	340
Article_2725	Article_0103	link	71
Article_2620	Article_0210	link	67
Article_1182	World_War_II	link	146
Article_0394	Article_0593	link	470
Article_3324	Article_1693	link	383
Article_1141	Article_0220	link	435
other-internal	Article_0155	external	36
other-internal	Article_0339	external	101
other-internal	Article_0127	external	292
Article_0437	Article_0487	link	434
Article_3930	Article_0032	link	209
Article_2736	World_War_II	link	493
Article_1633	Article_0057	link	196
Article_0439	Article_2118	link	97
Article_3712	Article_2574	link	311
other-internal	India	external	323
Article_1777	China	link	207
Article_0716	Article_0048	link	464
other-internal	Article_2089	external	381
other-internal	Article_0084	external	65
other-internal	Article_0363	external	124
other-internal	Article_0037	external	397
Article_0617	United_Kingdom	link	40
Article_1819	Article_0239	link	283
Article_0727	Article_0013	link	194
Article_0946	Article_0016	link	311
Article_3755	Article_0016	link	10
Article_3170	Article_0445	link	141
Article_2692	Article_0283	link	143
other-internal	Article_0080	external	112
Article_2403	YouTube	link	342
Article_0317	Article_0018	link	460
other-search	Article_0539	other	223
Article_3285	Article_1317	link	156
Article_1637	Article_0733	link	235
Article_1913	Article_0942	link	394
Article_0074	Article_1283	link	129
other-internal	Article_1922	external	91
Article_1093	Article_0020	link	163
other-internal	Article_0064	external	256
Article_3252	Article_0772	link	164
Article_3597	Article_0106	link	455
Article_0517	Article_0781	link	485
other-internal	Article_2027	external	214
Article_3864	Article_0050	link	263
Article_3389	Canada	link	208
Article_3565	France	link	378
Article_3775	France	link	148
Article_3777	Article_0031	link	421
other-internal	Article_0680	external	244
other-search	Article_1875	other	164
other-internal	Article_0072	external	211
other-internal	Article_0177	external	95
other-internal	United_States	external	332
Article_3387	Article_1115	link	118
other-internal	United_Kingdom	external	283
Article_3212	Article_3881	link	248
Article_3099	Article_0077	link	470
other-internal	Article_0034	external	38
Article_0645	Article_0505	link	420
Article_0563	Article_0097	link	97
Article_2687	United_Kingdom	link	392
Article_1664	Article_2127	link	181
other-internal	Article_0553	external	165
other-search	Article_0071	other	309
other-internal	Article_0170	external	26
Article_1560	Article_0075	link	260
Article_1043	Article_0453	link	347
other-internal	United_States	external	143
Article_3148	United_States	link	190
other-internal	Article_0020	external	282
Article_2875	Article_0285	link	489
Article_2116	Article_1207	link	207
other-search	United_States	other	70
Article_3522	Article_0023	link	386
Article_3332	Article_0027	link	206
Article_2410	Article_3329	link	498
Article_0326	Article_3355	link	434
Article_2995	Article_0088	link	191
Article_3066	Article_0035	link	460
Article_3619	Article_0013	link	433
Article_0344	Article_0012	link	141
Article_3032	Article_0098	link	111
Article_2377	Article_0660	link	214
Article_3458	Article_3389	link	272
Article_1034	Article_3103	link	91
Article_1651	Article_0010	link	349
Article_0720	Article_0030	link	487
other-search	Article_0033	other	182
other-search	Article_0484	other	390
Article_0739	Article_2163	link	282
Article_3583	Article_3284	link	486
Article_2182	Article_0449	link	197
other-internal	India	external	44
other-search	United_States	other	350
Article_2646	Article_2645	link	174
Article_2255	Article_0029	link	454
other-internal	Article_3354	external	318
Article_2504	Article_0579	link	403
Article_1454	China	link	133
other-internal	Article_1018	external	345
other-search	Article_0088	other	288
Article_2137	Article_0210	link	270
other-internal	Article_0883	external	345
YouTube	Article_1926	link	323
Article_1642	Article_0188	link	407
other-internal	India	external	267
other-search	Article_0014	other	165
Article_2081	Article_0079	link	317
Article_3112	France	link	96
Article_2776	Article_0511	link	151
other-internal	United_States	external	197
Article_3026	Article_3066	link	417
Article_1951	Article_0158	link	65
other-internal	Article_0482	external	186
Article_3977	Article_1791	link	131
Article_2993	Article_1955	link	50
Article_1052	Article_0476	link	369
Article_0052	Article_2478	link	223
Article_1222	Article_0282	link	448
other-internal	Article_0270	external	238
other-internal	Article_0062	external	104
Article_3898	Article_1771	link	174
Article_3672	Article_3636	link	316
Article_0899	Article_0217	link	468
Article_3648	Article_0013	link	308
Article_2377	Article_0129	link	288
Article_3232	Article_0010	link	116
Article_2261	Article_0023	link	329
Article_0714	Article_0021	link	485
Article_3699	Article_2278	link	265
other-internal	Article_1368	external	179
other-internal	United_States	external	307
other-search	India	other	104
other-internal	India	external	198
Article_2979	Article_0090	link	143
Article_0827	Article_0015	link	61
Article_3062	Article_2392	link	209
Article_2066	Article_0755	link	497
Article_1255	Article_0210	link	213
Article_3348	World_War_II	link	83
Article_0990	Article_0169	link	111
other-internal	United_States	external	381
Article_2954	World_War_II	link	282
Article_3113	Russia	link	135
Article_2631	Article_0020	link	45
Article_0339	Article_0160	link	383
Article_1449	Article_0933	link	337
Article_3758	Article_0108	link	71
Article_1244	Article_0329	link	120
other-internal	Article_0228	external	168
Article_1959	Article_0107	link	68
Article_2985	Article_0148	link	373
Article_1379	Article_1673	link	128
other-internal	Article_0280	external	117
Article_1677	Article_0010	link	112
other-search	Article_2511	other	146
other-search	Article_0066	other	239
other-internal	Article_0010	external	338
Article_0521	Article_0160	link	146
Article_1159	Article_0014	link	480
Article_1822	United_States	link	129
other-internal	Article_0073	external	208
other-internal	Article_0035	external	288
other-internal	Russia	external	30
other-search	Article_2610	other	270
Article_2840	India	link	231
other-search	Article_1272	other	102
Article_2157	Article_0910	link	418
Article_2179	World_War_II	link	100
other-search	India	other	244
other-internal	Article_1205	external	214
other-internal	Article_0714	external	321
Article_2632	Article_0488	link	467
other-internal	Article_0189	external	398
other-internal	Article_1792	external	192
Article_3213	Article_2224	link	183
Article_0510	Article_0589	link	194
Article_2896	Article_0281	link	275
other-internal	Article_0243	external	214
Article_1928	Article_2346	link	389
Article_3103	Germany	link	99
other-search	World_War_II	other	395
other-search	Article_1083	other	115
other-internal	Article_0061	external	76
other-internal	Article_0225	external	289
Article_3841	Article_0318	link	186
other-internal	Article_2528	external	41
Germany	Article_0268	link	303
other-search	Article_3558	other	145
Article_3722	Article_0560	link	286
Article_2581	Article_0048	link	265
other-internal	Article_0100	external	206
other-internal	Article_0012	external	343
Article_2649	Article_0068	link	329
other-internal	Article_0191	external	323
Article_3314	Article_0105	link	358
Article_0387	United_States	link	479
Article_0264	Article_0015	link	250
Article_0705	Article_0016	link	140
Article_0930	Article_0015	link	206
Article_1620	Article_0218	link	175
other-internal	Article_0792	external	105
Article_3075	Article_3084	link	474
other-internal	Article_2418	external	168
Article_2094	Article_0553	link	273
other-internal	Article_0665	external	51
other-internal	Article_1902	external	71
Article_1965	Article_0965	link	376
Article_0045	Article_2134	link	208
Article_1168	Article_0602	link	405
Article_3348	Article_0360	link	236
Article_3149	Article_0344	link	213
Article_3166	Article_0891	link	386
Article_1233	Canada	link	256
Article_3126	Article_0401	link	28
other-search	Article_0020	other	21
other-internal	Article_0245	external	355
Article_2604	Article_0526	link	96
Article_3448	United_States	link	195
Article_3264	Article_0404	link	435
Article_2212	Article_0022	link	363
Article_3352	Article_0039	link	107
Article_2697	Article_0539	link	251
other-internal	Article_2766	external	33
Article_2316	World_War_II	link	262
other-internal	Article_0866	external	229
Article_3708	Article_1741	link	448
Article_0323	Article_0134	link	229
Article_2659	China	link	255
Article_0086	United_States	link	32
Article_2198	Article_0776	link	304
Article_2960	United_States	link	31
other-internal	Article_0027	external	262
other-search	Article_3084	other	242
Article_0374	Article_0730	link	284
other-internal	Article_0030	external	47
Article_1600	Article_2145	link	194
other-internal	Article_0747	external	132
Article_0550	Article_0030	link	323
Article_2216	Article_0080	link	81
Article_2176	Article_0030	link	183
other-internal	YouTube	external	115
Article_1445	France	link	410
Article_2243	Article_0013	link	189
other-internal	World_War_II	external	381
Article_1845	Article_3708	link	229
Article_1772	Article_1544	link	120
Article_2853	United_States	link	387
Article_0618	Article_0020	link	103
other-search	Article_3035	other	246
Article_2884	Article_0098	link	24
other-internal	Article_0618	external	198
Article_0903	Article_0857	link	308
other-internal	Article_2959	external	195
other-internal	United_States	external	348
Article_1206	Article_0472	link	414
other-internal	Article_0043	external	201
Article_1844	Article_0018	link	274
other-internal	Article_0144	external	377
Article_0021	Article_0145	link	417
other-internal	Article_0032	external	327
other-internal	Article_0024	external	296
Article_1097	United_States	link	260
Article_3965	India	link	33
Article_0968	Article_3453	link	333
Article_0886	Article_1748	link	136
Article_0514	World_War_II	link	388
other-internal	Article_0025	external	204
Article_0378	India	link	101
Article_0157	Article_2930	link	468
Article_0844	China	link	280
Article_3519	Article_3096	link	467
other-internal	Article_3608	external	37
Article_1906	Article_0776	link	475
other-search	Article_0028	other	341
other-internal	Article_0091	external	396
Article_1089	Article_2461	link	202
Article_0296	Article_0051	link	160
Article_0123	India	link	321
Article_1648	Article_0012	link	108
Article_1930	Article_0026	link	255
other-internal	Article_2017	external	354
other-internal	Article_0034	external	186
Article_2736	Article_1609	link	332
other-search	Russia	other	166
Article_2768	Article_0071	link	449
Article_3383	Article_0032	link	256
Article_0729	Article_0934	link	264
Article_3247	Article_2336	link	490
Article_3794	YouTube	link	197
other-internal	Article_0359	external	289
Article_0784	India	link	303
Article_2870	Article_1417	link	399
other-internal	YouTube	external	334
other-internal	Article_0014	external	118
Article_2470	Article_0194	link	237
Article_1077	Article_0055	link	317
Article_0074	Article_0936	link	356
Article_1240	Article_0608	link	476
Article_0896	Article_2899	link	63
Article_0191	Article_0688	link	130
Article_2430	Article_0691	link	16
Article_1137	China	link	38
Article_3554	World_War_II	link	496
other-internal	United_States	external	377
Article_3592	Article_1284	link	393
Article_0358	Article_0011	link	419
other-internal	YouTube	external	65
other-internal	Article_2275	external	261
Article_0412	Article_0246	link	262
other-internal	Article_0255	external	237
other-internal	Article_1017	external	35
other-internal	Article_0011	external	282
other-internal	United_States	external	90
other-internal	Article_0021	external	77
Article_2616	Article_0098	link	141
Article_1316	Article_0058	link	124
Article_2053	Article_2308	link	251
Article_3950	Article_0393	link	472
other-internal	Article_2267	external	368
other-internal	Article_0259	external	315
Article_0717	Article_0256	link	376
Article_2319	Article_0052	link	473
Article_2449	Article_2391	link	187
Article_1105	Russia	link	472
Article_2199	Article_0353	link	385
Article_3891	India	link	120
Article_1277	Article_0014	link	25
other-internal	United_States	external	107
Article_1787	Article_0023	link	402
other-internal	Article_0013	external	198
Article_2437	Article_2718	link	120
Article_2287	United_States	link	307
Article_3480	World_War_II	link	57
Article_2661	Article_0032	link	107
Article_1665	Article_0058	link	50
Article_2890	India	link	348
other-search	Article_0890	other	57
Article_1986	Article_1304	link	383
Article_3545	Article_1726	link	414
Article_2157	Article_0011	link	455
Article_0164	Article_1048	link	445
Article_2071	Article_0538	link	66
Article_0238	Article_0669	link	292
Article_1845	Article_1270	link	375
other-internal	Article_0075	external	385
Article_3347	Article_0047	link	104
Article_3069	Article_1841	link	67
other-internal	Article_2262	external	75
Article_1879	Article_0415	link	280
Article_0480	YouTube	link	459
other-internal	Article_0711	external	277
Article_3285	World_War_II	link	311
other-internal	Article_2408	external	163
other-internal	Article_0110	external	207
Article_0866	Article_0250	link	42
Article_0204	Germany	link	255
other-internal	Article_3615	external	73
Article_1743	Article_0772	link	70
Article_3757	Article_0134	link	54
Article_3182	Article_0059	link	38
Article_2812	Article_0015	link	486
Article_1754	Article_0021	link	464
other-internal	Article_0052	external	300
Article_3612	United_States	link	259
Article_1993	Article_0249	link	116
Article_2866	Article_1358	link	357
other-search	Article_2496	other	331
other-internal	Article_0134	external	249
Article_1320	Article_0028	link	214
Article_1448	Article_0057	link	487
other-internal	United_States	external	239
Article_2984	Article_3952	link	166
other-internal	Article_0124	external	168
Article_2132	United_States	link	392
Article_1481	Article_0161	link	181
other-internal	United_States	external	32
Article_1678	Article_0121	link	280
other-internal	Article_0163	external	50
other-internal	India	external	279
other-internal	Article_3990	external	214
Article_0984	Article_1589	link	484
Article_1083	Article_0940	link	120
other-internal	India	external	207
other-search	Article_1981	other	194
Article_3277	Article_0200	link	255
Article_1880	Article_0145	link	45
Article_1227	China	link	309
Article_2959	Russia	link	258
Article_0801	United_States	link	41
other-internal	Article_1680	external	257
other-internal	Article_0039	external	219
Article_0071	Article_0013	link	165
Article_2081	Article_0036	link	13
Article_1065	Article_0242	link	467
Article_2252	France	link	75
other-internal	Article_1039	external	348
other-internal	Article_2138	external	306
Article_2950	Article_1054	link	147
Article_2285	United_States	link	63
other-internal	Article_0729	external	281
other-internal	World_War_II	external	76
other-internal	Article_0026	external	173
Article_2529	Article_0456	link	206
other-internal	United_States	external	230
Article_3893	Article_0013	link	285
Article_2123	Article_0604	link	458
other-internal	India	external	236
Article_1893	Article_0077	link	251
other-internal	Article_0012	external	114
other-internal	Article_2938	external	298
other-internal	Article_1598	external	249
Article_1252	Article_0128	link	150
other-internal	Article_0491	external	53
other-internal	China	external	397
other-internal	Article_2991	external	93
Article_2810	Article_0080	link	367
Article_3459	Article_1525	link	63
other-search	Article_0023	other	194
other-internal	Article_0085	external	240
Article_0727	Article_0019	link	472
other-internal	Article_0640	external	217
Article_1165	United_States	link	205
Article_1727	Article_0182	link	369
other-internal	United_States	external	257
Article_0144	Article_0143	link	452
Article_0754	Article_0843	link	256
Article_1276	India	link	495
Article_2684	Article_1414	link	131
other-internal	Article_0231	external	32
Article_3391	Article_0013	link	290
Article_0449	Article_0683	link	322
Article_2563	Article_0191	link	466
other-search	China	other	74
Article_2592	Article_0042	link	424
Article_0198	United_States	link	64
Article_0109	Article_0071	link	491
Article_3783	Article_3455	link	375
other-internal	United_States	external	294
Article_3266	Article_2308	link	345
other-internal	India	external	124
other-search	Russia	other	69
other-search	Article_0888	other	298
other-search	Article_0368	other	168
Article_0707	Article_0046	link	411
Article_0352	Article_1423	link	146
Article_3383	Article_0069	link	369
Article_0459	Article_0347	link	140
Article_1421	Article_0059	link	33
Article_2753	Article_2761	link	451
other-internal	Article_0434	external	55
Article_3309	Article_0449	link	52
other-internal	Article_1605	external	394
Article_0211	China	link	281
Article_2666	Article_0165	link	182
Article_2628	China	link	207
Article_1744	India	link	439
Article_0214	Article_0785	link	83
Article_2637	Article_2871	link	272
other-internal	Article_0298	external	332
other-internal	Article_0014	external	298
Article_2225	Article_1070	link	426
Article_1531	Article_1099	link	458
Article_0043	India	link	414
Article_1108	Article_0066	link	208
Article_2785	Article_0011	link	463
other-internal	Article_0596	external	34
Article_0589	Article_0044	link	465
Article_0640	France	link	70
Article_0380	Article_2927	link	468
other-internal	Article_0057	external	64
Article_1040	Article_0094	link	118
other-internal	Article_2220	external	323
Article_1985	Article_3237	link	370
other-internal	Article_0149	external	264
Article_0800	Article_0458	link	172
other-internal	Article_0054	external	35
Article_2319	Article_0158	link	175
other-internal	Article_0058	external	366
Article_1639	Article_0302	link	211
Article_3660	Article_0051	link	167
Article_3266	Article_0173	link	190
Article_0372	Article_0061	link	108
Article_1800	Article_0336	link	438
Article_0157	Article_0161	link	278
other-internal	Article_0192	external	60
Article_2206	Article_3977	link	341
Article_1343	United_States	link	244
other-internal	Article_3598	external	264
other-search	Article_1152	other	85
Article_2120	Article_0539	link	76
Article_2266	Germany	link	317
Article_1428	United_Kingdom	link	484
Article_2612	Article_1151	link	366
Article_3943	United_States	link	85
Article_0541	India	link	187
Article_3500	Article_1298	link	412
Article_2912	India	link	310
Article_3821	Article_0092	link	95
Article_2884	Article_0039	link	309
other-internal	Russia	external	227
other-search	Article_1203	other	264
other-internal	Article_0065	external	337
other-internal	Article_0298	external	90
Article_0647	Article_0053	link	30
other-internal	Article_0036	external	27
Article_1549	Article_0013	link	486
Article_0590	Article_0015	link	460
Article_2778	Canada	link	98
other-search	Germany	other	281
other-internal	Article_1198	external	43
Article_2073	Germany	link	408
other-internal	Article_1993	external	27
other-internal	Article_1704	external	162
Article_1173	Article_2866	link	368
Article_0525	India	link	298
other-internal	Article_0019	external	205
Article_1378	United_States	link	156
Article_2468	Article_2671	link	466
other-search	Article_0017	other	172
other-search	Article_0081	other	312
Article_3642	Article_0273	link	371
other-internal	Article_3611	external	135
Article_3702	Article_0544	link	363
Article_0059	Article_0501	link	49
Article_1682	Article_0084	link	241
other-internal	Article_0399	external	382
Article_1229	Article_3370	link	315
Article_2851	Article_0730	link	103
Article_1931	Article_0011	link	266
Article_1998	Article_0031	link	96
Article_2996	Article_0170	link	223
other-internal	World_War_II	external	177
Article_3921	Article_0899	link	499
Article_2639	Article_1463	link	15
Article_2746	World_War_II	link	446
Article_0482	United_States	link	218
Article_2727	World_War_II	link	360
other-internal	Article_0013	external	278
other-internal	Article_0608	external	94
other-internal	Article_0107	external	204
Article_2015	Article_1763	link	58
other-internal	Article_0142	external	319
Article_2960	Article_0035	link	300
Article_2786	Article_0106	link	47
Article_2480	Article_0055	link	340
Article_0573	Article_0086	link	423
Article_1151	Article_0381	link	260
Article_1954	Article_2123	link	71
Article_2310	Article_1422	link	12
Article_2963	Article_0071	link	377
Article_0795	Article_2009	link	258
other-internal	Article_0212	external	22
Article_3485	India	link	229
Article_1626	Article_2487	link	91
Article_0768	Article_1037	link	282
other-internal	YouTube	external	218
other-internal	India	external	195
Article_1130	Article_0905	link	249
other-internal	Article_2286	external	245
other-internal	Article_0023	external	213
other-internal	United_States	external	258
other-search	Article_0034	other	368
Article_2911	Article_1931	link	106
Article_2156	Article_0170	link	303
other-search	World_War_II	other	223
Article_0505	United_States	link	136
Article_2247	Article_0081	link	52
Article_3139	Article_2708	link	21
Article_2242	Article_0080	link	105
Article_1172	Article_0361	link	28
Article_1185	Article_2870	link	55
Article_0352	Article_1033	link	64
other-search	Article_3642	other	132
Article_3753	India	link	42
Article_2042	Article_0492	link	203
Article_0162	Article_0136	link	374
Article_1867	Article_0053	link	278
Article_2721	Article_0138	link	49
Article_3934	Article_0012	link	428
other-internal	Article_0135	external	60
Article_2735	World_War_II	link	481
Article_0053	YouTube	link	428
Article_2570	Russia	link	288
Article_2885	World_War_II	link	487
other-internal	Article_0216	external	283
Article_3825	Article_0079	link	342
other-internal	Article_3693	external	362
Article_2702	Article_0407	link	126
Article_3820	Article_3751	link	111
Article_2948	YouTube	link	360
Article_1385	India	link	76
Article_1734	Article_0384	link	265
Article_0341	Article_0307	link	229
other-internal	Article_1943	external	395
other-internal	Article_0117	external	110
other-internal	Article_2221	external	100
Article_1782	Article_2954	link	129
other-internal	United_Kingdom	external	379
Article_2686	Article_0169	link	137
Article_2947	Article_0011	link	53
Article_0609	United_States	link	482
other-internal	Article_2204	external	337
other-search	United_Kingdom	other	174
Article_1888	Article_0026	link	191
Article_3213	United_States	link	33
Article_3666	Article_0666	link	281
Article_1290	Article_2432	link	143
Article_3878	Article_1259	link	70
Article_3208	Article_0318	link	177
other-internal	Article_0039	external	191
other-internal	Germany	external	120
Article_1486	Article_0661	link	464
other-internal	Russia	external	329
Article_0278	Article_2421	link	112
Article_0246	Article_1943	link	134
Article_3939	Article_0026	link	330
other-internal	Article_0015	external	45
Article_3963	Germany	link	223
other-internal	Article_0316	external	257
Article_2794	Article_0095	link	275
Article_0193	Article_0550	link	342
Article_0110	Article_1818	link	334
Article_3630	Article_3246	link	245
Article_2213	Article_0476	link	79
other-internal	World_War_II	external	194
Article_2057	Article_2784	link	209
other-internal	Article_3468	external	93
other-internal	YouTube	external	267
Article_3110	Article_0036	link	388
Article_2373	Article_1642	link	198
other-internal	Article_0058	external	150
Article_1226	Article_0236	link	326
Article_1510	Article_0042	link	287
Article_2128	Article_0053	link	234
Article_0591	Article_1213	link	412
Article_0887	Article_0079	link	464
Article_3971	Article_1454	link	368
Article_0166	United_States	link	466
Article_0912	Germany	link	427
Article_3597	Article_0166	link	174
other-internal	Article_0293	external	398
Article_0169	Article_0246	link	175
Article_3652	Article_0097	link	114
other-internal	Article_3840	external	136
Article_2890	Article_0013	link	355
Article_2094	Article_0109	link	451
Article_1991	Article_2094	link	58
Article_0267	Article_0010	link	304
Article_0907	Article_0096	link	287
other-search	United_Kingdom	other	230
Article_2670	Article_1491	link	72
other-search	Article_0028	other	322
Article_2901	Article_0348	link	266
Article_0800	Article_0071	link	223
Article_2883	Article_2543	link	392
other-internal	Article_0520	external	297
other-internal	Article_0856	external	203
Article_3979	Article_0011	link	144
Article_2911	Article_0164	link	200
other-search	Article_0337	other	51
other-internal	United_States	external	176
Article_3044	United_Kingdom	link	343
Article_1966	Article_0059	link	37
Article_0989	Article_0528	link	470
Article_2102	Article_0043	link	381
Article_0094	Article_1552	link	377
Article_2786	Article_2111	link	466
Article_2993	Article_0033	link	111
Article_1372	United_States	link	236
Article_2892	Article_0791	link	260
Article_0919	Article_0021	link	477
other-internal	France	external	245
other-internal	Article_0506	external	271
other-internal	Article_0407	external	287
other-internal	Article_0061	external	347
Article_3483	Article_0478	link	334
Article_1096	Article_0960	link	105
Article_0969	India	link	108
Article_2447	Article_0329	link	251
Article_3754	Article_0392	link	35
Article_1754	India	link	466
other-internal	India	external	201
Article_0122	Article_1160	link	347
Article_0326	Article_0113	link	320
Article_3038	Article_1204	link	317
Article_0368	Article_0593	link	387
Article_1944	India	link	321
Article_3303	Article_1027	link	440
other-internal	Article_1188	external	175
other-internal	United_States	external	161
Article_3048	Article_3813	link	385
Article_1110	Article_0048	link	107
Article_0752	Article_0087	link	338
Article_3874	Article_0323	link	296
other-internal	Article_1407	external	337
Article_1560	Article_1252	link	358
Article_1396	Germany	link	416
other-internal	Article_0715	external	347
other-internal	Article_0018	external	11
Article_3756	India	link	409
Article_0821	India	link	46
other-internal	Article_2389	external	161
other-internal	Article_0067	external	101
Article_0918	Article_0638	link	423
other-internal	Article_3305	external	318
other-internal	India	external	30
other-internal	Article_0020	external	233
Article_1085	Article_0031	link	378
Article_3596	India	link	93
Article_0590	Article_3617	link	78
Article_3332	Article_0394	link	383
Article_0648	Article_0051	link	409
other-search	Article_0079	other	305
other-internal	Article_0050	external	66
other-internal	Article_0081	external	367
Article_0908	China	link	163
other-internal	Article_3043	external	269
other-internal	Article_0209	external	356
Article_1866	Article_0029	link	115
Article_3745	Article_0040	link	394
other-internal	Article_0049	external	379
Article_1870	Article_0804	link	318
Article_3982	India	link	362
Article_2066	Article_0018	link	157
other-search	World_War_II	other	113
Article_1527	Article_0049	link	296
Article_0764	Article_1915	link	195
Article_2085	Article_0010	link	412
Article_1823	Article_1644	link	381
Article_0903	Article_1845	link	141
other-internal	YouTube	external	60
Article_1660	Article_0716	link	456
Article_1469	United_States	link	268
other-internal	Article_0015	external	272
Article_0917	Article_1265	link	352
Article_2148	India	link	99
other-internal	World_War_II	external	126
Article_3609	Article_1123	link	340
other-internal	Article_0141	external	25
Article_1974	Article_1031	link	159
other-internal	Germany	external	363
Article_2937	China	link	22
Article_3400	Article_0824	link	396
other-internal	Article_2126	external	352
other-internal	United_States	external	86
Article_3034	United_States	link	159
other-internal	Russia	external	78
Article_1194	Article_1468	link	191
Article_0692	Article_0030	link	441
Article_3655	Article_2516	link	391
Article_1833	Article_1275	link	77
Article_1538	Article_0200	link	348
Article_0216	India	link	365
other-internal	Article_2874	external	78
Article_2801	Article_0240	link	358
Article_2444	Article_0105	link	59
Article_1111	Article_0013	link	496
Article_3915	China	link	447
Article_3008	Article_0317	link	241
Article_3442	Article_2554	link	429
other-search	Article_2660	other	167
other-internal	Article_0534	external	209
other-internal	Article_1295	external	394
other-internal	Article_0032	external	380
Article_2703	Article_3380	link	366
Article_0480	France	link	383
Article_0660	United_Kingdom	link	32
other-internal	China	external	191
other-internal	Article_0897	external	364
Article_3281	China	link	132
other-internal	Article_0030	external	339
other-internal	Article_0238	external	76
other-internal	Article_0245	external	115
other-search	Article_0344	other	172
Article_3759	Article_0025	link	36
other-internal	Article_0478	external	102
Article_2642	Article_1648	link	417
other-search	Article_0044	other	84
Article_0691	Article_0047	link	63
Article_3829	Article_0020	link	162
other-internal	Canada	external	395
other-internal	Article_0011	external	98
Article_2844	Article_1303	link	27
other-internal	Article_0751	external	329
Article_3625	Article_0060	link	312
Article_0034	Article_1170	link	238
Article_2414	Canada	link	56
Article_3093	Article_0375	link	82
Article_1342	Article_0087	link	92
Article_1436	India	link	200
Article_0069	Article_0487	link	178
Article_3588	Article_0046	link	461
Article_0501	Article_3700	link	418
Article_2762	Article_0022	link	441
other-internal	Article_0024	external	273
other-internal	Article_3913	external	269
other-internal	Article_0135	external	84
other-internal	Article_0059	external	193
Article_2323	Article_0071	link	164
Article_1169	Article_3378	link	399
Article_3479	Article_0074	link	152
other-internal	Article_2506	external	197
other-internal	United_States	external	220
Article_0249	Russia	link	255
other-search	Article_0109	other	123
Article_3039	Article_0026	link	87
other-search	United_States	other	370
Article_1555	Article_0016	link	285
Article_3905	Article_0044	link	347
Article_3595	Germany	link	464
Article_0312	Article_0833	link	464
Article_0726	Article_1005	link	117
other-internal	Article_0679	external	16
Article_3625	Article_0241	link	171
Article_1122	United_States	link	332
Article_1335	Article_3085	link	376
Article_1874	Article_0472	link	297
other-internal	Article_0172	external	305
Article_0648	Article_1514	link	453
other-internal	Article_0115	external	273
other-internal	Article_0182	external	274
other-internal	Article_0154	external	187
Article_2446	Article_0158	link	40
Article_1282	United_States	link	484
other-internal	United_States	external	356
Article_3457	United_States	link	251
other-internal	World_War_II	external	176
Article_1785	Article_0065	link	370
Article_0399	Article_0542	link	26
Article_3295	Article_0040	link	196
other-internal	YouTube	external	259
other-internal	Article_0785	external	32
Article_0860	Article_0013	link	17
Article_0322	Article_0103	link	68
Article_0461	Article_0087	link	10
Article_1967	Article_0031	link	439
other-internal	Article_0701	external	302
Article_3014	Article_3240	link	50
other-internal	Article_2036	external	104
Article_1103	Article_1887	link	343
Article_3008	Article_2709	link	421
Article_1897	Article_0168	link	430
Article_2618	Article_0061	link	244
Article_2907	Article_1310	link	449
Article_1505	World_War_II	link	280
Article_3099	Russia	link	281
other-internal	Article_0039	external	36
other-internal	World_War_II	external	137
Article_2538	Article_0137	link	255
other-internal	Article_0019	external	259
Article_1374	World_War_II	link	479
other-internal	Article_0060	external	179
other-internal	India	external	177
Article_3001	Article_0589	link	270
Article_2418	United_States	link	46
Article_1180	United_Kingdom	link	427
Article_3230	World_War_II	link	417
other-internal	Article_0849	external	374
Article_0214	Article_0022	link	387
Article_1126	India	link	183
Article_0627	Article_0723	link	174
Article_2021	Article_2564	link	290
Article_2065	Article_0235	link	387
other-internal	Article_0047	external	273
other-search	Article_3493	other	276
Article_2343	Article_0891	link	406
Article_0735	Article_2783	link	72
Article_2932	Canada	link	290
Article_0067	Article_1295	link	152
Article_2630	Article_0145	link	234
other-internal	United_States	external	128
Article_1544	Germany	link	435
Article_3973	Article_0739	link	234
Article_3551	United_States	link	255
Article_3977	Article_0025	link	18
Article_0874	United_States	link	22
Article_2175	Canada	link	441
other-internal	Article_1993	external	43
other-internal	Article_0031	external	192
Article_0683	Canada	link	421
Article_3950	China	link	16
Article_3826	Article_0419	link	89
Article_0087	Article_2395	link	194
other-internal	Germany	external	267
Article_0570	India	link	265
other-internal	Article_0011	external	149
Article_1373	Article_1322	link	438
Article_2368	Article_1105	link	116
other-search	Article_0029	other	186
other-internal	Article_0287	external	310
Article_3828	Article_0023	link	156
Article_3640	Article_2995	link	37
Article_2650	Article_0102	link	138
Article_1314	Article_0512	link	190
Article_0907	Article_0434	link	64
Article_3661	United_States	link	396
Article_2526	Article_0855	link	35
Article_0888	Article_2503	link	73
Article_1606	Article_3977	link	115
Article_2479	Article_0010	link	403
Article_2302	Article_0354	link	245
Article_0482	Article_2881	link	15
Article_0340	Article_0402	link	157
other-internal	Article_0116	external	298
Article_3957	Article_0020	link	373
Article_2942	Article_1238	link	448
Article_0099	Article_0219	link	71
Article_2367	Article_0010	link	225
Article_0918	Article_0610	link	258
Article_1690	Article_0038	link	364
Article_3318	Article_0010	link	115
Article_3765	Article_2110	link	440
other-internal	Article_0135	external	302
Article_1262	United_States	link	56
Article_1380	Article_0432	link	206
Article_3471	Article_3364	link	317
other-internal	Article_2850	external	177
Article_0945	Article_0010	link	201
other-internal	Article_0182	external	64
Article_2720	Article_0102	link	418
Article_1979	Article_0082	link	376
other-internal	Germany	external	278
other-internal	Article_0026	external	323
Article_1158	Article_0413	link	353
Article_1077	Article_3109	link	326
Article_2444	Article_1177	link	392
other-internal	Article_2238	external	252
other-internal	Article_1066	external	350
Article_3639	YouTube	link	489
other-internal	Article_1505	external	135
other-search	Article_0014	other	362
Article_1985	Article_0048	link	40
Article_1952	Article_0597	link	444
Article_3930	Article_0307	link	225
Article_3956	Article_3118	link	197
Article_1106	Article_0078	link	343
Article_1113	Article_0120	link	492
Article_2539	Article_3547	link	41
Article_1648	India	link	69
Article_0749	Article_0069	link	182
Article_3363	United_States	link	220
Article_2834	Article_0022	link	434
Article_2920	Article_3990	link	56
other-internal	Article_0208	external	356
Article_0475	Article_1713	link	121
Article_2053	Article_0338	link	442
Article_2142	World_War_II	link	490
other-internal	India	external	30
Article_1940	Article_0402	link	347
other-internal	Article_0164	external	387
other-internal	Article_0579	external	358
Article_1421	Article_2956	link	163
Article_2149	Article_0750	link	410
other-internal	Article_1915	external	201
Article_0341	Article_1553	link	449
other-internal	United_States	external	15
Article_3985	Article_1734	link	462
Article_1030	United_States	link	58
other-internal	Article_0332	external	153
Article_3502	Article_1916	link	196
Article_1686	Article_2469	link	158
Article_0433	Article_0236	link	126
other-search	Article_1986	other	116
Article_3699	Article_0045	link	266
other-search	Article_0100	other	92
other-internal	Article_0121	external	63
other-internal	Article_0152	external	55
Article_2777	Article_0034	link	417
Article_3620	United_States	link	26
Article_3466	Article_3617	link	183
other-search	Article_0558	other	83
Article_0727	Article_0349	link	494
other-search	India	other	111
Article_2306	Article_0685	link	13
Article_1820	Article_0898	link	56
other-internal	Article_0897	external	380
Article_3214	World_War_II	link	385
Article_3409	Article_0707	link	194
Article_0699	YouTube	link	223
Article_2823	Article_3276	link	31
Article_1724	Article_0049	link	394
Article_2606	Article_0566	link	184
Article_0291	Canada	link	285
Article_0892	Article_0458	link	371
other-internal	China	external	181
Article_0368	Article_0169	link	125
other-internal	Article_0390	external	33
other-internal	Article_3626	external	36
Article_0336	Article_0025	link	283
Article_2347	India	link	398
Article_0899	Article_0807	link	463
Germany	United_States	link	168
Article_2849	YouTube	link	306
other-internal	Article_3166	external	317
other-internal	Article_3028	external	279
Article_2094	Article_0102	link	485
other-internal	Article_0856	external	145
other-internal	France	external	41
other-search	Article_0101	other	243
Article_1874	Article_0014	link	207
other-search	Article_0465	other	250
Article_1464	Article_0651	link	202
other-search	Article_0328	other	319
Article_2542	India	link	495
other-search	Article_1762	other	204
Article_0306	United_States	link	197
Article_3109	United_States	link	287
Article_1272	Article_3220	link	369
Article_2473	Article_0574	link	113
other-internal	United_States	external	246
Article_3521	Article_1363	link	28
Article_1320	Article_0031	link	459
other-internal	Article_0714	external	397
Article_0313	Article_0740	link	193
other-internal	Article_0354	external	42
Article_0316	India	link	303
Article_1807	Article_0673	link	28
other-internal	Article_0431	external	209
Article_2226	Article_0068	link	488
Article_0922	Article_0560	link	241
Article_2386	Article_3684	link	285
Article_1479	Article_0411	link	378
Article_0785	Article_0307	link	333
other-internal	China	external	192
other-internal	Article_0023	external	341
Article_3274	United_States	link	207
other-search	Article_2085	other	237
Article_3778	Article_0062	link	93
Article_0196	Article_3688	link	148
Article_3370	Article_0052	link	68
Article_2869	Article_2476	link	103
Article_2991	India	link	395
Article_0228	France	link	197
Article_1437	Article_3389	link	256
Article_2272	Article_0371	link	397
Article_1068	Article_0013	link	295
other-internal	Article_0180	external	214
other-internal	Article_2984	external	10
Article_3794	Article_2844	link	178
Article_3296	Article_0979	link	97
Article_2903	Article_1252	link	165
Article_2318	Article_0030	link	140
other-internal	Article_0164	external	198
Article_1015	Article_0233	link	484
Article_2363	Article_0602	link	49
Article_1866	Article_0590	link	263
other-internal	Article_3074	external	137
Article_2544	Article_0018	link	405
Article_0522	Article_0113	link	293
Article_1569	Article_0370	link	441
Article_2424	Article_0106	link	482
other-internal	Article_3129	external	157
Article_2950	Article_0018	link	111
other-search	Canada	other	257
Article_0544	Article_0152	link	313
other-internal	Article_0010	external	239
Article_1531	Russia	link	41
Article_2624	Article_0250	link	21
Article_1906	Article_0247	link	344
Article_1443	Article_0230	link	490
Article_0698	United_States	link	483
Article_3190	Article_0137	link	331
other-internal	Article_0288	external	329
Article_2540	France	link	204
Article_1180	Article_1223	link	217
other-internal	Article_0221	external	139
Article_0221	Article_0024	link	189
Article_3142	Article_0057	link	323
Article_2223	YouTube	link	476
other-internal	Article_0010	external	295
Article_0740	Article_1457	link	405
other-internal	Article_0028	external	237
Article_0989	Article_2790	link	342
other-internal	United_Kingdom	external	230
Article_1748	Article_1010	link	16
other-internal	Article_0190	external	155
other-internal	Article_0034	external	157
Article_3302	World_War_II	link	204
Article_2023	Article_0041	link	403
other-internal	Article_1114	external	332
Article_3002	United_Kingdom	link	88
other-internal	Article_0010	external	37
Article_3601	France	link	328
other-search	Article_0012	other	198
Article_2145	Article_0158	link	97
Article_1057	Article_0037	link	150
Article_3698	Article_2862	link	211
Article_1872	Article_0026	link	114
Article_1674	China	link	112
other-internal	Article_0011	external	315
Article_3880	Article_0010	link	354
Article_2428	Article_0272	link	36
Article_1705	Article_1032	link	295
other-internal	Article_0129	external	151
other-internal	Article_2676	external	204
Article_3075	China	link	243
Article_3309	Article_0045	link	382
Article_1785	Article_1252	link	156
Article_2879	Article_0416	link	362
Article_3001	YouTube	link	463
other-internal	Article_1814	external	22
Article_1973	Article_1231	link	323
Article_3813	Article_0421	link	24
Article_3625	Article_0826	link	224
other-internal	Article_0415	external	398
Article_1030	China	link	209
other-internal	Article_0494	external	129
Article_2220	Article_0287	link	162
Article_1598	India	link	66
Article_0749	India	link	277
Article_1047	India	link	39
Article_1986	China	link	323
other-internal	Article_0643	external	233
Article_2786	Article_1903	link	10
Article_0196	Article_0035	link	151
Article_2291	Article_0842	link	341
Article_0274	France	link	63
Article_3561	Article_0028	link	478
Article_1946	Article_0384	link	459
Article_2814	Article_1352	link	82
Article_2326	Article_2400	link	139
Article_3812	Article_0033	link	176
Article_1557	Article_0028	link	32
Article_3169	Article_0023	link	326
Article_2012	Article_0016	link	341
other-internal	Article_0083	external	95
Article_2868	United_States	link	286
Article_3451	Article_1492	link	224
other-search	Article_0109	other	319
Article_0519	India	link	130
Article_3294	Article_1117	link	386
Article_2738	Article_0204	link	62
Article_3151	Article_0397	link	166
other-internal	Article_3705	external	16
Article_2732	Article_0046	link	348
Article_0920	China	link	222
Article_2963	Article_0017	link	239
other-search	Article_2524	other	186
Article_3236	United_States	link	153
Article_2380	United_States	link	145
Article_0062	Article_1440	link	338
Article_1518	Article_1179	link	463
Article_3095	Article_0026	link	20
Article_2924	Article_0470	link	128
Article_1386	World_War_II	link	287
Article_1413	Article_0135	link	392
other-internal	Article_3253	external	291
other-internal	Article_0632	external	246
Article_0179	Article_0583	link	478
Article_3943	Article_2194	link	417
Article_3260	Article_0011	link	381
Article_2529	Article_0302	link	278
Article_3376	Article_2386	link	79
Article_1824	World_War_II	link	417
other-internal	China	external	225
Article_3188	Article_0025	link	266
Article_1994	Article_0010	link	124
Article_0538	Article_0558	link	97
other-internal	Article_0106	external	89
Article_2071	Article_1962	link	132
other-internal	Article_0086	external	333
Article_3420	Article_1209	link	226
Article_2478	Article_0053	link	81
Article_3722	Article_3314	link	18
Article_0054	United_States	link	131
Article_2575	World_War_II	link	183
Article_1413	Article_0564	link	249
other-internal	Article_0748	external	320
Article_1300	Article_3139	link	38
other-internal	Article_0115	external	256
Article_1836	Article_0110	link	145
Article_2049	Article_0253	link	41
Article_1956	Article_0145	link	136
other-internal	Article_0023	external	21
Article_0436	Article_0057	link	155
Article_3596	Article_0095	link	350
Article_0344	Article_3296	link	497
other-internal	Article_0836	external	36
Article_3236	Article_2525	link	240
Article_1814	Article_0050	link	79
Article_0436	Article_0194	link	485
Article_0154	Article_0204	link	135
Article_3152	Article_1822	link	366
other-internal	Article_0023	external	220
Article_3675	Article_0019	link	172
Article_1561	Article_0242	link	85
Article_2848	Article_0012	link	384
Article_0503	Article_0136	link	257
other-search	Article_0020	other	142
other-internal	Article_0063	external	158
other-search	United_States	other	346
Article_2193	Article_0039	link	192
Article_0257	Article_0025	link	313
Article_1382	Article_0212	link	44
other-internal	Article_2166	external	390
Article_2887	Article_1056	link	39
Article_1955	Germany	link	155
Article_1174	Article_3181	link	49
Article_2636	Article_0258	link	103
other-internal	Article_0692	external	65
Article_0100	United_States	link	287
Article_0495	Article_1079	link	303
Article_3520	Article_0040	link	386
other-internal	Article_0887	external	370
Article_3817	Article_0204	link	214
Article_3994	India	link	119
other-search	Article_0017	other	220
Article_1391	Article_2398	link	44
Article_0611	Article_0726	link	437
Article_0805	Article_0911	link	98
Article_0224	Article_1672	link	381
Article_0856	Article_0975	link	443
other-internal	Article_2416	external	321
other-search	Article_0134	other	207
Article_1278	Article_0021	link	77
Article_1181	Article_3544	link	198
Article_0977	Article_2519	link	188
other-internal	Article_0532	external	212
Article_3359	Article_0204	link	414
Article_1620	United_States	link	499
other-internal	Article_3128	external	194
Article_1172	Article_0193	link	204
other-internal	United_States	external	297
other-internal	Article_0101	external	91
Article_2187	Article_0260	link	188
other-internal	Article_0030	external	393
other-internal	Article_0611	external	377
other-internal	Russia	external	352
Article_1427	Article_0274	link	154
Article_1602	Canada	link	429
Article_0227	Article_0015	link	168
Article_0123	Article_0850	link	26
other-internal	Article_1223	external	76
Article_0793	Article_0114	link	349
Article_3252	Article_0077	link	67
Article_2484	Article_0426	link	177
other-internal	Article_1146	external	335
other-search	Article_3761	other	372
Article_2506	Article_0022	link	359
Article_0022	Article_2983	link	161
Article_0086	Germany	link	145
Article_3361	Article_0131	link	441
Article_0331	India	link	416
other-internal	Article_0828	external	135
other-search	Article_0024	other	74
other-internal	Article_1782	external	331
Article_2882	Article_2982	link	288
Article_0856	Russia	link	25
other-internal	Article_1778	external	38
other-internal	Article_0118	external	183
other-search	Article_0130	other	22
Article_0481	Article_1803	link	10
Article_1487	Article_3057	link	293
Article_3368	Article_1938	link	196
Article_1530	Article_0801	link	229
other-internal	Article_3509	external	388
Article_1703	Article_0127	link	187
other-internal	United_States	external	50
Article_2372	United_Kingdom	link	380
other-internal	Article_3354	external	351
Article_1274	World_War_II	link	482
other-internal	World_War_II	external	330
Article_3439	Article_3240	link	479
other-search	Article_0200	other	107
Article_2801	France	link	425
Article_2408	Article_0010	link	272
Article_0887	Article_0559	link	63
Article_1431	United_States	link	484
other-internal	Article_1569	external	293
Article_2539	France	link	459
Article_0601	Article_0241	link	261
Article_2991	Article_0150	link	31
other-internal	Article_0168	external	381
Article_2960	Article_0107	link	318
Article_1392	Article_0270	link	215
Article_0746	United_Kingdom	link	486
other-internal	Germany	external	209
Article_2801	Article_0010	link	98
other-internal	United_States	external	363
other-internal	Article_2192	external	64
Article_3599	India	link	35
Article_3283	Article_0045	link	65
Article_3960	World_War_II	link	239
Article_3442	Article_2736	link	249
Article_1531	China	link	343
Article_1258	Article_0053	link	388
other-internal	Article_1706	external	348
other-internal	Article_0036	external	137
Article_3277	Article_0025	link	89
other-internal	India	external	117
Article_3056	Article_3490	link	117
other-internal	India	external	214
Article_0795	Article_0807	link	407
Article_1888	Article_1337	link	191
other-internal	Article_0267	external	261
Article_0546	Article_0135	link	45
Article_0084	Article_1086	link	142
Article_3702	United_States	link	84
Article_2867	Article_0393	link	189
other-internal	Article_0178	external	309
Article_0319	Article_0129	link	487
Article_2919	Russia	link	281
Article_3792	Article_0106	link	217
other-internal	Article_0197	external	201
Article_3515	Article_0443	link	141
other-internal	United_States	external	54
other-internal	Article_1049	external	203
Article_3574	Article_0028	link	312
other-internal	Article_0555	external	313
other-internal	Article_0181	external	290
Article_2554	Article_1641	link	181
other-internal	Article_2463	external	191
Article_2447	Article_0064	link	427
other-internal	India	external	54
other-internal	Article_0228	external	94
Article_2111	Article_0136	link	430
Article_0369	Article_0010	link	433
Article_0197	Article_3643	link	331
Article_0086	Article_0947	link	66
Article_3487	Article_0157	link	435
Article_1671	Article_0322	link	198
Article_2660	United_States	link	115
Article_1993	Article_0015	link	167
other-internal	Article_0136	external	49
Article_2644	Article_0022	link	188
Article_2691	Article_1065	link	284
Article_0714	Article_0020	link	226
other-internal	Article_0725	external	356
other-internal	Article_0280	external	378
Article_3075	Article_1032	link	173
other-internal	Article_0761	external	284
Article_3561	Article_0015	link	30
Article_1179	Article_2609	link	246
Article_2480	Article_1150	link	358
other-internal	Article_0774	external	82
Article_1502	Article_0012	link	350
Article_2449	Article_0224	link	236
Article_3630	Article_1694	link	460
Article_3108	Canada	link	72
other-internal	Article_0120	external	245
other-internal	World_War_II	external	346
Article_2632	Germany	link	224
Article_3139	Article_0090	link	302
other-internal	Germany	external	333
other-internal	Article_0035	external	129
other-internal	Article_0267	external	262
Article_3194	Article_0029	link	408
Article_2880	Article_0013	link	203
Article_2397	Article_0139	link	151
Article_2877	Article_1434	link	179
Article_2360	Article_2475	link	59
Article_3743	Article_0884	link	101
Article_3696	India	link	54
Article_3099	Article_2201	link	190
Article_0891	Article_0823	link	465
other-internal	India	external	47
other-internal	Article_0634	external	284
Article_2292	Article_3765	link	230
Article_3415	Article_0053	link	157
Article_1219	Article_0051	link	180
other-internal	Article_0125	external	358
Article_3251	Article_0021	link	258
other-internal	Article_0335	external	300
Article_0941	Article_0142	link	24
other-internal	Article_0026	external	145
other-internal	India	external	184
Article_3352	Article_0449	link	498
Article_0035	Article_0400	link	115
Article_0830	Article_0037	link	139
Article_3374	YouTube	link	311
Article_1026	Article_0163	link	183
other-search	Article_3747	other	202
other-internal	Germany	external	131
Article_2212	Article_0743	link	331
Article_3875	Article_0066	link	241
Article_0764	Article_0029	link	92
other-search	India	other	101
Article_2273	France	link	248
other-internal	Article_0749	external	64
other-internal	Article_0016	external	199
Article_1658	Article_0020	link	432
Article_1142	Article_0010	link	367
Article_2876	Article_0055	link	57
Article_2745	Article_0496	link	346
Article_3402	Article_1817	link	104
Article_1260	Article_0021	link	110
Article_1854	United_States	link	407
other-internal	United_Kingdom	external	17
other-internal	Article_0032	external	381
Article_2889	Article_3686	link	372
Article_3597	Article_2035	link	217
other-internal	Article_1972	external	393
other-internal	United_States	external	239
Article_0494	Article_0032	link	65
other-internal	Article_0019	external	162
Article_2843	Article_0028	link	399
other-search	United_States	other	180
Article_0531	Article_0172	link	67
other-internal	Article_0258	external	287
Article_1292	Article_0246	link	17
other-internal	United_States	external	238
Article_0456	Article_0627	link	64
Article_2412	Article_0018	link	74
Article_1781	Article_0018	link	166
Article_2334	Article_2327	link	249
Article_2221	United_Kingdom	link	122
other-internal	Article_0038	external	121
Article_2657	Article_0805	link	202
other-internal	United_States	external	380
Article_2645	Article_0015	link	142
Article_1959	Article_1603	link	97
other-internal	Article_0022	external	221
Article_2878	Article_0012	link	70
Article_0096	Article_0683	link	69
Article_3241	Article_0246	link	29
other-internal	Article_0280	external	80
Article_3128	Article_0159	link	476
other-internal	Article_2522	external	230
other-internal	Article_0013	external	107
Article_1537	Article_0329	link	268
Article_1825	Article_0270	link	94
Article_2720	Article_0057	link	467
other-internal	United_States	external	68
Article_0240	United_States	link	273
Article_2539	Article_0656	link	157
Article_3829	United_States	link	347
Article_3895	Article_1879	link	350
other-search	Article_0374	other	213
Article_2478	Article_0039	link	443
other-internal	United_Kingdom	external	284
other-internal	Canada	external	383
Article_2992	United_Kingdom	link	403
other-search	Article_0411	other	43
Article_1646	Article_0857	link	170
Article_3161	Article_0059	link	131
Article_1825	Article_0048	link	81
other-internal	United_States	external	147
other-internal	Article_1669	external	59
Article_3711	Article_0112	link	479
Article_2354	Article_0016	link	41
other-internal	United_Kingdom	external	229
Article_0713	Article_0010	link	15
Article_1998	Article_0075	link	298
Article_2253	Article_1921	link	82
Article_2361	Article_0088	link	477
other-internal	Article_0135	external	373
Article_3321	Article_0016	link	497
Article_2400	Article_0367	link	235
Article_1061	Article_0156	link	180
other-internal	Article_0016	external	382
Article_0997	Article_0245	link	85
Article_3598	Article_0061	link	170
Article_1211	Article_0384	link	174
other-internal	India	external	367
other-internal	United_States	external	151
Article_3808	Article_1469	link	38
other-internal	United_States	external	15
Article_2210	Article_0015	link	196
other-search	Article_0034	other	363
other-internal	Article_0529	external	268
Article_0482	Article_0338	link	481
Article_0968	Article_0026	link	486
Article_1363	Article_0087	link	328
other-internal	Article_1666	external	268
other-internal	Article_0538	external	114
Article_2494	Article_0798	link	62
Article_0908	Article_2300	link	493
Article_2357	Article_0041	link	483
Article_0308	Article_0733	link	430
Article_1943	Article_0065	link	377
Article_3544	Article_0010	link	109
Article_0109	Article_0032	link	377
other-internal	Article_0035	external	176
other-internal	Article_0205	external	70
Article_2060	Article_0796	link	166
Article_0807	Article_0022	link	80
other-internal	Article_0056	external	346
Article_0280	Article_0017	link	27
other-internal	Article_0031	external	184
other-internal	Article_0043	external	302
Article_2248	Article_0037	link	78
other-internal	Article_1463	external	178
Article_2186	Article_2533	link	363
other-search	Article_0813	other	231
other-internal	India	external	51
Article_0269	Article_0813	link	38
Article_0314	China	link	489
Article_0364	Article_2247	link	360
other-internal	Article_0728	external	123
Article_3707	Article_0055	link	237
Article_3247	United_States	link	404
Article_3439	Article_0140	link	54
Article_1133	Article_0373	link	212
Article_1857	World_War_II	link	498
Article_0164	United_States	link	106
other-search	Article_3423	other	244
Article_1642	Article_0161	link	158
Article_3539	Article_0048	link	337
Article_2648	United_Kingdom	link	489
Article_0553	Article_2515	link	221
Article_1527	Article_1396	link	393
other-internal	India	external	36
Article_0875	Russia	link	272
Article_2975	Article_0040	link	291
other-internal	Article_0036	external	392
other-search	Article_0299	other	208
other-search	Article_0134	other	127
Article_2049	Article_1345	link	38
Article_2883	Article_0990	link	444
Article_1192	Article_1230	link	238
other-internal	United_States	external	252
Article_2653	Article_0021	link	285
Article_0428	United_States	link	458
other-internal	Article_0394	external	20
Article_3274	Article_0602	link	480
Article_2621	Article_0944	link	479
other-internal	Article_0114	external	208
Article_3561	Article_0014	link	292
Article_2733	Germany	link	474
Article_1974	Article_0070	link	128
Article_3275	Article_0028	link	319
Article_2759	Article_1738	link	240
other-search	Article_1995	other	83
Article_0411	World_War_II	link	284
Article_3232	Article_0024	link	111
Article_0284	Article_0020	link	296
other-search	Article_0474	other	157
other-internal	Article_0028	external	315
other-search	Article_0037	other	298
Article_3436	Article_0247	link	447
Article_3179	Article_0213	link	364
other-internal	Article_0016	external	346
Article_0144	Article_0322	link	72
Article_1341	Article_0232	link	430
Article_3243	Article_0364	link	149
Article_3774	Article_0103	link	214
other-internal	United_Kingdom	external	241
Article_1197	Article_0248	link	439
Article_1871	Article_0277	link	444
Article_1873	Article_0297	link	216
other-internal	Article_0332	external	325
other-internal	India	external	161
Article_1111	United_States	link	112
Article_3313	India	link	80
Article_0977	United_Kingdom	link	380
Article_0983	Article_0016	link	488
Article_0883	Article_0033	link	208
Article_2294	Article_0016	link	102
other-internal	World_War_II	external	164
other-internal	Article_3634	external	73
other-internal	Article_0062	external	93
Article_3796	Article_1163	link	299
other-internal	United_States	external	352
Article_2244	Article_2011	link	54
Article_0351	India	link	61
Article_1458	France	link	109
Article_0757	Article_3346	link	74
Article_2865	United_States	link	224
Article_0827	China	link	40
Article_3631	Article_1142	link	392
Article_1956	China	link	256
other-internal	Article_1500	external	61
Article_3790	Article_0932	link	129
other-internal	Article_0018	external	22
other-internal	Article_0013	external	63
other-search	Article_1938	other	342
Article_0139	Article_0168	link	18
other-internal	Article_0329	external	390
Article_1588	Article_0124	link	456
Article_0777	Article_0023	link	88
Article_0153	Article_0341	link	201
Article_0233	Article_0085	link	378
other-internal	Article_0712	external	291
Article_2059	Article_0021	link	116
Article_2550	Article_0814	link	188
Article_0826	Article_0015	link	484
Article_1371	Article_0234	link	403
Article_1486	Article_0017	link	457
other-internal	Article_0139	external	163
other-internal	United_States	external	21
other-internal	Article_3136	external	314
Article_1999	Article_0616	link	61
Article_0163	Article_0086	link	438
Article_1085	Article_0011	link	187
other-search	Article_1634	other	389
other-internal	Article_0019	external	225
Article_0198	Article_2568	link	315
other-internal	Article_0303	external	70
Article_3650	Article_0232	link	456
other-internal	Germany	external	353
Article_0865	Article_0242	link	136
Article_2386	Article_0079	link	380
Article_0487	Article_0169	link	299
other-internal	Article_0694	external	382
Article_3114	Article_0037	link	376
Article_2624	United_States	link	387
Article_2009	Article_0650	link	449
Article_2910	Canada	link	263
Article_0971	Article_2497	link	264
Article_0567	Article_0394	link	337
other-search	Article_0795	other	186
Article_3645	Article_0073	link	196
other-internal	Article_0203	external	392
Article_2905	Canada	link	260
Article_0039	Article_0084	link	439
other-internal	United_States	external	67
other-internal	Article_0122	external	229
Article_3030	Article_0063	link	173
Article_1332	Article_2212	link	218
Article_0289	Article_0352	link	490
Article_2995	Article_0503	link	142
other-internal	Article_0030	external	58
Article_1515	Article_0045	link	314
Article_2038	Article_0368	link	441
Article_2190	Russia	link	15
Article_1077	Article_0622	link	113
Article_3885	Article_3260	link	412
Article_3344	Article_0041	link	498
Article_0123	Article_0018	link	373
other-internal	Article_1491	external	95
other-internal	Article_0015	external	102
other-internal	Article_0014	external	350
other-internal	Article_0035	external	13
Article_2734	Article_0077	link	36
Article_2839	Article_0189	link	427
other-internal	Article_0306	external	368
Article_0442	Article_2397	link	296
Article_3333	Article_0974	link	282
other-internal	Article_0112	external	112
Article_0521	World_War_II	link	486
Article_0078	Article_2518	link	386
Article_1656	Article_0240	link	145
Article_2517	Article_0075	link	375
other-internal	Article_0148	external	66
Article_1564	Article_1125	link	204
other-internal	Article_0169	external	276
other-internal	Article_0995	external	86
Article_1112	Article_2844	link	239
Article_1687	Article_0878	link	362
Article_1429	Article_0090	link	382
Article_2250	Article_0018	link	48
other-internal	Article_1579	external	134
other-internal	Article_0040	external	77
Article_0708	Article_0332	link	485
Article_0640	Article_3908	link	64
other-internal	Article_0034	external	287
other-internal	Article_0063	external	256
Article_1431	Article_0644	link	468
Article_1898	United_States	link	105
other-internal	Article_0016	external	261
Article_1466	India	link	270
Article_1120	Article_0015	link	241
other-internal	Article_0085	external	394
other-internal	Article_1282	external	195
Article_2274	Article_0971	link	105
Article_1800	Article_0037	link	397
Article_3339	Article_0421	link	57
Article_0317	Article_2751	link	261
Article_3557	Article_1737	link	487
Article_2938	Article_2566	link	266
Article_1514	India	link	168
Article_2347	China	link	391
other-internal	Article_0318	external	350
Article_0016	Article_1836	link	147
Article_3623	Article_0026	link	422
Article_1140	Article_0043	link	14
other-internal	Article_0013	external	127
Article_2783	Article_1447	link	496
other-internal	Article_0130	external	82
other-internal	Article_1385	external	268
Article_0128	Article_0026	link	119
other-search	Article_0045	other	254
Article_1176	Article_3336	link	92
Article_2400	Article_1103	link	16
Article_0459	Article_2324	link	19
Article_1320	Article_0697	link	200
Article_3396	Article_0789	link	242
Article_2368	Article_0083	link	30
other-internal	Article_0016	external	74
Article_0784	Article_0034	link	149
Article_1955	Article_0026	link	339
other-search	Article_0046	other	222
Article_2152	Article_0802	link	80
Article_3530	India	link	102
Article_2973	World_War_II	link	264
Article_1650	Article_2074	link	285
Article_2122	Article_0104	link	448
Article_0955	Article_0649	link	475
Article_2345	Article_2569	link	348
Article_3893	India	link	289
other-internal	Canada	external	61
Article_1733	Article_1142	link	397
other-internal	United_States	external	210
Article_0454	Article_0016	link	121
other-internal	Article_1468	external	136
Article_1252	China	link	319
Article_0916	Article_0014	link	318
Article_3928	Article_0107	link	388
other-internal	Article_1004	external	130
Article_2603	Article_2626	link	107
Article_0877	Article_1275	link	314
Article_3999	Article_0116	link	293
Article_2144	Article_2433	link	74
Article_1370	United_Kingdom	link	460
Article_2728	Article_0549	link	449
Article_2420	YouTube	link	335
other-search	France	other	388
Article_2228	Article_0259	link	168
Article_0196	Article_0068	link	375
Article_1268	Article_1957	link	40
Article_2026	Article_0030	link	474
Article_3364	Article_3971	link	356
Article_3418	Article_0573	link	50
Article_2192	Article_0047	link	39
Article_1218	Article_0030	link	360
Article_3590	World_War_II	link	359
other-internal	Article_0203	external	230
other-search	Article_0016	other	305
Article_3688	Article_0074	link	370
Article_1467	World_War_II	link	347
Article_0454	Article_0014	link	496
Article_1825	Article_0047	link	285
Article_2707	Article_0757	link	150
Article_1166	Article_2761	link	39
Article_2988	Article_0082	link	381
other-internal	Article_0028	external	272
Article_0925	Article_0248	link	102
Article_3893	Article_3731	link	77
other-internal	Article_0054	external	184
Article_2635	Article_1685	link	421
Article_2771	Article_0019	link	349
other-internal	YouTube	external	119
Article_0602	Russia	link	315
other-internal	Article_0018	external	69
Article_0172	Article_0019	link	245
Article_3145	Article_1862	link	347
Article_0780	Article_0958	link	319
Article_3655	Article_3311	link	82
Article_1137	Article_0923	link	158
Article_3044	Article_0695	link	254
other-internal	Article_1498	external	117
Article_0624	Article_0071	link	268
Article_1818	Article_0093	link	169
Article_1279	Article_0045	link	236
Article_0282	Article_0355	link	375
Article_1589	Article_0410	link	117
Article_3821	United_Kingdom	link	28
other-internal	Article_0051	external	399
Article_1169	Article_0016	link	167
other-internal	United_Kingdom	external	163
Article_3609	Article_0022	link	404
Article_1375	Article_0064	link	39
Article_3101	Article_0023	link	63
Article_3920	Article_0663	link	161
Article_3059	Article_1085	link	150
Article_1000	Article_0975	link	162
Article_3191	Article_0231	link	90
other-internal	Article_0039	external	344
Article_3032	United_States	link	254
Article_2645	Article_1707	link	497
Article_3843	United_States	link	430
Article_0848	Article_1397	link	401
other-internal	Article_0023	external	195
Article_3609	Article_0079	link	361
other-internal	Article_0016	external	215
other-internal	Article_2840	external	103
Article_2439	Article_0292	link	383
Article_1623	Article_0238	link	30
Article_0051	World_War_II	link	199
Article_2598	France	link	370
other-internal	Article_0044	external	327
Article_0812	Article_1741	link	373
Article_0445	Article_2539	link	125
Article_3934	Article_0020	link	462
other-internal	United_States	external	137
other-internal	Article_0749	external	154
Article_2123	Article_0072	link	200
Article_0366	India	link	246
Article_0215	Article_0102	link	270
other-internal	United_States	external	65
Article_0474	Article_0392	link	405
Article_2873	Article_0021	link	334
Article_2104	Article_0061	link	302
Article_0301	Article_0769	link	111
Article_1402	Article_2011	link	264
Article_1826	Article_2209	link	251
Article_1933	India	link	100
Article_3027	India	link	139
Article_1302	World_War_II	link	135
Article_3665	Article_1194	link	478
Article_1489	Article_3874	link	364
Article_3211	Article_0029	link	451
other-internal	Article_1782	external	391
Article_0726	Article_1676	link	155
other-internal	Article_0311	external	80
Article_1920	Russia	link	155
other-internal	Article_0126	external	340
Article_2608	Article_0264	link	281
Article_2118	Article_0010	link	342
Article_0727	Article_0190	link	364
other-search	World_War_II	other	152
Article_3250	Article_0082	link	411
other-internal	Article_0242	external	194
other-internal	United_Kingdom	external	113
Article_0511	Article_0526	link	77
Article_3961	Article_0356	link	362
Article_3746	Article_1284	link	122
Article_3016	World_War_II	link	219
other-internal	Article_1528	external	32
Article_0273	Article_1034	link	167
Article_0402	Article_1375	link	376
Article_0213	India	link	131
Article_0680	India	link	293
Article_3085	United_States	link	469
other-internal	Article_0941	external	254
Article_1644	Article_0030	link	363
Article_2762	Article_2709	link	430
Article_0296	Germany	link	259
Article_2089	Article_3433	link	126
Article_1056	Article_3472	link	316
other-internal	Canada	external	73
other-internal	Article_1005	external	345
Article_3652	Article_0180	link	376
Article_0781	Article_3522	link	350
Article_3483	Article_0341	link	336
Article_2296	Article_0838	link	189
Article_2153	Article_0016	link	240
Article_1760	China	link	88
other-internal	Article_1225	external	181
other-internal	United_States	external	133
Article_3955	Article_2176	link	498
other-internal	Article_3910	external	280
Article_1675	Article_0502	link	38
Article_0263	Article_2015	link	245
Article_0758	World_War_II	link	454
Article_0162	Article_0182	link	429
other-internal	Article_0665	external	188
other-internal	Article_0591	external	285
Article_2300	Article_2990	link	345
Article_2817	Article_3315	link	318
Article_0236	Article_0969	link	27
other-internal	World_War_II	external	18
Article_2582	Article_1422	link	232
Article_1272	Article_0024	link	424
Article_0662	Article_0031	link	41
Article_3784	United_Kingdom	link	336
other-internal	Article_0035	external	67
Article_3032	Article_0548	link	133
Article_0852	Article_2308	link	195
Article_3053	United_States	link	408
other-internal	Article_0042	external	16
Article_0348	China	link	460
Article_2023	Article_2684	link	58
Article_1215	Article_0164	link	362
other-internal	Article_0087	external	38
other-internal	Canada	external	212
Article_2928	Article_0022	link	327
other-internal	Article_0158	external	337
other-internal	Article_0026	external	44
Article_2963	Article_2008	link	126
Article_2371	Article_0576	link	307
Article_1471	Article_0016	link	216
Article_0745	Article_3931	link	485
other-internal	Article_0679	external	139
other-internal	Article_0026	external	211
Article_1540	Article_0034	link	380
Article_1652	Article_1395	link	345
other-search	Article_0048	other	55
other-internal	Article_3212	external	231
Article_3884	Article_0018	link	195
Article_2624	India	link	136
other-internal	Article_0758	external	228
Article_2136	Article_0064	link	78
other-internal	Article_0020	external	318
other-internal	Article_0107	external	322
Article_3256	Article_0532	link	147
Article_1917	Germany	link	173
Article_0500	Article_0035	link	401
Article_2896	Article_0058	link	338
other-search	Article_1248	other	64
Article_0711	Article_3646	link	278
other-internal	Article_2179	external	190
Article_3754	Article_2491	link	416
Article_3143	Article_0010	link	316
Article_0073	Article_0177	link	165
other-internal	Article_2524	external	109
Article_2095	Article_0081	link	344
Article_1694	Article_0085	link	275
Article_3799	Article_0338	link	422
Article_3232	Article_2127	link	111
Article_0460	YouTube	link	447
other-internal	Article_0453	external	244
Article_2531	Article_0986	link	480
Article_1924	Article_0170	link	272
other-internal	India	external	348
Article_3116	Article_0015	link	383
Article_3945	Article_1316	link	153
other-internal	Article_0019	external	33
other-internal	France	external	256
Article_0691	Article_0780	link	432
other-internal	Article_0025	external	38
Article_2832	Article_0044	link	112
other-internal	Article_3990	external	392
other-internal	United_States	external	171
Article_2250	Article_0113	link	164
Article_1195	Article_0149	link	477
other-internal	Article_0517	external	162
Article_1145	Article_0050	link	284
Article_2363	Article_0017	link	74
Article_0331	United_States	link	359
other-internal	United_States	external	334
Article_1281	Article_0018	link	394
Article_3453	China	link	79
Article_2206	Article_0034	link	494
Article_2163	Article_0015	link	457
Article_2628	World_War_II	link	229
Article_0014	Article_1877	link	228
other-internal	Article_0105	external	70
Article_3687	Article_0015	link	294
Article_1926	United_States	link	368
other-internal	China	external	149
Article_3070	Article_0030	link	150
Article_3169	Germany	link	480
Article_3073	China	link	497
Article_2021	Article_0408	link	178
Article_3503	Article_2174	link	121
other-internal	Article_0280	external	63
Article_2522	Article_0122	link	359
other-internal	Article_3140	external	255
Article_1231	Article_0701	link	269
Article_0124	Article_0229	link	430
other-internal	Article_2579	external	294
Article_2707	Article_0987	link	436
other-internal	Article_0172	external	258
other-internal	Article_1034	external	272
other-search	Article_1635	other	13
Article_0484	Article_0043	link	431
Article_2296	Article_0057	link	108
Article_2392	Article_0066	link	296
Article_2722	Article_0893	link	195
other-internal	Germany	external	397
Article_2236	Article_0073	link	321
Article_3698	Article_1020	link	242
Article_3152	Article_0709	link	72
Article_3888	Article_0452	link	183
Article_3415	Article_0102	link	137
other-internal	Article_0064	external	278
Article_1338	Article_0254	link	283
other-internal	Article_0031	external	35
Article_2966	Article_0050	link	357
Article_0935	Article_0011	link	159
Article_1179	World_War_II	link	248
Article_1359	Article_0807	link	236
Article_3837	Article_0117	link	149
Article_3588	Article_1667	link	32
other-internal	Article_0011	external	346
Article_2998	Article_0010	link	471
Article_2585	Article_0557	link	445
Article_0477	Article_0925	link	297
other-internal	Article_0096	external	31
Article_3955	Article_0264	link	223
Article_1355	Article_1736	link	167
other-internal	Article_2163	external	223
Article_2554	Article_2700	link	200
Article_2543	United_States	link	81
Article_3181	Article_1812	link	135
Article_0643	YouTube	link	222
other-internal	Article_0151	external	235
other-internal	Article_0188	external	34
Article_0117	Article_3935	link	354
Article_0483	Article_0011	link	294
Article_0092	Article_0010	link	33
Article_0248	Article_0013	link	38
Article_0418	Article_0142	link	124
other-internal	Article_1044	external	252
Article_3760	United_States	link	265
other-internal	Article_0026	external	356
other-internal	Article_0013	external	264
other-internal	Article_0641	external	105
Article_2398	United_States	link	89
Article_0685	Article_0042	link	455
Article_1178	Article_0034	link	160
Article_2986	Article_0757	link	184
Article_0394	India	link	339
Article_1527	World_War_II	link	177
Article_3682	Article_0039	link	307
Article_1990	Article_0037	link	196
other-internal	China	external	152
Article_2263	World_War_II	link	454
Article_0139	Article_0429	link	367
Article_3856	Article_0168	link	286
Article_1040	Article_1310	link	266
Article_0976	Article_0173	link	418
Article_1800	Article_0385	link	394
Article_0715	Article_0391	link	48
Article_0980	Canada	link	283
Article_0073	Article_0085	link	108
Article_0040	World_War_II	link	383
Article_3491	Article_0021	link	301
Article_0124	Article_0011	link	308
other-internal	United_Kingdom	external	371
Article_1239	Article_0010	link	16
Article_1745	Article_3362	link	64
other-search	United_States	other	381
other-internal	Article_0136	external	103
Article_0671	Article_0201	link	308
Article_0820	Article_0684	link	366
other-internal	Article_2251	external	292
Article_3369	Article_0591	link	151
Article_3876	Article_2922	link	189
Article_1266	United_States	link	499
other-internal	Article_0200	external	112
other-internal	Article_0279	external	61
other-internal	Article_0030	external	332
Article_3167	Article_0028	link	362
Article_0113	Article_0842	link	208
Article_0535	Article_1249	link	319
Article_3650	Article_1233	link	464
Article_3305	Article_0042	link	467
other-internal	Article_0356	external	127
other-internal	Article_0927	external	349
Article_0952	Article_0918	link	71
Article_0308	Article_0157	link	240
other-internal	Article_1056	external	201
other-internal	Article_1260	external	32
other-internal	Article_0198	external	366
Article_0436	Article_1348	link	74
other-internal	Article_0026	external	376
other-internal	Article_0485	external	72
other-search	Article_0452	other	255
Article_3520	India	link	261
Article_0160	Article_0017	link	50
Article_2606	Article_1481	link	487
Article_0268	Article_1436	link	239
Article_3446	China	link	433
Article_1507	Article_0012	link	103
Article_2465	Article_0017	link	171
Article_2124	Article_0148	link	345
other-search	United_States	other	398
Article_2530	Article_0115	link	318
Article_1126	Article_1651	link	445
Article_3010	Canada	link	384
Article_0107	United_States	link	456
other-internal	United_States	external	102
Article_0808	Article_2218	link	375
Article_3445	United_States	link	427
Article_0290	YouTube	link	312
Article_1476	United_States	link	435
other-internal	Article_0048	external	109
Article_0814	United_States	link	401
Article_1416	Article_3097	link	35
other-internal	World_War_II	external	262
Article_3743	Article_0414	link	63
other-search	Article_0171	other	210
other-internal	United_States	external	278
Article_0309	United_States	link	115
Article_1748	United_Kingdom	link	231
other-search	United_States	other	251
other-search	Article_3869	other	136
other-search	Article_0341	other	398
Article_1195	Article_0560	link	450
other-internal	China	external	109
Article_3069	Article_0088	link	466
other-internal	Canada	external	38
other-search	Article_0065	other	385
other-internal	Article_0865	external	263
other-search	Article_0882	other	18
other-internal	Article_3364	external	284
other-internal	Article_0019	external	154
Article_3874	United_States	link	183
Article_1547	Article_1615	link	381
Article_0359	Article_0111	link	17
Article_0054	Article_0022	link	367
Article_0872	Article_0120	link	398
Article_2452	Russia	link	362
Article_3259	Article_2601	link	72
Article_0388	Article_0013	link	235
other-internal	Article_0064	external	318
other-internal	YouTube	external	384
Article_3318	United_States	link	459
other-internal	Article_0106	external	235
Article_3262	Article_0483	link	250
Article_0313	Article_1490	link	265
Article_0710	Article_0023	link	329
other-internal	Article_0276	external	40
other-internal	YouTube	external	54
Article_1029	Article_0355	link	474
Article_2443	Article_0210	link	417
Article_2593	India	link	230
Article_1565	Article_0040	link	392
Article_2697	Article_3076	link	57
Article_0944	Article_0036	link	497
other-internal	World_War_II	external	32
other-internal	Article_0440	external	57
Article_1667	Article_0057	link	145
Article_2816	India	link	415
other-search	Article_0013	other	172
Article_2235	Article_0427	link	82
other-search	Article_0287	other	182
Article_2721	Article_1419	link	212
Article_3298	Article_3741	link	56
other-internal	Article_0178	external	259
Article_2896	YouTube	link	130
Article_2396	Article_0203	link	391
Article_2366	Article_0076	link	195
Article_0419	Article_0613	link	386
other-internal	Article_2414	external	113
Article_2067	Article_0317	link	376
Article_3453	Article_2655	link	346
other-internal	France	external	311
Article_3557	United_States	link	168
other-internal	Article_0018	external	346
Article_1730	Article_0392	link	144
other-internal	Russia	external	77
other-internal	Canada	external	73
other-internal	Article_0061	external	185
Article_2785	France	link	392
Article_2988	Article_0494	link	242
other-internal	United_States	external	255
Article_0761	Article_0940	link	200
Article_2760	Article_3483	link	366
Article_1022	Article_0057	link	88
other-internal	Article_0240	external	259
Article_3396	Article_0211	link	463
Article_1758	Article_0113	link	400
other-internal	Article_0206	external	154
Article_1177	United_Kingdom	link	59
Article_3944	France	link	15
Article_3940	Article_0265	link	498
other-internal	France	external	11
Article_0757	Article_1699	link	334
Article_2694	United_States	link	366
Article_0357	Article_2422	link	27
other-search	Article_0029	other	327
Article_0162	Article_0018	link	64
Article_0220	Article_3266	link	49
other-internal	United_States	external	28
other-internal	YouTube	external	242
Article_2941	Germany	link	112
other-internal	Article_0031	external	64
Article_1469	China	link	37
Article_0604	Article_0017	link	233
Article_3424	Article_0026	link	270
Article_3482	Canada	link	10
Article_3059	United_States	link	299
Article_3805	France	link	212
Article_2422	Article_0048	link	72
other-search	Article_0334	other	141
other-internal	Article_2642	external	94
other-internal	Article_0169	external	367
Article_3822	United_Kingdom	link	447
Article_2622	Article_0101	link	438
Article_1308	World_War_II	link	112
Article_0056	Article_0013	link	272
other-internal	Article_2486	external	108
other-internal	Article_1919	external	94
Article_1344	Article_2736	link	380
other-internal	Article_2958	external	309
other-internal	Article_0779	external	26
other-internal	Article_0199	external	284
Article_1177	Article_0122	link	262
Article_3813	Article_0040	link	235
Article_3943	Article_0010	link	441
Article_0467	Article_0010	link	217
other-internal	United_States	external	342
other-internal	United_States	external	268
Article_3861	Article_0939	link	434
Article_1133	India	link	41
Article_1925	Article_0381	link	385
Article_3425	Article_1429	link	436
Article_2175	Article_0109	link	447
Article_0949	Article_0305	link	357
other-internal	Article_0282	external	82
Article_0937	United_States	link	430
other-internal	Article_0013	external	44
Article_3587	Article_0898	link	175
Article_0633	United_States	link	185
other-internal	France	external	93
Article_1754	Article_0071	link	280
other-internal	Article_1806	external	329
Article_1608	Article_2462	link	393
Article_2425	Article_0168	link	401
other-internal	Article_0302	external	225
other-internal	Article_0488	external	229
other-internal	Article_1775	external	94
Article_0731	Article_0038	link	379
other-internal	Article_3577	external	217
other-internal	Article_0641	external	193
Article_1371	Article_0843	link	21
other-internal	Article_3459	external	276
Article_3290	Article_0787	link	140
Article_1708	Article_0145	link	32
Article_1247	YouTube	link	475
Article_2830	Article_0780	link	265
Article_3693	Article_0066	link	139
other-internal	Article_0171	external	192
Article_1922	Article_1325	link	72
Article_1166	Article_0010	link	265
other-internal	Germany	external	63
Article_0815	United_Kingdom	link	171
other-internal	Article_0014	external	33
Article_2055	United_States	link	350
Article_2397	Article_0029	link	141
other-internal	Article_0214	external	133
Article_0572	Article_1622	link	486
Article_1721	Article_0711	link	81
other-internal	Article_0019	external	251
other-internal	Article_0098	external	276
Article_0119	Article_0040	link	229
other-internal	Article_0239	external	276
other-search	Article_0733	other	148
Article_2819	Article_0069	link	458
other-internal	China	external	387
Article_1142	Article_2500	link	118
Article_2651	Article_1354	link	331
other-internal	Article_0689	external	126
Article_0692	Article_3239	link	164
Article_0456	Article_1121	link	114
Article_3145	Article_0131	link	426
Article_2473	Article_0363	link	386
Article_1247	Article_1915	link	114
Article_2959	Article_0325	link	209
other-search	Article_0046	other	358
other-internal	Article_2832	external	89
other-search	Article_0011	other	353
other-internal	Article_3224	external	383
Article_3502	Article_0016	link	142
Article_3945	Article_0830	link	25
Article_3906	Article_0144	link	185
Article_2619	Article_0220	link	353
Article_2463	Article_0016	link	252
other-internal	Article_1150	external	41
Article_2012	United_States	link	322
Article_2922	Article_0280	link	435
Article_2306	Article_0787	link	248
Article_0022	United_States	link	404
Article_3921	Article_0033	link	313
Article_1514	Article_0326	link	95
Article_3483	Article_0033	link	406
Article_2086	Article_3548	link	188
Article_3070	Article_0091	link	317
Article_2201	Article_1980	link	54
Article_1898	Article_3970	link	36
Article_2894	United_States	link	237
Article_3833	Article_0035	link	438
Article_1009	Article_1101	link	409
other-internal	Article_1278	external	124
other-search	Article_0191	other	191
Article_2405	China	link	19
Article_3823	Article_0030	link	257
Article_3375	Article_1641	link	194
other-internal	Article_0153	external	237
other-internal	Article_0123	external	109
Article_2882	Article_1871	link	30
Article_1189	Article_0024	link	484
Article_1859	Article_3687	link	70
other-internal	Article_3212	external	357
other-internal	Article_0500	external	225
Article_3830	Article_0313	link	71
Article_1573	United_States	link	231
other-internal	Article_0084	external	374
Article_0550	Article_2984	link	85
Article_1042	Article_0469	link	448
Article_1342	Article_0035	link	146
Article_1741	Article_1001	link	190
Article_3774	Article_1110	link	293
Article_3204	Russia	link	63
Article_1805	Article_0022	link	240
other-internal	Article_0756	external	232
Article_3273	Article_1079	link	11
Article_2475	Article_0150	link	297
Article_1848	Article_3631	link	393
other-internal	Article_1437	external	128
Article_2180	Article_3994	link	440
other-internal	Article_0369	external	375
Article_2874	Article_0528	link	245
other-internal	Article_0093	external	391
other-internal	Article_1264	external	37
other-internal	Article_2949	external	91
Article_3422	Article_0011	link	307
other-internal	Article_2275	external	185
Article_0106	Article_1286	link	95
Article_0489	Article_0047	link	55
Article_3267	YouTube	link	201
Article_3116	Article_0259	link	144
Article_2254	Article_0082	link	477
Article_2076	Article_1213	link	152
Article_0453	Article_0178	link	340
other-internal	Article_3129	external	257
Article_2898	World_War_II	link	297
other-search	Article_0149	other	43
Article_0986	Article_2739	link	287
other-internal	United_States	external	175
Article_3207	Article_0020	link	494
Article_1498	United_States	link	110
Article_1724	Article_0020	link	61
Article_3736	Article_0407	link	378
Article_3351	Article_0980	link	412
Article_2797	Article_3881	link	121
other-search	United_States	other	142
Article_3017	Article_0154	link	313
other-internal	Article_0269	external	300
Article_0129	Russia	link	223
other-internal	Article_1299	external	121
Article_3877	Article_0129	link	336
Article_1678	Article_1221	link	214
other-internal	Article_0761	external	215
Article_3735	Article_0186	link	413
other-internal	Article_0028	external	173
Article_0812	Article_1573	link	32
Article_2844	Article_0524	link	172
other-internal	Article_1251	external	151
Article_1633	Article_0018	link	478
Article_1311	Article_0373	link	17
other-internal	Article_0389	external	369
other-internal	Article_1253	external	92
Article_2063	Article_0206	link	167
other-search	Article_2698	other	322
other-internal	Article_0058	external	375
Article_3988	Article_0054	link	35
other-internal	United_States	external	386
Article_0086	Article_0439	link	444
Article_2676	Article_0030	link	438
other-internal	Article_3599	external	244
Article_1492	Article_0018	link	76
other-internal	India	external	336
other-internal	Article_1564	external	391
other-internal	Article_0686	external	31
Article_3342	Article_1049	link	354
other-internal	Article_0322	external	21
Article_0155	Article_0058	link	415
Article_3719	Article_2007	link	136
other-internal	Article_0010	external	327
Article_3461	Article_0065	link	295
Article_2056	Article_0016	link	411
Article_1274	Article_0076	link	325
other-internal	Germany	external	157
Article_3271	Article_0745	link	23
Article_1990	World_War_II	link	87
Article_3430	Russia	link	232
other-internal	Article_2064	external	50
other-internal	Article_1683	external	250
Article_2138	Article_0936	link	401
Article_2557	Article_1387	link	156
Article_3535	Article_0239	link	49
Article_3708	Article_2247	link	381
Article_1000	Article_1379	link	453
other-internal	Article_0068	external	75
Article_1478	Article_2089	link	239
Article_1883	Article_0357	link	308
other-internal	Article_2964	external	373
other-internal	Article_0652	external	94
other-internal	Article_0021	external	256
other-internal	Article_0070	external	210
other-internal	Article_1437	external	37
Article_3442	Article_0029	link	188
other-internal	Article_0498	external	217
other-internal	United_States	external	387
other-internal	United_States	external	216
Article_3515	Article_2289	link	426
Article_1990	Article_2247	link	102
Article_0047	Article_0868	link	168
other-search	United_States	other	365
other-internal	Article_2815	external	151
other-internal	Article_0016	external	37
Article_1157	Article_0644	link	74
Article_0176	Article_0192	link	464
Article_3782	Article_0021	link	51
Article_2416	Article_1887	link	213
other-internal	Article_3162	external	99
other-internal	Article_0035	external	238
Article_1833	Article_3839	link	85
Article_3568	Article_0353	link	216
Article_3263	Article_0035	link	24
Article_0100	Article_0195	link	197
Article_0266	Article_0619	link	188
other-search	Article_0551	other	78
Article_3176	Article_0086	link	326
Article_1692	Article_0017	link	75
Article_2302	World_War_II	link	410
Article_0857	Article_0150	link	438
other-internal	Article_0156	external	200
Article_0877	United_States	link	245
Article_1598	Article_0036	link	417
Article_2250	Article_1747	link	414
Article_3555	United_States	link	224
other-internal	Article_0035	external	107
Article_2465	France	link	456
Article_1211	Article_0753	link	123
Article_1230	United_Kingdom	link	40
Article_3137	Article_1657	link	127
Article_1592	Article_1440	link	59
Article_0817	Article_0122	link	62
other-internal	Article_0526	external	248
Article_1344	Article_0643	link	155
Article_0818	Article_0037	link	95
Article_2130	Article_0090	link	148
Article_1541	Article_1176	link	378
Article_2676	Article_0016	link	454
Article_1941	Article_0043	link	446
Article_1312	Article_0022	link	162
Article_2847	Article_0025	link	488
other-internal	Article_0581	external	299
other-search	United_States	other	281
Article_2665	Article_2098	link	216
Article_2032	Article_1490	link	414
Article_1271	Article_0016	link	274
Article_1260	Article_2259	link	254
other-internal	Article_3977	external	47
Article_2461	Article_0071	link	180
Article_2202	YouTube	link	236
Article_1560	Article_0048	link	330
other-internal	Article_2561	external	214
Article_1953	Article_0486	link	81
other-internal	France	external	170
Article_3773	India	link	274
Article_2723	Article_0138	link	332
Article_1015	Article_0018	link	378
Article_1902	Article_0151	link	136
other-internal	Article_0092	external	362
Article_2118	Article_0202	link	293
Article_3588	Article_0120	link	356
other-internal	Article_0999	external	286
Article_1383	Article_0010	link	426
Article_2640	Article_1620	link	158
other-search	Article_0061	other	110
other-internal	Article_0010	external	374
Article_3678	Article_1774	link	158
Article_1266	Article_0923	link	358
other-internal	YouTube	external	205
Article_2666	Article_0034	link	444
other-internal	Article_1313	external	314
Article_2846	United_States	link	294
Article_0266	Article_3449	link	114
other-internal	Article_0473	external	321
other-internal	China	external	102
other-internal	China	external	142
other-search	Article_3926	other	60
Article_1022	Article_0058	link	466
other-internal	Article_0274	external	219
Article_1922	Article_0107	link	372
other-internal	Article_3178	external	296
Article_3098	Article_2997	link	304
Article_1394	China	link	112
other-internal	Article_1403	external	128
other-internal	Article_0016	external	169
other-internal	Article_0046	external	312
Article_2164	Article_1438	link	453
Article_2473	YouTube	link	154
Article_1688	Article_0010	link	168
Article_3034	Article_0900	link	143
Article_0195	Article_2068	link	110
other-search	Article_0011	other	282
Article_3449	Article_2421	link	105
Article_0699	Article_0031	link	425
Article_3224	YouTube	link	133
Article_3279	France	link	64
Article_0767	Article_0018	link	97
Article_2899	Article_0045	link	92
Article_2665	Article_0071	link	205
other-internal	Article_3704	external	308
Article_0842	United_States	link	471
other-internal	Article_2567	external	211
Article_3993	Article_0138	link	209
Article_0656	Article_0023	link	456
other-internal	Article_1042	external	382
Article_0882	Article_0045	link	79
Article_1354	World_War_II	link	389
other-internal	Article_0048	external	195
Article_1906	Article_1712	link	191
other-internal	India	external	365
Article_2327	India	link	19
Article_1294	Germany	link	46
other-internal	Article_0132	external	171
Article_2143	Article_0028	link	475
other-internal	Article_0023	external	282
Article_2834	Article_0192	link	194
other-internal	Article_1296	external	311
other-internal	India	external	323
Article_1505	Article_0171	link	134
other-internal	Article_2780	external	76
Article_0772	United_States	link	319
Article_3997	Article_0227	link	89
Article_2841	Article_2140	link	205
Article_0036	Article_2874	link	286
Article_0430	India	link	223
Article_2361	United_States	link	288
Article_1654	Article_2185	link	237
other-internal	Article_0021	external	187
Article_0012	Article_0435	link	438
other-internal	World_War_II	external	19
Article_1390	Article_0959	link	39
Article_2353	United_States	link	351
other-search	Article_0237	other	193
Article_0734	Article_0024	link	121
Article_1787	Article_1203	link	14
other-search	India	other	398
other-internal	Article_0040	external	310
Article_0377	Article_0959	link	101
Article_3829	Article_0566	link	13
Article_2831	Article_0799	link	438
Article_0792	Article_1533	link	87
other-internal	Article_0014	external	270
Article_3567	Article_1833	link	209
Article_0243	United_States	link	340
Article_3373	Article_0014	link	185
Article_0240	Article_3490	link	337
other-internal	Article_3567	external	319
Article_2357	Article_2727	link	167
Article_3882	Article_2996	link	263
other-internal	Article_0219	external	145
other-internal	Article_0455	external	60
Article_2623	India	link	225
Article_3002	Article_2212	link	232
Article_0379	Article_2711	link	189
Article_2319	Article_1921	link	39
Article_2113	Article_0129	link	17
other-internal	Article_0017	external	65
Article_0165	Article_0254	link	317
Article_2149	Article_3827	link	305
other-internal	Russia	external	305
Article_2742	Article_0091	link	340
Article_2612	Article_0018	link	224
Article_2405	Article_0035	link	92
Article_1679	Article_3205	link	211
other-internal	World_War_II	external	286
Article_0787	Article_2218	link	158
Article_1072	Article_0100	link	444
Article_0801	Article_0232	link	44
Article_3888	Germany	link	337
Article_2355	Article_0020	link	486
other-internal	Article_0038	external	316
other-internal	Canada	external	61
Article_0709	Article_0033	link	180
other-internal	Article_0089	external	79
other-internal	Article_1917	external	163
other-internal	Article_2472	external	330
Article_0901	Article_1098	link	319
Article_1665	Article_0934	link	341
Article_1684	Article_0041	link	446
Article_2024	Canada	link	485
Article_0859	Article_0021	link	310
Article_3134	Article_0088	link	280
Article_0522	Article_0014	link	51
other-internal	Article_0060	external	33
other-internal	Article_1498	external	129
other-search	World_War_II	other	388
Article_2967	Article_0126	link	63
other-internal	Article_0165	external	104
Article_0521	United_States	link	66
Article_0363	Article_1688	link	481
Article_0542	Article_0026	link	73
Article_0333	Article_0027	link	471
other-internal	Article_1072	external	397
other-search	Article_0996	other	340
Article_1123	Article_0512	link	105
Article_0325	Article_0262	link	87
Article_0239	Article_0036	link	28
Article_0221	Article_0035	link	20
Article_1157	Article_0075	link	346
Article_2816	Article_0018	link	169
other-internal	Article_0021	external	53
other-internal	Article_0127	external	235
Article_0856	Germany	link	275
Article_0900	Article_0013	link	256
Article_0209	Article_0065	link	462
Article_0257	Article_1558	link	67
Article_1177	United_States	link	354
Article_1398	Article_1000	link	301
other-internal	Article_0595	external	377
Article_0625	United_States	link	44
other-internal	Article_2151	external	389
other-internal	YouTube	external	264
Article_3202	United_States	link	352
Article_1740	Article_0025	link	436
Article_2515	Article_0576	link	35
other-internal	Article_1691	external	235
Article_1923	Article_0088	link	469
Article_3574	Article_0283	link	490
Article_0205	Article_0047	link	27
Article_0055	Article_0048	link	70
other-search	Article_0180	other	84
Article_3855	China	link	211
Article_3835	Article_0271	link	13
other-internal	Article_2443	external	142
other-internal	Article_0015	external	197
other-internal	France	external	93
Article_3099	Article_1813	link	197
Article_1966	Article_0606	link	319
other-internal	Article_0260	external	40
Article_2680	Article_0046	link	459
Article_3178	Article_0309	link	465
Article_1562	Article_1407	link	73
Article_2666	Article_0203	link	283
Article_1297	Article_1881	link	456
Article_1660	Russia	link	208
Article_1940	Article_0083	link	339
Article_2142	Article_0158	link	453
Article_1385	World_War_II	link	423
Article_0122	France	link	193
other-internal	Article_0314	external	298
Article_0693	Article_2006	link	490
Article_1789	World_War_II	link	494
other-internal	Germany	external	97
Article_2413	Article_0464	link	326
Article_2181	Article_0104	link	57
other-internal	Article_0021	external	347
other-internal	Germany	external	191
Article_3564	Article_0047	link	222
other-internal	Article_3440	external	84
other-internal	Article_0123	external	398
other-internal	United_Kingdom	external	316
Article_2187	United_States	link	313
Article_0417	India	link	486
Article_2164	Article_0496	link	420
Article_2736	Article_1674	link	247
Article_0992	Article_0020	link	236
Article_0303	Article_0030	link	439
other-internal	Article_1186	external	252
Article_1912	Article_0182	link	488
Article_2152	United_States	link	476
Article_0847	Article_0119	link	384
Article_1859	Article_0399	link	357
Article_1429	United_Kingdom	link	103
Article_3697	Article_0744	link	253
other-internal	Article_0014	external	37
Article_0652	Article_1827	link	444
Article_3799	Article_0471	link	147
Article_3568	China	link	472
Article_3062	Article_0029	link	365
Article_0055	Article_0010	link	422
other-internal	Article_1004	external	122
Article_3895	France	link	370
Article_0379	Article_1226	link	253
other-internal	Article_0290	external	102
Article_2451	Article_1036	link	187
Article_0507	Article_0061	link	349
Article_2530	Article_0146	link	495
other-search	Article_0256	other	212
Article_1422	Article_0119	link	358
other-internal	World_War_II	external	260
Article_3393	United_States	link	106
other-internal	Article_0299	external	125
other-internal	Article_0019	external	22
other-internal	Article_2841	external	122
other-internal	Article_0083	external	212
other-internal	Article_0034	external	41
other-internal	Article_1274	external	26
Article_1629	China	link	423
Article_3374	Article_0297	link	220
Article_1160	Article_0332	link	493
Article_1607	Article_0646	link	109
other-search	Article_3762	other	291
other-internal	Article_2807	external	52
other-internal	France	external	331
Article_0099	Article_0014	link	202
other-search	United_States	other	133
Article_0466	Article_1879	link	308
Article_1298	Article_0012	link	224
Article_1951	Article_0032	link	422
Article_1513	YouTube	link	174
Article_3317	Article_2887	link	329
Article_0196	Article_0629	link	144
other-internal	Article_0011	external	327
Article_0489	United_Kingdom	link	44
Article_0344	Article_0078	link	266
China	United_States	link	310
Article_1347	Article_0184	link	337
other-internal	Article_0668	external	116
other-internal	Article_1937	external	269
other-internal	Canada	external	51
other-internal	Article_2384	external	221
Article_3628	Germany	link	277
other-internal	Article_0321	external	329
other-internal	Article_0066	external	305
other-search	Article_0431	other	211
Article_2861	India	link	253
other-search	Article_1139	other	210
other-internal	Article_0103	external	300
Article_0450	Article_0065	link	432
Article_0093	Article_2778	link	262
Article_2172	Article_0013	link	150
Article_3286	Article_3975	link	443
Article_2220	Article_0019	link	225
other-internal	Article_0040	external	77
Article_1178	United_States	link	57
other-internal	India	external	52
Article_0507	Article_0043	link	244
Article_0772	Article_3274	link	227
other-search	Article_0010	other	285
Article_1216	Article_0789	link	99
Article_1999	Article_1852	link	60
Article_0112	Article_0026	link	135
Article_1088	World_War_II	link	95
Article_1292	Article_0236	link	457
Article_3872	China	link	351
other-internal	Article_1575	external	98
Article_2989	Article_0527	link	144
Article_1670	Article_0555	link	171
Article_1080	Article_1435	link	242
other-internal	Article_0726	external	324
Article_2459	Article_1152	link	303
other-internal	Article_1003	external	131
Article_3375	Article_0010	link	30
Article_1846	China	link	108
other-search	Article_0370	other	150
Article_2913	Article_0063	link	48
other-internal	Article_0296	external	160
Article_0854	China	link	308
Article_2479	Article_0164	link	61
Article_2895	Article_3887	link	73
other-internal	Article_0264	external	167
Article_0021	Article_2133	link	219
other-internal	Article_0055	external	46
Article_0178	Article_2730	link	199
Article_0353	Germany	link	418
other-internal	Article_0011	external	380
other-internal	United_States	external	33
Article_1872	Article_0811	link	217
Article_3973	Article_0271	link	15
Article_1066	Article_0187	link	98
Article_0373	Article_0022	link	319
Article_2972	United_States	link	83
other-internal	Article_0025	external	38
Article_3413	Article_3752	link	453
Article_3532	Article_0647	link	41
other-internal	China	external	278
other-internal	Article_0030	external	175
Article_2382	Germany	link	399
other-internal	Article_0092	external	306
Article_1825	Article_0019	link	329
Article_0264	Article_2880	link	32
Article_0016	World_War_II	link	24
Article_2555	Article_0322	link	98
other-internal	Article_2332	external	196
other-internal	Article_0049	external	349
other-internal	Article_0149	external	140
Article_2535	Article_0018	link	41
Article_2087	Article_3106	link	96
other-internal	Article_0056	external	29
Article_2418	India	link	90
other-internal	Article_2456	external	336
other-internal	United_States	external	101
Article_1441	Article_0011	link	398
Article_1894	Article_1502	link	327
Article_3617	Article_3022	link	283
Article_0659	Article_0012	link	420
Article_2697	Article_0200	link	137
Article_2940	Article_1065	link	167
Article_1188	Article_0598	link	432
other-internal	World_War_II	external	300
Article_3010	Article_0306	link	211
Article_3066	Article_2838	link	194
other-internal	Article_2089	external	174
Article_3031	United_States	link	279
Article_3222	Germany	link	464
other-internal	Article_0168	external	370
other-search	India	other	354
Article_2071	World_War_II	link	374
Article_0842	Article_0653	link	55
other-internal	Article_0040	external	123
other-search	Article_2611	other	289
other-internal	Article_0924	external	279
other-internal	Article_0066	external	150
Article_3702	Article_1466	link	497
Article_2936	China	link	156
other-search	YouTube	other	393
Article_0380	Article_0090	link	193
other-internal	Russia	external	357
Article_0921	Article_0790	link	99
Article_2173	Article_2378	link	83
Article_1376	Article_0539	link	339
Article_3074	Article_1060	link	316
Article_2675	Article_0964	link	132
other-internal	Canada	external	250
Article_2284	Article_0057	link	348
other-internal	Article_0058	external	332
Article_1313	Article_0979	link	205
Article_3297	Article_0273	link	474
Article_1484	Article_0426	link	63
Article_1623	Article_0748	link	355
Article_0289	Article_0152	link	218
Article_3038	Article_1138	link	388
Article_2611	Article_0276	link	386
Article_1949	Article_0090	link	108
other-search	Article_0079	other	298
other-internal	China	external	172
Article_2161	YouTube	link	21
other-internal	Article_1227	external	373
other-internal	World_War_II	external	116
Article_3911	Article_0021	link	205
other-search	YouTube	other	323
Article_2091	Article_0059	link	443
Article_1172	Article_0396	link	152
Article_3729	Article_1228	link	385
Article_2260	United_Kingdom	link	318
other-internal	Article_0057	external	103
other-internal	France	external	278
Article_1293	Article_0022	link	390
Article_2073	United_States	link	448
other-internal	Article_2357	external	380
Article_2866	Article_1089	link	216
Article_0520	Article_0013	link	300
Article_1822	Article_0077	link	30
other-internal	Article_0958	external	110
Article_1348	Article_0013	link	446
Article_2359	Article_1440	link	317
other-internal	China	external	352
Article_1063	Article_0126	link	106
Article_1577	Article_0223	link	411
Article_0879	Article_2762	link	108
other-internal	India	external	358
Article_0526	Article_3477	link	264
Article_0199	Article_0090	link	102
Article_1101	India	link	114
other-internal	Russia	external	10
Article_3084	Article_1870	link	75
other-internal	Article_2088	external	273
Article_0433	Article_0250	link	270
Article_0645	Article_0124	link	153
other-search	Article_0479	other	358
other-internal	Article_3657	external	236
Article_0667	Article_0199	link	247
Article_1050	United_States	link	259
other-internal	Article_0146	external	371
other-internal	Article_3146	external	227
Article_0319	Article_0037	link	145
other-internal	United_States	external	221
other-internal	Article_3656	external	210
other-internal	Article_1686	external	225
Article_3616	France	link	315
Article_0743	Article_0857	link	386
Article_2982	India	link	259
Article_3520	Canada	link	388
Article_2925	Article_0186	link	78
Article_1035	Article_0015	link	433
Article_0535	Article_0198	link	490
Article_0859	India	link	32
Article_3273	Article_0637	link	223
Article_3861	Article_0713	link	402
Article_1463	Article_0069	link	212
Article_3746	Canada	link	350
other-internal	Article_0633	external	330
Article_3652	Article_0018	link	229
Article_1934	Article_0652	link	492
Article_3799	Article_0144	link	73
Article_3985	Article_1859	link	365
other-internal	United_States	external	133
Article_0028	Article_0020	link	299
Article_0184	Article_0030	link	379
Article_1457	Article_0504	link	27
Article_3584	World_War_II	link	241
other-internal	Article_0061	external	123
Article_3652	Article_0311	link	283
Article_2997	Russia	link	36
other-internal	Germany	external	315
Article_3183	World_War_II	link	45
Article_3482	Article_0138	link	442
Article_2048	United_States	link	354
other-internal	India	external	297
Article_2519	World_War_II	link	135
Article_3434	Article_2166	link	133
other-search	Article_0205	other	77
Article_2502	Article_1583	link	300
other-internal	Article_0044	external	157
other-internal	Article_0764	external	155
Article_3724	Article_0172	link	318
other-internal	Article_0718	external	231
Article_3188	Article_0098	link	148
Article_0943	India	link	379
Article_2647	Article_0024	link	406
other-internal	Article_0029	external	266
Article_0298	Article_0452	link	155
other-internal	Article_0153	external	248
other-internal	Article_0038	external	176
Article_0320	Article_0105	link	154
Article_1567	Article_0576	link	259
other-search	Article_0068	other	367
other-search	Article_0108	other	279
Article_0990	Article_0067	link	362
Article_2931	United_States	link	176
Article_3131	Germany	link	339
Article_1274	United_States	link	96
other-internal	Article_0210	external	325
Article_3267	Article_0074	link	390
Article_0326	Article_0731	link	356
Article_1799	Article_0101	link	76
other-internal	Article_0055	external	355
other-internal	Article_0020	external	313
other-internal	Article_0014	external	227
Article_1597	Article_1757	link	194
other-internal	Article_0237	external	113
Article_3304	Article_0039	link	409
other-internal	Article_0899	external	342
Article_1830	Article_1845	link	199
other-internal	Article_0125	external	102
Article_1308	Article_1641	link	190
other-internal	Article_0019	external	143
other-internal	Article_0393	external	60
Article_0700	World_War_II	link	384
Article_3172	Article_3086	link	250
other-search	China	other	174
other-internal	India	external	122
Article_0425	Article_0013	link	397
Article_2572	Article_0018	link	299
Article_3929	Article_0136	link	378
Article_0340	United_States	link	324
Article_1021	Article_1791	link	484
Article_2461	Article_0784	link	28
Article_1608	Article_0797	link	318
Article_3995	Article_0788	link	301
Article_3133	Article_0096	link	173
Article_0874	Article_0295	link	396
Article_0535	United_Kingdom	link	285
Article_1400	France	link	58
other-internal	Article_0411	external	126
Article_1318	Article_0017	link	139
other-internal	China	external	143
Article_2842	Article_1358	link	485
Article_1186	Article_3018	link	404
Article_1399	Article_0356	link	356
other-internal	Russia	external	283
Article_3027	Article_0261	link	313
other-internal	Article_0020	external	53
other-internal	World_War_II	external	389
Article_0721	Article_0917	link	322
Article_3244	Article_0193	link	241
other-internal	India	external	157
Article_1162	Article_0209	link	212
other-internal	Article_0093	external	285
Article_0409	India	link	293
Article_0117	Article_1021	link	248
Article_1048	Article_1861	link	376
Article_1326	United_States	link	453
Article_3761	Article_0036	link	63
Article_2978	Article_0152	link	29
other-internal	Article_1374	external	188
other-internal	Article_1447	external	142
Article_0732	Article_0469	link	421
Article_0911	Article_1735	link	138
Article_3464	Article_2095	link	193
Article_1275	Article_3231	link	427
Article_3549	Article_0402	link	390
Article_0052	Article_1351	link	359
Article_1668	United_States	link	42
Article_3307	India	link	144
Article_3195	India	link	439
Article_1607	India	link	344
other-search	United_States	other	82
Article_2970	Article_1753	link	398
Article_0142	Article_0031	link	195
Article_3401	Article_0607	link	234
Article_3382	Article_0649	link	184
Article_2914	China	link	442
other-internal	Article_3535	external	97
Article_2553	United_States	link	244
Article_0406	Article_0027	link	165
Article_3415	Article_0917	link	270
Article_2515	Article_0076	link	143
other-internal	Article_0229	external	223
Article_2324	Article_2282	link	323
Article_3346	United_States	link	205
Article_2229	YouTube	link	176
other-internal	United_States	external	257
Article_3253	India	link	149
Article_1336	Article_0289	link	25
other-internal	Article_1908	external	318
Article_0738	World_War_II	link	43
other-internal	Article_2001	external	74
other-internal	World_War_II	external	175
Article_1260	Article_0136	link	305
other-internal	Article_0028	external	168
other-internal	Article_0049	external	333
Article_3230	Article_0513	link	403
Article_0814	Article_0453	link	434
Article_3333	Article_0833	link	22
Article_0504	Article_2903	link	92
Article_3934	YouTube	link	295
other-internal	Article_0773	external	120
other-internal	Article_0025	external	373
Article_0245	United_States	link	421
Article_1666	Article_0478	link	371
Article_0625	Article_0057	link	105
Article_2552	Article_2556	link	383
other-internal	China	external	347
Article_1509	United_States	link	156
Article_3033	Article_0254	link	52
other-internal	Article_1166	external	172
Article_3339	Article_1414	link	341
Article_2669	Article_1895	link	484
Article_0092	Article_1047	link	401
other-internal	YouTube	external	304
other-internal	China	external	364
other-internal	Article_2911	external	392
Article_0298	Article_0471	link	219
Article_2096	United_States	link	351
Article_1669	Article_0651	link	343
Article_0345	World_War_II	link	344
Article_1153	World_War_II	link	366
Article_2774	Article_0039	link	71
Article_3008	Article_0264	link	87
Article_0293	Article_1121	link	197
Article_1794	Article_0065	link	204
Article_2854	Article_0356	link	128
other-search	YouTube	other	27
other-internal	Article_0711	external	130
other-search	Article_1332	other	99
Article_0850	Article_1373	link	71
Article_0055	Article_2413	link	256
other-search	Article_1500	other	100
Article_2139	Article_0778	link	367
other-internal	Article_1530	external	29
Article_3671	World_War_II	link	210
Article_1449	Article_0259	link	124
other-internal	Article_2293	external	256
Article_3037	Article_0223	link	403
Article_0601	Article_0086	link	279
Article_1580	Article_1071	link	52
other-search	Article_0305	other	34
other-internal	Article_0093	external	185
Article_1542	Article_0437	link	167
Article_0397	Article_0430	link	418
Article_0955	Article_0010	link	413
Article_1917	Article_0060	link	23
Article_2401	India	link	130
Article_0315	Article_3164	link	148
other-internal	Article_0070	external	172
Article_3664	Article_0180	link	437
Article_1903	Article_1454	link	121
Article_3871	Article_1380	link	167
Article_0038	Article_0436	link	334
Article_0824	Article_0038	link	82
Article_0291	Article_0585	link	291
Article_3789	Article_2120	link	297
other-search	Article_0016	other	148
Article_0807	Russia	link	310
other-internal	Article_1530	external	154
other-internal	Article_2816	external	52
other-search	Article_0062	other	361
other-search	Article_0278	other	346
Article_2021	Article_0272	link	248
Article_2067	United_States	link	378
Article_3236	Article_1556	link	175
Article_0515	India	link	492
Article_2664	Article_3394	link	341
Article_1531	Article_0173	link	499
other-internal	Article_0036	external	49
Article_2308	Article_0068	link	319
Article_1252	Article_2267	link	425
Article_1936	Article_0050	link	35
Article_2016	Article_0265	link	42
Article_1513	Article_1024	link	413
Article_2032	Article_0033	link	290
Article_3595	Article_0303	link	58
Article_1626	Article_3512	link	395
Article_2142	Article_2405	link	296
Article_2090	Germany	link	448
Article_3043	Article_1034	link	403
Article_2203	Article_0085	link	312
other-internal	Article_0202	external	314
other-internal	Article_3849	external	205
Article_2401	Article_0333	link	305
Article_2402	Article_0141	link	224
Article_0974	Article_0620	link	80
other-internal	Article_0766	external	289
other-internal	Article_1527	external	43
Article_1932	Article_0704	link	423
other-internal	Article_0016	external	128
other-search	Article_1695	other	16
Article_3762	Article_0173	link	273
Article_3404	Article_0198	link	176
Article_1074	Article_0053	link	75
Article_1925	Article_0021	link	237
Article_1411	Article_0318	link	126
Article_3653	Article_0211	link	413
other-internal	Article_0233	external	390
Article_3440	Article_2989	link	393
Article_0775	Article_0015	link	342
Article_1706	Article_1500	link	300
Article_0684	Article_2626	link	385
other-internal	Article_0087	external	200
Article_2178	Article_0428	link	41
Article_0576	India	link	333
Article_0847	Article_0209	link	338
Article_3488	Article_0026	link	318
Article_1310	United_States	link	84
Article_2659	Article_0034	link	296
other-internal	Article_1761	external	399
other-internal	Article_0060	external	326
Article_3923	Article_0088	link	294
Article_0266	Article_1462	link	74
other-internal	Canada	external	255
Article_0515	Article_0163	link	107
Article_3331	United_States	link	16
Article_2031	Article_0099	link	474
Article_1305	Article_1342	link	273
Article_3203	Article_1917	link	447
Article_1608	Article_0418	link	69
other-search	India	other	35
Article_0637	United_States	link	443
other-internal	Article_0025	external	320
Article_2955	Article_1078	link	288
Article_3761	World_War_II	link	463
Article_2614	Article_0194	link	378
Article_2675	Article_0079	link	481
Article_1941	United_Kingdom	link	221
other-search	Article_0598	other	315
Article_1235	Article_0372	link	438
other-internal	Article_2360	external	199
Article_2474	Russia	link	490
Article_0069	Article_0232	link	216
Article_1491	United_States	link	374
other-internal	Article_0042	external	166
Article_1073	Article_0028	link	113
other-internal	Article_0794	external	359
Article_3515	Article_0033	link	127
Article_2062	Article_2605	link	389
Article_3160	United_States	link	432
Article_3804	Article_0011	link	321
Article_3875	YouTube	link	290
Article_0861	India	link	219
Article_1923	Article_0022	link	56
Article_0189	United_States	link	125
Article_0519	YouTube	link	190
other-search	Article_0102	other	264
other-internal	Article_0107	external	256
Article_0031	Article_1155	link	165
Article_2429	Article_0536	link	449
Article_2264	Article_1194	link	291
Article_2588	Article_0209	link	397
other-internal	United_States	external	31
Article_2157	India	link	210
Article_0341	Article_0998	link	452
other-internal	Article_0037	external	24
Article_2732	Article_2611	link	393
Article_2240	Article_0043	link	148
Article_2963	Article_0073	link	391
Article_2764	Article_1175	link	209
other-internal	India	external	110
Article_0502	Article_3305	link	80
Article_1588	Article_0729	link	343
Article_2117	Article_0011	link	220
Article_0493	Article_0782	link	111
Article_0500	Article_0708	link	452
Article_3791	Article_1296	link	98
Article_0273	Article_0033	link	409
Article_3065	United_States	link	89
Article_0318	Article_0588	link	354
Article_3306	Article_1616	link	294
other-internal	China	external	171
Article_2036	Article_0025	link	82
Article_3355	Article_0113	link	308
other-internal	Article_2316	external	47
Article_0236	Article_0419	link	19
Article_3870	United_States	link	232
Article_2972	Article_1710	link	123
Article_2640	Article_0878	link	367
Article_1570	India	link	301
Article_3649	Article_0585	link	149
other-internal	Article_0823	external	254
Article_3040	Article_0565	link	402
Article_1594	Article_2963	link	392
Article_3863	Article_0865	link	373
Article_0385	United_States	link	441
Article_0712	United_States	link	208
Article_3533	Article_0051	link	20
Article_2522	Article_0010	link	429
Article_2910	Article_0802	link	494
Article_3104	Article_0042	link	391
Article_1700	Article_1915	link	418
other-internal	United_States	external	144
Article_0996	Article_0037	link	168
Article_3435	Article_1192	link	25
Article_2869	Article_0850	link	72
Article_0656	Article_3710	link	39
Article_2295	China	link	89
Article_0627	Article_0018	link	473
Article_0024	Article_0050	link	173
Article_0875	United_Kingdom	link	323
Article_1380	YouTube	link	487
Article_3619	Article_0600	link	475
Article_2704	Canada	link	53
Article_3052	Article_2308	link	11
Article_3091	Article_0097	link	414
other-internal	Article_0048	external	290
Article_2549	Article_2780	link	102
Article_0248	China	link	471
Article_3818	Article_1204	link	171
other-internal	United_States	external	143
other-internal	United_States	external	77
Article_1511	Article_3363	link	472
Article_1554	India	link	481
Article_2686	Article_3803	link	391
Article_1353	Article_0028	link	142
Article_0641	Article_0039	link	482
Article_0909	Article_0203	link	28
Article_2569	Canada	link	106
Article_3674	Article_0041	link	228
Article_3212	Canada	link	323
Article_1500	Article_0115	link	65
Article_0480	Article_0386	link	331
Article_0411	Canada	link	340
Article_3393	Article_0023	link	337
Article_1158	Article_1612	link	499
other-search	Article_2747	other	239
Article_0186	Article_0036	link	128
Article_1752	Article_1146	link	210
Article_0433	Article_0090	link	41
Article_3213	Article_3987	link	284
Article_1190	Article_0094	link	240
other-internal	Article_3101	external	54
Article_0451	Article_1028	link	36
other-internal	Article_0084	external	35
Article_3406	Article_1093	link	61
Article_3946	Article_0099	link	270
Article_1839	Article_2155	link	124
Article_1525	Article_0076	link	35
other-internal	Article_2537	external	113
other-internal	Article_0017	external	166
other-internal	United_Kingdom	external	162
Article_0875	India	link	211
Article_2408	Article_0248	link	234
Article_2179	YouTube	link	332
Article_1824	Article_0575	link	34
Article_3798	United_Kingdom	link	207
Article_1900	Article_0192	link	30
Article_1578	Article_0456	link	204
Article_2548	Article_0508	link	168
Article_1640	Article_1189	link	76
other-internal	Article_3931	external	100
other-internal	China	external	153
Article_0537	Article_3555	link	380
other-internal	Article_0026	external	378
Article_2391	Article_3347	link	341
Article_0057	YouTube	link	123
Article_1616	Article_0018	link	477
Article_3239	Article_0016	link	114
other-internal	Article_1595	external	127
Article_2958	Article_0032	link	332
Article_3437	Article_0011	link	481
Article_2756	Article_0024	link	43
other-internal	United_States	external	299
Article_0267	Article_2829	link	417
other-internal	Article_0024	external	328
Article_1868	China	link	492
Article_3021	Article_2936	link	486
Article_3468	India	link	350
other-internal	Article_0075	external	337
Article_1877	Article_1703	link	210
Article_2118	Article_0043	link	248
Article_0657	Article_0068	link	220
Article_3434	Article_1067	link	277
other-internal	Article_2647	external	147
other-internal	Article_0445	external	246
other-internal	Article_0120	external	139
Article_1579	Article_0033	link	181
Article_0172	World_War_II	link	240
Article_0442	Article_0023	link	330
Article_2512	Article_0178	link	92
other-internal	United_States	external	312
other-search	Article_0454	other	152
Article_3364	China	link	396
Article_0226	Article_0089	link	128
Article_2029	Article_0053	link	411
other-internal	India	external	267
Article_1931	India	link	163
other-internal	Article_0358	external	345
Article_3875	Article_2732	link	463
Article_1990	Article_0010	link	282
other-internal	YouTube	external	366
Article_2587	Article_1601	link	170
Article_2286	United_States	link	176
Article_3760	Article_0038	link	107
Article_2461	Article_2827	link	41
other-internal	Article_0075	external	311
Article_0085	Article_0053	link	338
France	Article_0483	link	83
other-internal	Article_0820	external	203
Article_1842	Article_0043	link	240
Article_2145	Article_0087	link	212
Article_3174	Article_3318	link	29
Article_1561	Article_1732	link	69
other-internal	Article_0046	external	266
other-internal	Article_0025	external	144
Article_2452	Article_1846	link	251
Article_0560	Article_0550	link	90
Article_0799	Article_0060	link	194
Article_0902	Article_2623	link	386
other-internal	Article_1117	external	308
Article_3577	Article_0048	link	204
other-internal	Article_0043	external	133
other-internal	United_States	external	247
Article_2070	Article_0093	link	450
other-internal	Article_0603	external	285
Article_1032	Article_2706	link	131
Article_2479	Article_0071	link	349
other-internal	Article_0280	external	167
Article_0294	Article_1288	link	383
other-internal	Article_3413	external	87
Article_1916	Article_0049	link	294
Article_1013	China	link	443
Article_0012	Article_1537	link	452
Article_0309	YouTube	link	361
other-search	Article_0628	other	53
Article_0691	Article_1838	link	173
Article_3739	Article_1331	link	304
other-internal	Article_0013	external	30
other-search	Article_0011	other	192
Article_0875	Article_0099	link	156
other-internal	Article_0659	external	79
other-internal	Article_0500	external	294
Article_1242	Article_0047	link	459
Article_1258	Article_1283	link	390
Article_1844	Article_1031	link	430
Article_0875	YouTube	link	384
other-internal	Article_0295	external	365
Article_3670	Article_0100	link	50
Article_3823	Article_0085	link	296
other-internal	Article_0045	external	325
Article_3202	Article_0010	link	499
other-internal	Article_1335	external	263
United_States	Article_1315	link	410
Article_3988	United_States	link	124
other-internal	Article_0219	external	395
Article_3861	Article_0870	link	308
Article_3476	Article_0121	link	468
Article_0250	Article_0058	link	476
Article_1026	Article_0377	link	305
Article_0173	Article_0120	link	385
Article_2550	YouTube	link	91
Article_3529	Article_0081	link	247
Article_3645	Article_0719	link	297
other-internal	Article_0063	external	147
Article_3267	Article_0025	link	390
Article_3140	Article_3749	link	107
Article_2039	Article_0058	link	74
Article_2227	Article_1046	link	341
Article_0749	Article_3377	link	270
Article_1780	Article_0567	link	454
other-search	Article_0159	other	298
other-search	Article_0198	other	51
other-internal	Article_0498	external	157
other-search	Russia	other	232
Article_1014	World_War_II	link	467
Article_2938	Article_0975	link	208
other-internal	United_States	external	303
Article_2280	India	link	255
other-internal	Article_3736	external	351
Article_0494	Article_0332	link	297
Article_2756	Article_0170	link	308
Article_2223	Article_0122	link	90
Article_3074	Article_0583	link	307
Article_1722	Article_2337	link	329
other-internal	United_States	external	145
Article_3381	Article_0015	link	277
Article_3126	Article_3325	link	214
Article_3372	Article_0199	link	464
Article_0158	Article_0037	link	100
Article_1655	Article_0482	link	290
other-internal	Article_0819	external	76
Article_2127	Article_0041	link	443
Article_3006	Article_3851	link	29
Article_1965	Article_0035	link	209
Article_2612	India	link	113
Article_0737	Article_0030	link	225
other-internal	Article_0015	external	185
Article_2791	Article_0013	link	339
Article_1422	Article_0280	link	129
other-internal	Article_1340	external	56
other-internal	Article_1633	external	245
Article_1566	Russia	link	379
other-internal	Article_0139	external	390
Article_1135	Article_1912	link	241
Article_3495	Article_0314	link	296
Article_3676	Article_1626	link	298
Article_2713	World_War_II	link	355
Article_3701	Article_1608	link	292
Article_1814	Article_1297	link	487
other-internal	Article_2209	external	302
other-internal	Article_0415	external	112
other-internal	China	external	56
Article_1703	Article_0321	link	89
Article_0603	United_States	link	82
Article_1317	Article_0536	link	171
other-internal	Article_0019	external	240
Article_1366	World_War_II	link	233
Article_0962	Article_1127	link	195
Article_3222	Article_0174	link	194
other-internal	Article_0147	external	340
other-internal	Article_0153	external	67
Article_3932	Article_0082	link	487
Article_2456	Article_0440	link	317
Article_1960	Article_0595	link	79
other-internal	Article_3159	external	337
Article_3319	Article_0092	link	252
Article_2141	Article_2248	link	398
other-search	Article_0491	other	152
Article_2103	Article_0079	link	427
Article_2432	Article_0010	link	293
Article_2312	Article_0382	link	210
Article_2805	Article_0309	link	320
Article_3389	Article_0173	link	69
Article_3855	Article_1803	link	57
Article_1392	World_War_II	link	364
Article_1026	Article_0011	link	213
other-internal	Article_0038	external	133
Article_0382	Article_1008	link	130
Article_3950	Russia	link	470
Article_2345	YouTube	link	198
other-internal	Article_0261	external	215
Article_1125	Article_0447	link	191
other-internal	Article_0059	external	132
Article_3683	Article_0033	link	136
Article_3356	Article_3875	link	451
Article_0387	India	link	163
other-internal	Article_0175	external	198
Article_1666	Russia	link	465
other-internal	Article_0574	external	87
other-internal	Article_0122	external	39
Article_3271	Article_0395	link	487
other-internal	Article_1467	external	190
Article_0224	Article_0418	link	249
Article_3497	Article_0457	link	442
Article_3048	Article_0011	link	59
Article_1545	China	link	76
Article_2581	Article_1175	link	441
other-internal	United_States	external	143
Article_3566	United_States	link	440
Article_2186	Article_0276	link	454
Article_2049	Article_1139	link	130
Article_1214	World_War_II	link	372
other-internal	YouTube	external	79
Article_2340	Article_0995	link	332
other-internal	Article_0037	external	109
Article_0408	Article_0024	link	146
Article_0818	Russia	link	165
Article_2300	India	link	338
Article_0377	Article_0014	link	207
Article_2262	Article_1164	link	229
Article_3499	Article_0351	link	144
other-search	Article_0506	other	75
Article_0613	Article_1136	link	476
other-internal	Article_0180	external	365
Article_3191	Article_0883	link	447
Article_3210	Article_0014	link	396
other-search	Article_2294	other	200
Article_3036	Article_3282	link	70
Article_2083	United_Kingdom	link	117
Article_2371	Article_0058	link	310
Article_0095	Article_0339	link	469
other-internal	Article_0161	external	53
Article_0964	Article_0129	link	444
other-internal	Article_0014	external	278
Article_2757	Article_1688	link	202
Article_2650	Article_3176	link	476
Article_0015	Article_0039	link	22
Article_2702	Article_0155	link	488
Article_0972	Article_0045	link	438
Article_2584	Article_0015	link	154
Article_3069	YouTube	link	257
Article_2809	Article_0223	link	139
Article_3399	Article_0123	link	448
Article_1146	United_States	link	244
Article_2464	Article_0594	link	40
Article_3310	India	link	414
Article_3681	Canada	link	298
other-internal	United_States	external	395
other-internal	India	external	183
Article_0029	United_States	link	162
Article_1297	Article_0034	link	340
Article_0194	Article_0030	link	421
Article_3220	India	link	66
Article_3954	Article_0503	link	37
other-internal	Article_0011	external	324
Article_1905	Article_1355	link	33
Article_2981	Article_0011	link	337
other-internal	France	external	292
Article_0906	Article_0411	link	388
Article_2294	Article_1940	link	408
other-internal	Article_2345	external	87
other-internal	United_States	external	190
other-internal	India	external	366
Article_1072	Article_0019	link	246
Article_2934	Article_0058	link	135
Article_2155	Article_0037	link	55
other-internal	Article_0744	external	48
Article_1156	Article_0016	link	456
Article_0730	Article_0016	link	88
other-internal	United_States	external	310
Article_0599	India	link	411
Article_1730	Article_0024	link	284
Article_1721	United_Kingdom	link	265
Article_3164	Article_0417	link	242
Article_2212	Article_0368	link	461
Article_3673	Article_0154	link	359
other-internal	Canada	external	24
Article_0613	Article_0906	link	95
Article_3750	Article_0012	link	135
other-internal	India	external	45
Article_0138	Article_0707	link	213
Article_3860	World_War_II	link	179
Article_0697	Article_0033	link	69
Article_2547	Article_0026	link	418
Article_1626	Article_0191	link	244
other-internal	Article_0023	external	359
Article_0949	Article_0016	link	328
Article_3808	Article_0109	link	270
Article_3805	Article_1280	link	31
Article_3795	World_War_II	link	228
Article_2340	Article_0014	link	253
other-internal	Article_0077	external	361
other-internal	Article_1495	external	174
Article_2381	Article_0082	link	283
Article_3986	United_States	link	249
other-internal	Article_0995	external	220
Article_1794	Article_0154	link	377
other-internal	Article_0056	external	313
Article_0800	Article_3180	link	375
other-internal	Article_0456	external	17
Article_2213	Article_1567	link	449
Article_3952	Article_0778	link	31
Article_0484	Article_0951	link	274
Article_3928	Article_0356	link	117
Article_0100	Article_1178	link	190
Article_1078	Article_0193	link	62
other-internal	India	external	289
other-internal	India	external	152
Article_2484	Article_0484	link	389
other-internal	Article_1786	external	289
other-internal	United_States	external	98
Article_2089	World_War_II	link	345
Article_2704	United_States	link	87
Article_1200	Article_0027	link	197
other-search	Article_3316	other	116
Article_0619	Article_0214	link	389
Article_1617	United_States	link	37
other-internal	Article_0313	external	301
other-internal	Article_0013	external	338
other-search	Article_0032	other	382
Article_0364	Article_0260	link	253
Article_2355	Article_0163	link	392
other-search	Article_0293	other	295
Article_3902	Article_0019	link	313
Article_0615	Article_0166	link	203
Article_3123	Article_2943	link	242
other-internal	China	external	341
Article_3758	Article_0026	link	57
other-search	Article_0568	other	170
Article_1899	Article_0292	link	73
other-internal	Article_0537	external	85
Article_1931	Article_0502	link	38
Article_2183	Article_3141	link	490
Article_0597	China	link	365
Article_2073	Article_0038	link	282
Article_3865	YouTube	link	52
Article_0523	Article_1486	link	123
other-internal	Canada	external	132
other-internal	United_States	external	337
Article_0744	Article_0060	link	210
other-internal	Canada	external	195
other-internal	Article_0548	external	298
Article_0558	Article_0055	link	270
Article_3737	Article_0013	link	72
Article_0027	Article_0896	link	460
Article_2167	Article_0015	link	170
Article_3982	Article_0157	link	107
Article_2008	Article_0067	link	327
other-internal	Article_0160	external	206
other-internal	India	external	89
other-internal	Article_0063	external	297
Article_0148	Article_0017	link	222
other-internal	Article_0017	external	394
Article_0400	United_States	link	422
other-internal	Article_0041	external	282
Article_3688	Article_0068	link	220
Article_3073	Article_0106	link	381
Article_0845	Article_0569	link	498
Article_2944	Article_0335	link	203
other-internal	Article_3256	external	95
Article_1075	Article_3309	link	443
Article_0328	Article_0383	link	195
Article_0242	Article_0433	link	210
Article_0691	Article_0010	link	306
Article_1893	Article_0685	link	100
other-internal	Article_0010	external	118
other-internal	Article_2969	external	132
other-internal	Article_0307	external	213
other-internal	YouTube	external	328
other-internal	Article_1922	external	323
other-search	Article_0014	other	387
Article_0128	United_States	link	464
other-internal	Article_0443	external	348
other-internal	Article_0161	external	118
other-internal	Article_0111	external	127
Article_1132	Article_0039	link	399
other-internal	Article_2500	external	13
other-internal	United_States	external	11
Article_3509	Article_0130	link	79
other-internal	Article_0025	external	282
other-internal	Article_1550	external	276
other-internal	Article_0016	external	364
Article_0342	Article_0011	link	438
Article_1178	Article_0133	link	427
other-internal	Article_0303	external	293
other-internal	Article_0110	external	341
Article_2330	Article_1555	link	417
Article_1218	United_States	link	363
other-internal	China	external	299
Article_2661	Article_1174	link	408
Article_3185	Article_0018	link	284
other-internal	United_States	external	195
other-internal	India	external	20
other-search	Article_0035	other	154
Article_1266	Article_0038	link	470
other-search	Article_0608	other	304
other-internal	Article_1139	external	134
other-internal	Article_3448	external	129
Article_1917	Article_1631	link	269
other-search	Article_0112	other	204
Article_2483	Article_1527	link	32
Article_2446	Article_2813	link	297
Article_0179	Article_0641	link	58
Article_3218	Article_0766	link	312
Article_0325	Canada	link	337
other-internal	Article_2180	external	352
Article_3266	YouTube	link	405
Article_1173	Article_0021	link	422
Article_0726	Article_0014	link	26
Article_2171	Article_0425	link	285
Article_0734	Article_0444	link	379
Article_0043	Article_1970	link	44
other-internal	Article_0403	external	104
Article_2037	Article_0028	link	334
Article_1644	United_States	link	368
other-internal	Article_3507	external	62
other-internal	World_War_II	external	323
Article_2288	Article_0061	link	130
Article_3870	Article_2396	link	120
Article_0682	Article_0017	link	443
Article_3115	Article_2535	link	487
Article_2734	Article_0149	link	151
France	Article_0283	link	299
Article_1491	Article_2689	link	285
Article_2909	Article_0108	link	456
Article_1797	Article_0027	link	35
Article_2532	Article_3748	link	333
Article_0269	Article_0026	link	20
Article_2007	United_States	link	168
Article_2641	Article_3663	link	499
other-search	Article_1600	other	206
Article_2682	Article_0012	link	31
other-internal	Article_0244	external	359
Article_2164	Article_0627	link	424
Article_0030	Article_0167	link	469
Article_3645	Article_1043	link	454
Article_2216	Article_3596	link	89
Article_1282	Article_0043	link	49
Article_1511	United_States	link	406
Article_3753	Article_0066	link	226
Article_0351	YouTube	link	355
Article_2397	Article_0326	link	55
other-internal	Article_0114	external	64
Article_1989	Article_2616	link	103
other-internal	Article_0396	external	272
other-internal	Article_0030	external	256
other-internal	Article_0027	external	263
other-internal	Article_0083	external	248
Article_3110	Article_0386	link	77
other-internal	Germany	external	348
Article_0687	United_States	link	32
Article_0442	United_States	link	228
Article_1331	Article_1973	link	367
Article_3521	United_Kingdom	link	273
Article_2102	India	link	422
other-internal	Article_2438	external	394
Article_0562	Article_0034	link	354
Article_0114	Article_0738	link	344
Article_1046	Article_0213	link	375
Article_0433	Article_0035	link	469
Article_2838	Article_0024	link	326
Article_3306	Article_0860	link	345
Article_1137	Article_0935	link	294
other-internal	Article_0425	external	316
other-internal	Article_0057	external	377
Article_1621	Article_0244	link	371
Article_2796	Article_0789	link	447
Article_1890	Article_0061	link	499
Article_1773	World_War_II	link	384
other-internal	Article_2202	external	122
Article_2515	Article_0691	link	50
other-internal	United_Kingdom	external	369
Article_3211	Article_1428	link	73
other-internal	Article_0229	external	313
other-internal	Article_0807	external	269
other-internal	Article_2616	external	329
Article_3532	United_Kingdom	link	164
other-search	Article_0298	other	225
other-internal	United_States	external	133
Article_0854	Article_0309	link	198
Article_3654	China	link	268
Article_2018	India	link	107
Article_3871	India	link	402
other-internal	Article_0059	external	390
Article_1542	Article_0780	link	360
other-internal	Article_0435	external	305
other-internal	United_States	external	138
Article_0143	YouTube	link	319
Article_0123	United_Kingdom	link	249
Article_0290	France	link	21
Article_2059	Article_0473	link	265
Article_0141	United_States	link	275
other-internal	Article_0460	external	79
Article_2224	Article_0090	link	490
Article_1450	United_States	link	221
other-internal	Article_2863	external	84
other-internal	Article_1049	external	12
Article_3645	Article_0101	link	468
Article_2373	Article_0258	link	105
Article_1686	Article_1412	link	157
other-internal	Article_3836	external	213
Article_2490	United_States	link	304
other-internal	Germany	external	193
Article_2550	Article_0279	link	149
Article_1651	World_War_II	link	256
Article_1475	Article_0971	link	138
Article_0396	Article_0012	link	221
Article_2155	United_States	link	477
other-internal	India	external	267
Article_0878	Article_0430	link	184
Article_1957	Article_0019	link	418
other-internal	World_War_II	external	183
other-internal	Article_0088	external	322
Article_0338	Article_2464	link	183
Article_1041	Article_2839	link	131
other-internal	Article_0846	external	155
Article_2205	Article_0130	link	259
Article_3414	China	link	218
other-internal	Article_0552	external	171
Article_2766	Article_0026	link	420
Article_0093	World_War_II	link	458
Article_3708	Article_0050	link	459
Article_0981	Article_0154	link	448
Article_2175	Article_0216	link	118
Article_0528	Article_0076	link	187
Article_1833	Article_0505	link	87
other-internal	YouTube	external	82
Article_0680	Article_0013	link	439
Article_2143	World_War_II	link	332
Article_0719	Article_2052	link	255
other-internal	Article_3368	external	243
Article_0134	YouTube	link	421
Article_2215	Article_0249	link	182
Article_0581	Article_0092	link	494
Article_3477	United_States	link	84
Article_1495	Article_3818	link	306
other-internal	Article_0048	external	159
Article_0460	United_States	link	113
Article_2291	Article_0176	link	11
Article_0724	Article_0073	link	112
Article_2668	Article_2436	link	90
other-internal	France	external	321
other-internal	Article_0755	external	101
other-internal	Article_0103	external	350
other-internal	Article_1064	external	238
other-search	Article_1008	other	342
Article_1218	Article_0430	link	361
Article_3317	Article_0665	link	196
Article_2129	Article_0042	link	165
other-internal	Canada	external	377
Article_3450	Article_0020	link	188
Article_1044	India	link	260
Article_2224	Article_0030	link	79
Article_1479	Article_0044	link	26
Article_0310	Article_0075	link	403
Article_2236	Article_0021	link	287
Article_2183	Article_0135	link	470
Article_0684	Article_0027	link	311
Article_0844	Russia	link	193
Article_1883	Article_0010	link	311
Article_0907	China	link	154
Article_0511	Article_0031	link	74
other-internal	Article_0063	external	193
Article_2411	Article_0011	link	147
other-internal	YouTube	external	254
other-internal	Article_0365	external	155
Article_2703	United_Kingdom	link	120
Article_3138	Article_1328	link	401
Article_0141	Article_0027	link	142
other-internal	Article_3262	external	387
Article_3602	Article_0046	link	45
Article_3748	Article_0044	link	467
other-internal	Article_0056	external	369
Article_2755	Article_0050	link	336
Article_0153	Article_0065	link	408
Article_2987	Article_0021	link	293
other-internal	Article_0762	external	352
Article_0745	YouTube	link	488
Article_2606	Article_0368	link	220
Article_2910	Article_0054	link	225
Article_1594	Article_0105	link	228
Article_3443	Article_0277	link	232
Article_2766	Article_0575	link	405
Article_3299	Article_0411	link	151
other-search	Article_1073	other	206
Article_3528	Article_0110	link	297
other-internal	Article_0737	external	358
other-search	Article_0037	other	287
Article_1843	United_Kingdom	link	430
other-internal	Article_0192	external	261
Article_1328	Article_0166	link	357
Article_3964	Article_2377	link	189
Article_3256	Article_0063	link	371
other-internal	Article_0079	external	171
Article_1810	Article_0975	link	170
Article_3819	Article_1443	link	356
Article_1114	United_States	link	148
Article_2082	Article_0093	link	189
Article_1168	United_States	link	383
Article_2989	YouTube	link	466
other-internal	Article_0905	external	291
other-internal	United_States	external	358
other-search	Article_0261	other	282
Article_1259	Article_1573	link	260
Article_0986	Article_0040	link	270
Article_2470	Article_2678	link	250
other-search	Article_0168	other	330
Article_1751	Article_0561	link	23
Article_0588	India	link	356
Article_3501	Article_0037	link	260
Article_1978	Article_0840	link	178
other-internal	Article_0164	external	94
Article_0583	Article_0100	link	289
Article_2583	Article_0156	link	328
Article_3616	World_War_II	link	102
Article_3207	United_States	link	83
Article_0979	Article_0923	link	49
Article_3402	Article_0633	link	16
Article_1113	Article_1681	link	149
Article_3658	Article_2425	link	337
Article_1659	Article_0670	link	273
other-internal	Article_0021	external	315
Article_2137	Article_0310	link	295
other-internal	Article_0027	external	171
other-internal	Article_2336	external	366
Article_2033	Article_1983	link	69
other-internal	Article_3124	external	361
other-search	Article_0059	other	282
other-internal	Article_3159	external	229
other-internal	Germany	external	279
Article_3696	Article_0025	link	276
Article_2276	Article_0011	link	211
other-internal	Article_0390	external	29
Article_1628	Article_0048	link	184
other-internal	Article_0011	external	224
other-internal	Article_0069	external	146
other-internal	United_States	external	252
other-internal	Article_0045	external	38
Article_2658	Article_0178	link	92
Article_3625	Article_0088	link	110
Article_0505	Russia	link	68
Article_0216	United_Kingdom	link	392
other-internal	YouTube	external	294
Article_3694	Article_1353	link	319
other-internal	Article_3597	external	88
Article_0785	Article_1507	link	449
Article_0330	Article_3797	link	375
Article_2274	Article_0745	link	63
Article_1558	Article_0014	link	244
Article_2040	Article_0213	link	251
Article_0454	Article_0287	link	292
other-internal	Article_0276	external	293
Article_0852	Article_1460	link	333
Article_3928	Article_0022	link	33
other-search	Article_0249	other	296
other-search	Article_0029	other	118
other-internal	Russia	external	111
other-internal	Article_0384	external	30
Article_2660	Article_2376	link	451
Article_0491	Article_1524	link	366
other-internal	United_States	external	39
Article_0968	Article_0015	link	442
other-internal	Article_0058	external	20
Article_3863	Article_0104	link	378
Article_1155	India	link	235
Article_1404	Russia	link	196
Article_1221	Article_0401	link	252
Article_0032	Article_0022	link	385
other-internal	Article_0030	external	212
Article_1492	India	link	260
Article_3598	Article_0682	link	430
Article_0145	United_States	link	142
other-internal	India	external	268
other-internal	United_States	external	209
Article_1240	Article_1273	link	236
other-internal	Article_0972	external	296
Article_1054	World_War_II	link	55
other-internal	Article_0356	external	205
Article_3438	Article_0202	link	104
other-internal	Article_0152	external	59
other-search	Article_1836	other	98
other-internal	Article_0028	external	68
Article_3745	Article_0478	link	374
Article_2886	Article_0015	link	146
Article_0485	Article_0102	link	459
Article_1058	Article_0799	link	102
Article_3425	World_War_II	link	27
other-internal	World_War_II	external	66
Article_2134	Article_0162	link	123
Article_2661	Article_0101	link	41
other-internal	Article_0045	external	143
Article_1977	Article_0078	link	338
other-internal	China	external	226
Article_2397	India	link	161
Article_1751	Article_0120	link	282
Article_2070	France	link	169
Article_0217	United_States	link	180
Article_1732	Article_3660	link	174
Article_1586	India	link	56
Article_3545	Article_0179	link	170
Article_1131	Article_3450	link	402
other-internal	Article_1506	external	292
Article_0827	World_War_II	link	91
other-internal	United_States	external	139
Article_0114	Article_0021	link	468
Article_0170	Article_0598	link	347
Article_1058	United_States	link	85
other-search	Article_0200	other	255
other-internal	Article_0397	external	228
Article_1270	Article_0011	link	466
Article_2861	Article_0245	link	152
other-internal	United_Kingdom	external	360
Article_3869	Article_0125	link	277
other-internal	Article_0115	external	292
other-internal	United_States	external	394
Article_1188	Article_3585	link	423
other-internal	Article_0058	external	132
Article_3799	Article_0036	link	191
other-internal	India	external	288
Article_1231	Article_0184	link	127
Article_0213	Russia	link	223
Article_1022	Article_3225	link	158
Article_1387	Article_1247	link	171
Article_1294	Article_0038	link	83
other-internal	Article_0135	external	168
Article_0690	Article_1006	link	17
Article_3282	India	link	361
Article_3781	India	link	57
Article_3234	Article_0786	link	134
other-internal	Article_0094	external	218
Article_0704	World_War_II	link	387
Article_2709	Article_0017	link	242
other-internal	Article_2581	external	106
Article_3545	Article_0029	link	10
Article_1455	United_States	link	477
Article_3896	Russia	link	187
Article_1627	Article_0434	link	464
other-internal	Article_0654	external	94
Article_3178	World_War_II	link	47
Article_0963	Article_2348	link	375
other-internal	Article_1025	external	86
Article_0689	Article_0604	link	429
other-internal	Article_0017	external	336
Article_2809	Article_0040	link	383
other-internal	Article_2778	external	248
Article_3906	Article_0013	link	227
Article_0016	Article_0148	link	299
other-internal	Article_0076	external	153
other-search	Article_3078	other	235
Article_3929	Article_1241	link	27
Article_1671	Article_0521	link	340
Article_2752	Article_0258	link	446
Article_1602	Article_0033	link	82
Article_3839	Article_0142	link	421
Article_1868	Article_2841	link	199
Article_0821	Article_0386	link	25
Article_1817	Article_1099	link	479
Article_0653	India	link	221
Article_2978	Article_0543	link	65
Article_2854	United_Kingdom	link	248
other-internal	United_States	external	366
Article_3655	Article_0690	link	214
Article_2813	Article_0522	link	194
other-internal	Article_0155	external	172
other-internal	China	external	255
Article_1576	Article_0126	link	236
Article_2133	Article_0828	link	216
Article_3856	Article_0826	link	371
Article_2293	Article_0520	link	332
Article_0217	Article_3845	link	380
Article_0224	Article_0019	link	404
Article_2899	Article_0129	link	141
other-internal	Article_0113	external	128
other-internal	Article_0194	external	131
Article_1634	Article_0011	link	164
Article_1868	Article_0024	link	29
Article_3275	Article_0735	link	368
Article_1968	Article_2171	link	207
Article_1590	Article_3741	link	401
other-internal	Article_0418	external	334
Article_1838	Article_0262	link	375
other-internal	India	external	89
Article_2689	Article_0131	link	275
other-internal	China	external	42
other-internal	Article_0026	external	112
other-internal	Article_0268	external	142
Article_1835	Article_0127	link	233
Article_2901	Article_0409	link	434
Article_1363	Article_2678	link	418
Article_2991	Article_1402	link	478
other-internal	Article_2592	external	124
Article_2148	Article_0285	link	333
other-internal	Article_2859	external	371
Article_0736	World_War_II	link	448
other-internal	Article_0012	external	22
Article_2433	Article_1747	link	149
other-internal	Article_2580	external	390
Article_0210	China	link	363
other-search	World_War_II	other	61
other-internal	Article_1903	external	135
Article_1192	Article_0868	link	99
Article_2953	Article_0070	link	222
other-internal	Article_2856	external	384
Article_1680	Germany	link	261
Article_0183	United_States	link	314
other-internal	Article_0293	external	319
Article_1314	Article_2104	link	183
other-search	Article_2053	other	58
Article_3899	Article_0176	link	114
Article_2177	Article_1727	link	491
Article_2796	United_States	link	428
Article_0821	Article_0719	link	54
Article_1175	Article_0867	link	368
Article_0697	Article_0338	link	354
Article_2549	India	link	338
Article_3938	Article_0215	link	56
Article_3912	Article_1006	link	57
Article_3806	Article_0941	link	198
Article_3972	India	link	137
Article_0923	Article_0393	link	110
Article_0989	Article_2366	link	49
Article_3868	Article_1358	link	324
Article_2972	Article_0958	link	22
other-internal	Article_1377	external	221
Article_2836	United_States	link	148
Article_2073	Article_0085	link	396
other-internal	YouTube	external	198
Article_1212	Article_0020	link	461
Article_3070	Article_0982	link	241
other-search	World_War_II	other	100
Article_1704	Article_0053	link	114
Article_0560	Article_0503	link	28
Article_0197	Article_3825	link	325
other-internal	Article_0140	external	159
Article_2969	Article_0322	link	333
Article_0815	Article_3331	link	239
other-internal	Article_0247	external	106
Article_1233	Article_2235	link	185
other-internal	Article_0046	external	175
India	Article_0011	link	257
Article_0825	Article_0432	link	111
Article_0417	Article_0158	link	73
other-internal	Germany	external	284
Article_2775	Article_0177	link	260
Article_0883	Article_3976	link	478
Article_1323	World_War_II	link	151
Article_3604	Article_0167	link	35
Article_1713	United_States	link	452
Article_0537	Article_0215	link	379
Article_1553	Article_0034	link	497
Article_0496	Article_0224	link	317
Article_3273	Germany	link	197
other-internal	Article_0420	external	281
Article_3921	Article_0332	link	481
Article_0833	Article_1780	link	255
Article_3220	Article_0130	link	91
Article_3263	Article_0039	link	189
Article_3255	Article_1331	link	170
Article_3207	Article_0078	link	277
other-internal	United_States	external	268
other-internal	Article_0231	external	314
Article_3733	Article_0693	link	113
Article_0430	Article_1279	link	28
other-internal	World_War_II	external	148
other-internal	Article_1866	external	87
other-internal	Article_0071	external	203
other-internal	Article_1067	external	73
other-internal	Article_1881	external	278
Article_1011	Article_0615	link	223
Article_2607	India	link	116
other-internal	Article_2529	external	292
other-internal	China	external	124
Article_3014	United_States	link	211
other-internal	Article_0123	external	100
Article_3425	Article_0083	link	57
Article_1183	Article_0148	link	242
Article_0034	Article_0432	link	57
Article_2314	Article_0077	link	430
Article_2160	Article_0095	link	317
Article_1486	Article_0993	link	257
other-internal	Article_1504	external	297
Article_3946	World_War_II	link	235
Article_0097	Article_0015	link	159
Article_1921	Article_0074	link	480
other-internal	United_Kingdom	external	262
Article_1908	United_Kingdom	link	467
Article_1234	Article_1195	link	451
Article_1436	United_States	link	211
Article_0672	Article_0168	link	198
Article_1230	Article_0018	link	26
Article_1900	United_States	link	194
Article_3106	Germany	link	160
other-internal	Article_0115	external	17
Article_2927	Article_1885	link	396
Article_3393	Article_2547	link	64
other-internal	Article_0024	external	11
Article_2285	Article_0080	link	364
other-search	Article_0176	other	283
Article_3519	Canada	link	312
Article_1111	Article_0185	link	96
Article_2282	Article_0615	link	403
other-internal	United_States	external	146
Article_3284	Article_1048	link	162
Article_3671	Article_0025	link	21
Article_1358	United_States	link	273
Article_0654	Article_0012	link	292
other-search	Article_1270	other	95
Article_3196	World_War_II	link	42
Article_3255	China	link	25
Article_2032	Article_0184	link	409
Article_1042	Article_2901	link	136
Article_2356	Article_0035	link	485
Article_1800	Article_0710	link	467
Article_0471	Article_0010	link	77
other-internal	Article_0198	external	319
Article_0939	United_States	link	36
other-internal	Article_0109	external	97
Article_1372	Article_0327	link	445
Article_2898	Article_0010	link	143
Article_3770	India	link	18
Article_0180	World_War_II	link	398
Article_2833	Article_0428	link	467
other-internal	Canada	external	383
Article_3153	Article_0267	link	158
other-internal	Article_0032	external	112
Article_2333	United_States	link	262
Article_3644	Germany	link	380
other-internal	Article_0345	external	305
other-search	Article_0016	other	87
other-internal	United_States	external	227
Article_2532	Article_0477	link	165
other-search	Article_1134	other	276
other-internal	Article_0018	external	341
Article_0484	Article_0234	link	417
Article_0516	Article_1761	link	165
other-internal	Article_0021	external	376
other-search	Article_0695	other	111
Article_3868	United_States	link	13
Article_2221	Article_0144	link	141
Article_0755	Article_0106	link	132
Article_0549	Article_0067	link	263
Article_3727	Article_0037	link	260
other-internal	United_States	external	210
other-internal	Article_0404	external	90
other-internal	Article_0019	external	180
Article_2859	Article_0139	link	378
other-internal	Article_1666	external	78
Article_2776	United_States	link	234
Article_2565	Article_0013	link	63
other-internal	World_War_II	external	23
other-internal	Article_0712	external	308
Article_0622	Russia	link	134
other-internal	United_States	external	116
Article_0306	Article_0124	link	321
Article_3445	Article_0030	link	165
Article_3979	Article_0086	link	388
Article_1241	Article_0146	link	260
Article_2792	Article_0880	link	41
Article_1347	Article_1166	link	222
Article_3417	United_States	link	56
other-internal	Article_2965	external	259
Article_0946	Article_0010	link	185
Article_0588	Article_1972	link	448
other-internal	United_States	external	71
Article_2359	Article_0066	link	72
Article_3668	India	link	26
other-internal	Article_0063	external	294
Article_2803	Article_0276	link	356
other-internal	Article_0241	external	191
other-internal	Article_1749	external	352
Article_2450	Article_0105	link	363
other-internal	Article_0435	external	42
Article_0662	Article_0077	link	141
Article_2005	China	link	115
other-search	Article_0380	other	81
Article_1464	Canada	link	117
Article_2039	Article_1578	link	317
Article_2446	Article_3046	link	334
Article_2951	Article_3223	link	100
Article_3702	India	link	81
other-search	Article_0127	other	377
Article_3802	Article_0260	link	391
Article_2568	Article_0223	link	127
Article_3496	United_States	link	103
other-internal	Article_3152	external	126
other-internal	United_States	external	221
other-search	Article_0611	other	190
Article_1686	United_Kingdom	link	447
other-search	Article_0018	other	317
Article_0476	Article_0906	link	91
other-internal	Article_2246	external	380
Article_0502	Article_0041	link	228
other-internal	Article_0087	external	258
other-search	Canada	other	204
Article_0783	Article_1561	link	450
Article_3038	Article_1466	link	246
Article_1529	Article_0135	link	67
other-internal	Article_0138	external	222
other-internal	Article_0312	external	81
other-internal	Article_0402	external	105
Article_0828	Article_0083	link	160
Article_1471	Article_3581	link	179
other-internal	Article_0522	external	73
other-internal	Article_0293	external	284
Article_2521	United_States	link	139
other-search	YouTube	other	237
Article_0943	Article_0260	link	156
other-internal	China	external	106
Article_1176	Article_0034	link	163
Article_3426	Article_0032	link	388
Article_2369	Article_0052	link	168
Article_1076	Article_0209	link	373
other-internal	India	external	68
Article_0362	Article_0040	link	98
Article_1822	World_War_II	link	477
Article_0388	Article_1535	link	302
Article_3244	United_States	link	215
other-search	Article_2598	other	369
other-search	Article_0195	other	394
Article_0492	Article_2889	link	159
other-internal	United_States	external	134
other-internal	Article_0546	external	19
other-internal	Article_1345	external	186
Article_1839	Article_0306	link	324
Article_0997	Article_1665	link	40
other-internal	Article_0075	external	345
Article_0473	United_Kingdom	link	73
Article_3470	Article_0165	link	358
other-internal	Article_0517	external	241
Article_0733	Article_0022	link	165
Article_1978	Article_1469	link	236
Article_0556	Article_3953	link	195
Article_3418	Article_0410	link	68
Article_3544	Article_0041	link	494
Article_0697	Article_0984	link	494
Article_0293	United_States	link	23
Article_1768	Article_0400	link	466
other-search	India	other	249
Article_0464	Article_3685	link	27
other-internal	Article_0034	external	48
Article_2985	Article_0072	link	28
Article_0758	Article_0150	link	261
other-internal	Article_0440	external	18
Article_0581	Article_0239	link	261
Article_0377	Article_0420	link	255
other-internal	World_War_II	external	214
Article_3227	Article_0041	link	17
Article_1230	Article_0026	link	323
Article_2643	Article_1189	link	446
